Date,Content,Video title,Video publish time,Duration,Average view duration
2023-06-24,0NMT9nrJzuI,Fake family vlogs @souravjvlogs 💀 #roast #shorts,"Apr 26, 2024",43,0:00:00
2023-06-25,0NMT9nrJzuI,Fake family vlogs @souravjvlogs 💀 #roast #shorts,"Apr 26, 2024",43,0:00:00
2023-06-26,0NMT9nrJzuI,Fake family vlogs @souravjvlogs 💀 #roast #shorts,"Apr 26, 2024",43,0:00:00
2023-06-27,0NMT9nrJzuI,Fake family vlogs @souravjvlogs 💀 #roast #shorts,"Apr 26, 2024",43,0:00:00
2023-06-28,0NMT9nrJzuI,Fake family vlogs @souravjvlogs 💀 #roast #shorts,"Apr 26, 2024",43,0:00:00
2023-06-29,0NMT9nrJzuI,Fake family vlogs @souravjvlogs 💀 #roast #shorts,"Apr 26, 2024",43,0:00:00
2023-06-30,0NMT9nrJzuI,Fake family vlogs @souravjvlogs 💀 #roast #shorts,"Apr 26, 2024",43,0:00:00
2023-07-01,0NMT9nrJzuI,Fake family vlogs @souravjvlogs 💀 #roast #shorts,"Apr 26, 2024",43,0:00:00
2023-07-02,0NMT9nrJzuI,Fake family vlogs @souravjvlogs 💀 #roast #shorts,"Apr 26, 2024",43,0:00:00
2023-07-03,0NMT9nrJzuI,Fake family vlogs @souravjvlogs 💀 #roast #shorts,"Apr 26, 2024",43,0:00:00
2023-07-04,0NMT9nrJzuI,Fake family vlogs @souravjvlogs 💀 #roast #shorts,"Apr 26, 2024",43,0:00:00
2023-07-05,0NMT9nrJzuI,Fake family vlogs @souravjvlogs 💀 #roast #shorts,"Apr 26, 2024",43,0:00:00
2023-07-06,0NMT9nrJzuI,Fake family vlogs @souravjvlogs 💀 #roast #shorts,"Apr 26, 2024",43,0:00:00
2023-07-07,0NMT9nrJzuI,Fake family vlogs @souravjvlogs 💀 #roast #shorts,"Apr 26, 2024",43,0:00:00
2023-07-08,0NMT9nrJzuI,Fake family vlogs @souravjvlogs 💀 #roast #shorts,"Apr 26, 2024",43,0:00:00
2023-07-09,0NMT9nrJzuI,Fake family vlogs @souravjvlogs 💀 #roast #shorts,"Apr 26, 2024",43,0:00:00
2023-07-10,0NMT9nrJzuI,Fake family vlogs @souravjvlogs 💀 #roast #shorts,"Apr 26, 2024",43,0:00:00
2023-07-11,0NMT9nrJzuI,Fake family vlogs @souravjvlogs 💀 #roast #shorts,"Apr 26, 2024",43,0:00:00
2023-07-12,0NMT9nrJzuI,Fake family vlogs @souravjvlogs 💀 #roast #shorts,"Apr 26, 2024",43,0:00:00
2023-07-13,0NMT9nrJzuI,Fake family vlogs @souravjvlogs 💀 #roast #shorts,"Apr 26, 2024",43,0:00:00
2023-07-14,0NMT9nrJzuI,Fake family vlogs @souravjvlogs 💀 #roast #shorts,"Apr 26, 2024",43,0:00:00
2023-07-15,0NMT9nrJzuI,Fake family vlogs @souravjvlogs 💀 #roast #shorts,"Apr 26, 2024",43,0:00:00
2023-07-16,0NMT9nrJzuI,Fake family vlogs @souravjvlogs 💀 #roast #shorts,"Apr 26, 2024",43,0:00:00
2023-07-17,0NMT9nrJzuI,Fake family vlogs @souravjvlogs 💀 #roast #shorts,"Apr 26, 2024",43,0:00:00
2023-07-18,0NMT9nrJzuI,Fake family vlogs @souravjvlogs 💀 #roast #shorts,"Apr 26, 2024",43,0:00:00
2023-07-19,0NMT9nrJzuI,Fake family vlogs @souravjvlogs 💀 #roast #shorts,"Apr 26, 2024",43,0:00:00
2023-07-20,0NMT9nrJzuI,Fake family vlogs @souravjvlogs 💀 #roast #shorts,"Apr 26, 2024",43,0:00:00
2023-07-21,0NMT9nrJzuI,Fake family vlogs @souravjvlogs 💀 #roast #shorts,"Apr 26, 2024",43,0:00:00
2023-07-22,0NMT9nrJzuI,Fake family vlogs @souravjvlogs 💀 #roast #shorts,"Apr 26, 2024",43,0:00:00
2023-07-23,0NMT9nrJzuI,Fake family vlogs @souravjvlogs 💀 #roast #shorts,"Apr 26, 2024",43,0:00:00
2023-07-24,0NMT9nrJzuI,Fake family vlogs @souravjvlogs 💀 #roast #shorts,"Apr 26, 2024",43,0:00:00
2023-07-25,0NMT9nrJzuI,Fake family vlogs @souravjvlogs 💀 #roast #shorts,"Apr 26, 2024",43,0:00:00
2023-07-26,0NMT9nrJzuI,Fake family vlogs @souravjvlogs 💀 #roast #shorts,"Apr 26, 2024",43,0:00:00
2023-07-27,0NMT9nrJzuI,Fake family vlogs @souravjvlogs 💀 #roast #shorts,"Apr 26, 2024",43,0:00:00
2023-07-28,0NMT9nrJzuI,Fake family vlogs @souravjvlogs 💀 #roast #shorts,"Apr 26, 2024",43,0:00:00
2023-07-29,0NMT9nrJzuI,Fake family vlogs @souravjvlogs 💀 #roast #shorts,"Apr 26, 2024",43,0:00:00
2023-07-30,0NMT9nrJzuI,Fake family vlogs @souravjvlogs 💀 #roast #shorts,"Apr 26, 2024",43,0:00:00
2023-07-31,0NMT9nrJzuI,Fake family vlogs @souravjvlogs 💀 #roast #shorts,"Apr 26, 2024",43,0:00:00
2023-08-01,0NMT9nrJzuI,Fake family vlogs @souravjvlogs 💀 #roast #shorts,"Apr 26, 2024",43,0:00:00
2023-08-02,0NMT9nrJzuI,Fake family vlogs @souravjvlogs 💀 #roast #shorts,"Apr 26, 2024",43,0:00:00
2023-08-03,0NMT9nrJzuI,Fake family vlogs @souravjvlogs 💀 #roast #shorts,"Apr 26, 2024",43,0:00:00
2023-08-04,0NMT9nrJzuI,Fake family vlogs @souravjvlogs 💀 #roast #shorts,"Apr 26, 2024",43,0:00:00
2023-08-05,0NMT9nrJzuI,Fake family vlogs @souravjvlogs 💀 #roast #shorts,"Apr 26, 2024",43,0:00:00
2023-08-06,0NMT9nrJzuI,Fake family vlogs @souravjvlogs 💀 #roast #shorts,"Apr 26, 2024",43,0:00:00
2023-08-07,0NMT9nrJzuI,Fake family vlogs @souravjvlogs 💀 #roast #shorts,"Apr 26, 2024",43,0:00:00
2023-08-08,0NMT9nrJzuI,Fake family vlogs @souravjvlogs 💀 #roast #shorts,"Apr 26, 2024",43,0:00:00
2023-08-09,0NMT9nrJzuI,Fake family vlogs @souravjvlogs 💀 #roast #shorts,"Apr 26, 2024",43,0:00:00
2023-08-10,0NMT9nrJzuI,Fake family vlogs @souravjvlogs 💀 #roast #shorts,"Apr 26, 2024",43,0:00:00
2023-08-11,0NMT9nrJzuI,Fake family vlogs @souravjvlogs 💀 #roast #shorts,"Apr 26, 2024",43,0:00:00
2023-08-12,0NMT9nrJzuI,Fake family vlogs @souravjvlogs 💀 #roast #shorts,"Apr 26, 2024",43,0:00:00
2023-08-13,0NMT9nrJzuI,Fake family vlogs @souravjvlogs 💀 #roast #shorts,"Apr 26, 2024",43,0:00:00
2023-08-14,0NMT9nrJzuI,Fake family vlogs @souravjvlogs 💀 #roast #shorts,"Apr 26, 2024",43,0:00:00
2023-08-15,0NMT9nrJzuI,Fake family vlogs @souravjvlogs 💀 #roast #shorts,"Apr 26, 2024",43,0:00:00
2023-08-16,0NMT9nrJzuI,Fake family vlogs @souravjvlogs 💀 #roast #shorts,"Apr 26, 2024",43,0:00:00
2023-08-17,0NMT9nrJzuI,Fake family vlogs @souravjvlogs 💀 #roast #shorts,"Apr 26, 2024",43,0:00:00
2023-08-18,0NMT9nrJzuI,Fake family vlogs @souravjvlogs 💀 #roast #shorts,"Apr 26, 2024",43,0:00:00
2023-08-19,0NMT9nrJzuI,Fake family vlogs @souravjvlogs 💀 #roast #shorts,"Apr 26, 2024",43,0:00:00
2023-08-20,0NMT9nrJzuI,Fake family vlogs @souravjvlogs 💀 #roast #shorts,"Apr 26, 2024",43,0:00:00
2023-08-21,0NMT9nrJzuI,Fake family vlogs @souravjvlogs 💀 #roast #shorts,"Apr 26, 2024",43,0:00:00
2023-08-22,0NMT9nrJzuI,Fake family vlogs @souravjvlogs 💀 #roast #shorts,"Apr 26, 2024",43,0:00:00
2023-08-23,0NMT9nrJzuI,Fake family vlogs @souravjvlogs 💀 #roast #shorts,"Apr 26, 2024",43,0:00:00
2023-08-24,0NMT9nrJzuI,Fake family vlogs @souravjvlogs 💀 #roast #shorts,"Apr 26, 2024",43,0:00:00
2023-08-25,0NMT9nrJzuI,Fake family vlogs @souravjvlogs 💀 #roast #shorts,"Apr 26, 2024",43,0:00:00
2023-08-26,0NMT9nrJzuI,Fake family vlogs @souravjvlogs 💀 #roast #shorts,"Apr 26, 2024",43,0:00:00
2023-08-27,0NMT9nrJzuI,Fake family vlogs @souravjvlogs 💀 #roast #shorts,"Apr 26, 2024",43,0:00:00
2023-08-28,0NMT9nrJzuI,Fake family vlogs @souravjvlogs 💀 #roast #shorts,"Apr 26, 2024",43,0:00:00
2023-08-29,0NMT9nrJzuI,Fake family vlogs @souravjvlogs 💀 #roast #shorts,"Apr 26, 2024",43,0:00:00
2023-08-30,0NMT9nrJzuI,Fake family vlogs @souravjvlogs 💀 #roast #shorts,"Apr 26, 2024",43,0:00:00
2023-08-31,0NMT9nrJzuI,Fake family vlogs @souravjvlogs 💀 #roast #shorts,"Apr 26, 2024",43,0:00:00
2023-09-01,0NMT9nrJzuI,Fake family vlogs @souravjvlogs 💀 #roast #shorts,"Apr 26, 2024",43,0:00:00
2023-09-02,0NMT9nrJzuI,Fake family vlogs @souravjvlogs 💀 #roast #shorts,"Apr 26, 2024",43,0:00:00
2023-09-03,0NMT9nrJzuI,Fake family vlogs @souravjvlogs 💀 #roast #shorts,"Apr 26, 2024",43,0:00:00
2023-09-04,0NMT9nrJzuI,Fake family vlogs @souravjvlogs 💀 #roast #shorts,"Apr 26, 2024",43,0:00:00
2023-09-05,0NMT9nrJzuI,Fake family vlogs @souravjvlogs 💀 #roast #shorts,"Apr 26, 2024",43,0:00:00
2023-09-06,0NMT9nrJzuI,Fake family vlogs @souravjvlogs 💀 #roast #shorts,"Apr 26, 2024",43,0:00:00
2023-09-07,0NMT9nrJzuI,Fake family vlogs @souravjvlogs 💀 #roast #shorts,"Apr 26, 2024",43,0:00:00
2023-09-08,0NMT9nrJzuI,Fake family vlogs @souravjvlogs 💀 #roast #shorts,"Apr 26, 2024",43,0:00:00
2023-09-09,0NMT9nrJzuI,Fake family vlogs @souravjvlogs 💀 #roast #shorts,"Apr 26, 2024",43,0:00:00
2023-09-10,0NMT9nrJzuI,Fake family vlogs @souravjvlogs 💀 #roast #shorts,"Apr 26, 2024",43,0:00:00
2023-09-11,0NMT9nrJzuI,Fake family vlogs @souravjvlogs 💀 #roast #shorts,"Apr 26, 2024",43,0:00:00
2023-09-12,0NMT9nrJzuI,Fake family vlogs @souravjvlogs 💀 #roast #shorts,"Apr 26, 2024",43,0:00:00
2023-09-13,0NMT9nrJzuI,Fake family vlogs @souravjvlogs 💀 #roast #shorts,"Apr 26, 2024",43,0:00:00
2023-09-14,0NMT9nrJzuI,Fake family vlogs @souravjvlogs 💀 #roast #shorts,"Apr 26, 2024",43,0:00:00
2023-09-15,0NMT9nrJzuI,Fake family vlogs @souravjvlogs 💀 #roast #shorts,"Apr 26, 2024",43,0:00:00
2023-09-16,0NMT9nrJzuI,Fake family vlogs @souravjvlogs 💀 #roast #shorts,"Apr 26, 2024",43,0:00:00
2023-09-17,0NMT9nrJzuI,Fake family vlogs @souravjvlogs 💀 #roast #shorts,"Apr 26, 2024",43,0:00:00
2023-09-18,0NMT9nrJzuI,Fake family vlogs @souravjvlogs 💀 #roast #shorts,"Apr 26, 2024",43,0:00:00
2023-09-19,0NMT9nrJzuI,Fake family vlogs @souravjvlogs 💀 #roast #shorts,"Apr 26, 2024",43,0:00:00
2023-09-20,0NMT9nrJzuI,Fake family vlogs @souravjvlogs 💀 #roast #shorts,"Apr 26, 2024",43,0:00:00
2023-09-21,0NMT9nrJzuI,Fake family vlogs @souravjvlogs 💀 #roast #shorts,"Apr 26, 2024",43,0:00:00
2023-09-22,0NMT9nrJzuI,Fake family vlogs @souravjvlogs 💀 #roast #shorts,"Apr 26, 2024",43,0:00:00
2023-09-23,0NMT9nrJzuI,Fake family vlogs @souravjvlogs 💀 #roast #shorts,"Apr 26, 2024",43,0:00:00
2023-09-24,0NMT9nrJzuI,Fake family vlogs @souravjvlogs 💀 #roast #shorts,"Apr 26, 2024",43,0:00:00
2023-09-25,0NMT9nrJzuI,Fake family vlogs @souravjvlogs 💀 #roast #shorts,"Apr 26, 2024",43,0:00:00
2023-09-26,0NMT9nrJzuI,Fake family vlogs @souravjvlogs 💀 #roast #shorts,"Apr 26, 2024",43,0:00:00
2023-09-27,0NMT9nrJzuI,Fake family vlogs @souravjvlogs 💀 #roast #shorts,"Apr 26, 2024",43,0:00:00
2023-09-28,0NMT9nrJzuI,Fake family vlogs @souravjvlogs 💀 #roast #shorts,"Apr 26, 2024",43,0:00:00
2023-09-29,0NMT9nrJzuI,Fake family vlogs @souravjvlogs 💀 #roast #shorts,"Apr 26, 2024",43,0:00:00
2023-09-30,0NMT9nrJzuI,Fake family vlogs @souravjvlogs 💀 #roast #shorts,"Apr 26, 2024",43,0:00:00
2023-10-01,0NMT9nrJzuI,Fake family vlogs @souravjvlogs 💀 #roast #shorts,"Apr 26, 2024",43,0:00:00
2023-10-02,0NMT9nrJzuI,Fake family vlogs @souravjvlogs 💀 #roast #shorts,"Apr 26, 2024",43,0:00:00
2023-10-03,0NMT9nrJzuI,Fake family vlogs @souravjvlogs 💀 #roast #shorts,"Apr 26, 2024",43,0:00:00
2023-10-04,0NMT9nrJzuI,Fake family vlogs @souravjvlogs 💀 #roast #shorts,"Apr 26, 2024",43,0:00:00
2023-10-05,0NMT9nrJzuI,Fake family vlogs @souravjvlogs 💀 #roast #shorts,"Apr 26, 2024",43,0:00:00
2023-10-06,0NMT9nrJzuI,Fake family vlogs @souravjvlogs 💀 #roast #shorts,"Apr 26, 2024",43,0:00:00
2023-10-07,0NMT9nrJzuI,Fake family vlogs @souravjvlogs 💀 #roast #shorts,"Apr 26, 2024",43,0:00:00
2023-10-08,0NMT9nrJzuI,Fake family vlogs @souravjvlogs 💀 #roast #shorts,"Apr 26, 2024",43,0:00:00
2023-10-09,0NMT9nrJzuI,Fake family vlogs @souravjvlogs 💀 #roast #shorts,"Apr 26, 2024",43,0:00:00
2023-10-10,0NMT9nrJzuI,Fake family vlogs @souravjvlogs 💀 #roast #shorts,"Apr 26, 2024",43,0:00:00
2023-10-11,0NMT9nrJzuI,Fake family vlogs @souravjvlogs 💀 #roast #shorts,"Apr 26, 2024",43,0:00:00
2023-10-12,0NMT9nrJzuI,Fake family vlogs @souravjvlogs 💀 #roast #shorts,"Apr 26, 2024",43,0:00:00
2023-10-13,0NMT9nrJzuI,Fake family vlogs @souravjvlogs 💀 #roast #shorts,"Apr 26, 2024",43,0:00:00
2023-10-14,0NMT9nrJzuI,Fake family vlogs @souravjvlogs 💀 #roast #shorts,"Apr 26, 2024",43,0:00:00
2023-10-15,0NMT9nrJzuI,Fake family vlogs @souravjvlogs 💀 #roast #shorts,"Apr 26, 2024",43,0:00:00
2023-10-16,0NMT9nrJzuI,Fake family vlogs @souravjvlogs 💀 #roast #shorts,"Apr 26, 2024",43,0:00:00
2023-10-17,0NMT9nrJzuI,Fake family vlogs @souravjvlogs 💀 #roast #shorts,"Apr 26, 2024",43,0:00:00
2023-10-18,0NMT9nrJzuI,Fake family vlogs @souravjvlogs 💀 #roast #shorts,"Apr 26, 2024",43,0:00:00
2023-10-19,0NMT9nrJzuI,Fake family vlogs @souravjvlogs 💀 #roast #shorts,"Apr 26, 2024",43,0:00:00
2023-10-20,0NMT9nrJzuI,Fake family vlogs @souravjvlogs 💀 #roast #shorts,"Apr 26, 2024",43,0:00:00
2023-10-21,0NMT9nrJzuI,Fake family vlogs @souravjvlogs 💀 #roast #shorts,"Apr 26, 2024",43,0:00:00
2023-10-22,0NMT9nrJzuI,Fake family vlogs @souravjvlogs 💀 #roast #shorts,"Apr 26, 2024",43,0:00:00
2023-10-23,0NMT9nrJzuI,Fake family vlogs @souravjvlogs 💀 #roast #shorts,"Apr 26, 2024",43,0:00:00
2023-10-24,0NMT9nrJzuI,Fake family vlogs @souravjvlogs 💀 #roast #shorts,"Apr 26, 2024",43,0:00:00
2023-10-25,0NMT9nrJzuI,Fake family vlogs @souravjvlogs 💀 #roast #shorts,"Apr 26, 2024",43,0:00:00
2023-10-26,0NMT9nrJzuI,Fake family vlogs @souravjvlogs 💀 #roast #shorts,"Apr 26, 2024",43,0:00:00
2023-10-27,0NMT9nrJzuI,Fake family vlogs @souravjvlogs 💀 #roast #shorts,"Apr 26, 2024",43,0:00:00
2023-10-28,0NMT9nrJzuI,Fake family vlogs @souravjvlogs 💀 #roast #shorts,"Apr 26, 2024",43,0:00:00
2023-10-29,0NMT9nrJzuI,Fake family vlogs @souravjvlogs 💀 #roast #shorts,"Apr 26, 2024",43,0:00:00
2023-10-30,0NMT9nrJzuI,Fake family vlogs @souravjvlogs 💀 #roast #shorts,"Apr 26, 2024",43,0:00:00
2023-10-31,0NMT9nrJzuI,Fake family vlogs @souravjvlogs 💀 #roast #shorts,"Apr 26, 2024",43,0:00:00
2023-11-01,0NMT9nrJzuI,Fake family vlogs @souravjvlogs 💀 #roast #shorts,"Apr 26, 2024",43,0:00:00
2023-11-02,0NMT9nrJzuI,Fake family vlogs @souravjvlogs 💀 #roast #shorts,"Apr 26, 2024",43,0:00:00
2023-11-03,0NMT9nrJzuI,Fake family vlogs @souravjvlogs 💀 #roast #shorts,"Apr 26, 2024",43,0:00:00
2023-11-04,0NMT9nrJzuI,Fake family vlogs @souravjvlogs 💀 #roast #shorts,"Apr 26, 2024",43,0:00:00
2023-11-05,0NMT9nrJzuI,Fake family vlogs @souravjvlogs 💀 #roast #shorts,"Apr 26, 2024",43,0:00:00
2023-11-06,0NMT9nrJzuI,Fake family vlogs @souravjvlogs 💀 #roast #shorts,"Apr 26, 2024",43,0:00:00
2023-11-07,0NMT9nrJzuI,Fake family vlogs @souravjvlogs 💀 #roast #shorts,"Apr 26, 2024",43,0:00:00
2023-11-08,0NMT9nrJzuI,Fake family vlogs @souravjvlogs 💀 #roast #shorts,"Apr 26, 2024",43,0:00:00
2023-11-09,0NMT9nrJzuI,Fake family vlogs @souravjvlogs 💀 #roast #shorts,"Apr 26, 2024",43,0:00:00
2023-11-10,0NMT9nrJzuI,Fake family vlogs @souravjvlogs 💀 #roast #shorts,"Apr 26, 2024",43,0:00:00
2023-11-11,0NMT9nrJzuI,Fake family vlogs @souravjvlogs 💀 #roast #shorts,"Apr 26, 2024",43,0:00:00
2023-11-12,0NMT9nrJzuI,Fake family vlogs @souravjvlogs 💀 #roast #shorts,"Apr 26, 2024",43,0:00:00
2023-11-13,0NMT9nrJzuI,Fake family vlogs @souravjvlogs 💀 #roast #shorts,"Apr 26, 2024",43,0:00:00
2023-11-14,0NMT9nrJzuI,Fake family vlogs @souravjvlogs 💀 #roast #shorts,"Apr 26, 2024",43,0:00:00
2023-11-15,0NMT9nrJzuI,Fake family vlogs @souravjvlogs 💀 #roast #shorts,"Apr 26, 2024",43,0:00:00
2023-11-16,0NMT9nrJzuI,Fake family vlogs @souravjvlogs 💀 #roast #shorts,"Apr 26, 2024",43,0:00:00
2023-11-17,0NMT9nrJzuI,Fake family vlogs @souravjvlogs 💀 #roast #shorts,"Apr 26, 2024",43,0:00:00
2023-11-18,0NMT9nrJzuI,Fake family vlogs @souravjvlogs 💀 #roast #shorts,"Apr 26, 2024",43,0:00:00
2023-11-19,0NMT9nrJzuI,Fake family vlogs @souravjvlogs 💀 #roast #shorts,"Apr 26, 2024",43,0:00:00
2023-11-20,0NMT9nrJzuI,Fake family vlogs @souravjvlogs 💀 #roast #shorts,"Apr 26, 2024",43,0:00:00
2023-11-21,0NMT9nrJzuI,Fake family vlogs @souravjvlogs 💀 #roast #shorts,"Apr 26, 2024",43,0:00:00
2023-11-22,0NMT9nrJzuI,Fake family vlogs @souravjvlogs 💀 #roast #shorts,"Apr 26, 2024",43,0:00:00
2023-11-23,0NMT9nrJzuI,Fake family vlogs @souravjvlogs 💀 #roast #shorts,"Apr 26, 2024",43,0:00:00
2023-11-24,0NMT9nrJzuI,Fake family vlogs @souravjvlogs 💀 #roast #shorts,"Apr 26, 2024",43,0:00:00
2023-11-25,0NMT9nrJzuI,Fake family vlogs @souravjvlogs 💀 #roast #shorts,"Apr 26, 2024",43,0:00:00
2023-11-26,0NMT9nrJzuI,Fake family vlogs @souravjvlogs 💀 #roast #shorts,"Apr 26, 2024",43,0:00:00
2023-11-27,0NMT9nrJzuI,Fake family vlogs @souravjvlogs 💀 #roast #shorts,"Apr 26, 2024",43,0:00:00
2023-11-28,0NMT9nrJzuI,Fake family vlogs @souravjvlogs 💀 #roast #shorts,"Apr 26, 2024",43,0:00:00
2023-11-29,0NMT9nrJzuI,Fake family vlogs @souravjvlogs 💀 #roast #shorts,"Apr 26, 2024",43,0:00:00
2023-11-30,0NMT9nrJzuI,Fake family vlogs @souravjvlogs 💀 #roast #shorts,"Apr 26, 2024",43,0:00:00
2023-12-01,0NMT9nrJzuI,Fake family vlogs @souravjvlogs 💀 #roast #shorts,"Apr 26, 2024",43,0:00:00
2023-12-02,0NMT9nrJzuI,Fake family vlogs @souravjvlogs 💀 #roast #shorts,"Apr 26, 2024",43,0:00:00
2023-12-03,0NMT9nrJzuI,Fake family vlogs @souravjvlogs 💀 #roast #shorts,"Apr 26, 2024",43,0:00:00
2023-12-04,0NMT9nrJzuI,Fake family vlogs @souravjvlogs 💀 #roast #shorts,"Apr 26, 2024",43,0:00:00
2023-12-05,0NMT9nrJzuI,Fake family vlogs @souravjvlogs 💀 #roast #shorts,"Apr 26, 2024",43,0:00:00
2023-12-06,0NMT9nrJzuI,Fake family vlogs @souravjvlogs 💀 #roast #shorts,"Apr 26, 2024",43,0:00:00
2023-12-07,0NMT9nrJzuI,Fake family vlogs @souravjvlogs 💀 #roast #shorts,"Apr 26, 2024",43,0:00:00
2023-12-08,0NMT9nrJzuI,Fake family vlogs @souravjvlogs 💀 #roast #shorts,"Apr 26, 2024",43,0:00:00
2023-12-09,0NMT9nrJzuI,Fake family vlogs @souravjvlogs 💀 #roast #shorts,"Apr 26, 2024",43,0:00:00
2023-12-10,0NMT9nrJzuI,Fake family vlogs @souravjvlogs 💀 #roast #shorts,"Apr 26, 2024",43,0:00:00
2023-12-11,0NMT9nrJzuI,Fake family vlogs @souravjvlogs 💀 #roast #shorts,"Apr 26, 2024",43,0:00:00
2023-12-12,0NMT9nrJzuI,Fake family vlogs @souravjvlogs 💀 #roast #shorts,"Apr 26, 2024",43,0:00:00
2023-12-13,0NMT9nrJzuI,Fake family vlogs @souravjvlogs 💀 #roast #shorts,"Apr 26, 2024",43,0:00:00
2023-12-14,0NMT9nrJzuI,Fake family vlogs @souravjvlogs 💀 #roast #shorts,"Apr 26, 2024",43,0:00:00
2023-12-15,0NMT9nrJzuI,Fake family vlogs @souravjvlogs 💀 #roast #shorts,"Apr 26, 2024",43,0:00:00
2023-12-16,0NMT9nrJzuI,Fake family vlogs @souravjvlogs 💀 #roast #shorts,"Apr 26, 2024",43,0:00:00
2023-12-17,0NMT9nrJzuI,Fake family vlogs @souravjvlogs 💀 #roast #shorts,"Apr 26, 2024",43,0:00:00
2023-12-18,0NMT9nrJzuI,Fake family vlogs @souravjvlogs 💀 #roast #shorts,"Apr 26, 2024",43,0:00:00
2023-12-19,0NMT9nrJzuI,Fake family vlogs @souravjvlogs 💀 #roast #shorts,"Apr 26, 2024",43,0:00:00
2023-12-20,0NMT9nrJzuI,Fake family vlogs @souravjvlogs 💀 #roast #shorts,"Apr 26, 2024",43,0:00:00
2023-12-21,0NMT9nrJzuI,Fake family vlogs @souravjvlogs 💀 #roast #shorts,"Apr 26, 2024",43,0:00:00
2023-12-22,0NMT9nrJzuI,Fake family vlogs @souravjvlogs 💀 #roast #shorts,"Apr 26, 2024",43,0:00:00
2023-12-23,0NMT9nrJzuI,Fake family vlogs @souravjvlogs 💀 #roast #shorts,"Apr 26, 2024",43,0:00:00
2023-12-24,0NMT9nrJzuI,Fake family vlogs @souravjvlogs 💀 #roast #shorts,"Apr 26, 2024",43,0:00:00
2023-12-25,0NMT9nrJzuI,Fake family vlogs @souravjvlogs 💀 #roast #shorts,"Apr 26, 2024",43,0:00:00
2023-12-26,0NMT9nrJzuI,Fake family vlogs @souravjvlogs 💀 #roast #shorts,"Apr 26, 2024",43,0:00:00
2023-12-27,0NMT9nrJzuI,Fake family vlogs @souravjvlogs 💀 #roast #shorts,"Apr 26, 2024",43,0:00:00
2023-12-28,0NMT9nrJzuI,Fake family vlogs @souravjvlogs 💀 #roast #shorts,"Apr 26, 2024",43,0:00:00
2023-12-29,0NMT9nrJzuI,Fake family vlogs @souravjvlogs 💀 #roast #shorts,"Apr 26, 2024",43,0:00:00
2023-12-30,0NMT9nrJzuI,Fake family vlogs @souravjvlogs 💀 #roast #shorts,"Apr 26, 2024",43,0:00:00
2023-12-31,0NMT9nrJzuI,Fake family vlogs @souravjvlogs 💀 #roast #shorts,"Apr 26, 2024",43,0:00:00
2024-01-01,0NMT9nrJzuI,Fake family vlogs @souravjvlogs 💀 #roast #shorts,"Apr 26, 2024",43,0:00:00
2024-01-02,0NMT9nrJzuI,Fake family vlogs @souravjvlogs 💀 #roast #shorts,"Apr 26, 2024",43,0:00:00
2024-01-03,0NMT9nrJzuI,Fake family vlogs @souravjvlogs 💀 #roast #shorts,"Apr 26, 2024",43,0:00:00
2024-01-04,0NMT9nrJzuI,Fake family vlogs @souravjvlogs 💀 #roast #shorts,"Apr 26, 2024",43,0:00:00
2024-01-05,0NMT9nrJzuI,Fake family vlogs @souravjvlogs 💀 #roast #shorts,"Apr 26, 2024",43,0:00:00
2024-01-06,0NMT9nrJzuI,Fake family vlogs @souravjvlogs 💀 #roast #shorts,"Apr 26, 2024",43,0:00:00
2024-01-07,0NMT9nrJzuI,Fake family vlogs @souravjvlogs 💀 #roast #shorts,"Apr 26, 2024",43,0:00:00
2024-01-08,0NMT9nrJzuI,Fake family vlogs @souravjvlogs 💀 #roast #shorts,"Apr 26, 2024",43,0:00:00
2024-01-09,0NMT9nrJzuI,Fake family vlogs @souravjvlogs 💀 #roast #shorts,"Apr 26, 2024",43,0:00:00
2024-01-10,0NMT9nrJzuI,Fake family vlogs @souravjvlogs 💀 #roast #shorts,"Apr 26, 2024",43,0:00:00
2024-01-11,0NMT9nrJzuI,Fake family vlogs @souravjvlogs 💀 #roast #shorts,"Apr 26, 2024",43,0:00:00
2024-01-12,0NMT9nrJzuI,Fake family vlogs @souravjvlogs 💀 #roast #shorts,"Apr 26, 2024",43,0:00:00
2024-01-13,0NMT9nrJzuI,Fake family vlogs @souravjvlogs 💀 #roast #shorts,"Apr 26, 2024",43,0:00:00
2024-01-14,0NMT9nrJzuI,Fake family vlogs @souravjvlogs 💀 #roast #shorts,"Apr 26, 2024",43,0:00:00
2024-01-15,0NMT9nrJzuI,Fake family vlogs @souravjvlogs 💀 #roast #shorts,"Apr 26, 2024",43,0:00:00
2024-01-16,0NMT9nrJzuI,Fake family vlogs @souravjvlogs 💀 #roast #shorts,"Apr 26, 2024",43,0:00:00
2024-01-17,0NMT9nrJzuI,Fake family vlogs @souravjvlogs 💀 #roast #shorts,"Apr 26, 2024",43,0:00:00
2024-01-18,0NMT9nrJzuI,Fake family vlogs @souravjvlogs 💀 #roast #shorts,"Apr 26, 2024",43,0:00:00
2024-01-19,0NMT9nrJzuI,Fake family vlogs @souravjvlogs 💀 #roast #shorts,"Apr 26, 2024",43,0:00:00
2024-01-20,0NMT9nrJzuI,Fake family vlogs @souravjvlogs 💀 #roast #shorts,"Apr 26, 2024",43,0:00:00
2024-01-21,0NMT9nrJzuI,Fake family vlogs @souravjvlogs 💀 #roast #shorts,"Apr 26, 2024",43,0:00:00
2024-01-22,0NMT9nrJzuI,Fake family vlogs @souravjvlogs 💀 #roast #shorts,"Apr 26, 2024",43,0:00:00
2024-01-23,0NMT9nrJzuI,Fake family vlogs @souravjvlogs 💀 #roast #shorts,"Apr 26, 2024",43,0:00:00
2024-01-24,0NMT9nrJzuI,Fake family vlogs @souravjvlogs 💀 #roast #shorts,"Apr 26, 2024",43,0:00:00
2024-01-25,0NMT9nrJzuI,Fake family vlogs @souravjvlogs 💀 #roast #shorts,"Apr 26, 2024",43,0:00:00
2024-01-26,0NMT9nrJzuI,Fake family vlogs @souravjvlogs 💀 #roast #shorts,"Apr 26, 2024",43,0:00:00
2024-01-27,0NMT9nrJzuI,Fake family vlogs @souravjvlogs 💀 #roast #shorts,"Apr 26, 2024",43,0:00:00
2024-01-28,0NMT9nrJzuI,Fake family vlogs @souravjvlogs 💀 #roast #shorts,"Apr 26, 2024",43,0:00:00
2024-01-29,0NMT9nrJzuI,Fake family vlogs @souravjvlogs 💀 #roast #shorts,"Apr 26, 2024",43,0:00:00
2024-01-30,0NMT9nrJzuI,Fake family vlogs @souravjvlogs 💀 #roast #shorts,"Apr 26, 2024",43,0:00:00
2024-01-31,0NMT9nrJzuI,Fake family vlogs @souravjvlogs 💀 #roast #shorts,"Apr 26, 2024",43,0:00:00
2024-02-01,0NMT9nrJzuI,Fake family vlogs @souravjvlogs 💀 #roast #shorts,"Apr 26, 2024",43,0:00:00
2024-02-02,0NMT9nrJzuI,Fake family vlogs @souravjvlogs 💀 #roast #shorts,"Apr 26, 2024",43,0:00:00
2024-02-03,0NMT9nrJzuI,Fake family vlogs @souravjvlogs 💀 #roast #shorts,"Apr 26, 2024",43,0:00:00
2024-02-04,0NMT9nrJzuI,Fake family vlogs @souravjvlogs 💀 #roast #shorts,"Apr 26, 2024",43,0:00:00
2024-02-05,0NMT9nrJzuI,Fake family vlogs @souravjvlogs 💀 #roast #shorts,"Apr 26, 2024",43,0:00:00
2024-02-06,0NMT9nrJzuI,Fake family vlogs @souravjvlogs 💀 #roast #shorts,"Apr 26, 2024",43,0:00:00
2024-02-07,0NMT9nrJzuI,Fake family vlogs @souravjvlogs 💀 #roast #shorts,"Apr 26, 2024",43,0:00:00
2024-02-08,0NMT9nrJzuI,Fake family vlogs @souravjvlogs 💀 #roast #shorts,"Apr 26, 2024",43,0:00:00
2024-02-09,0NMT9nrJzuI,Fake family vlogs @souravjvlogs 💀 #roast #shorts,"Apr 26, 2024",43,0:00:00
2024-02-10,0NMT9nrJzuI,Fake family vlogs @souravjvlogs 💀 #roast #shorts,"Apr 26, 2024",43,0:00:00
2024-02-11,0NMT9nrJzuI,Fake family vlogs @souravjvlogs 💀 #roast #shorts,"Apr 26, 2024",43,0:00:00
2024-02-12,0NMT9nrJzuI,Fake family vlogs @souravjvlogs 💀 #roast #shorts,"Apr 26, 2024",43,0:00:00
2024-02-13,0NMT9nrJzuI,Fake family vlogs @souravjvlogs 💀 #roast #shorts,"Apr 26, 2024",43,0:00:00
2024-02-14,0NMT9nrJzuI,Fake family vlogs @souravjvlogs 💀 #roast #shorts,"Apr 26, 2024",43,0:00:00
2024-02-15,0NMT9nrJzuI,Fake family vlogs @souravjvlogs 💀 #roast #shorts,"Apr 26, 2024",43,0:00:00
2024-02-16,0NMT9nrJzuI,Fake family vlogs @souravjvlogs 💀 #roast #shorts,"Apr 26, 2024",43,0:00:00
2024-02-17,0NMT9nrJzuI,Fake family vlogs @souravjvlogs 💀 #roast #shorts,"Apr 26, 2024",43,0:00:00
2024-02-18,0NMT9nrJzuI,Fake family vlogs @souravjvlogs 💀 #roast #shorts,"Apr 26, 2024",43,0:00:00
2024-02-19,0NMT9nrJzuI,Fake family vlogs @souravjvlogs 💀 #roast #shorts,"Apr 26, 2024",43,0:00:00
2024-02-20,0NMT9nrJzuI,Fake family vlogs @souravjvlogs 💀 #roast #shorts,"Apr 26, 2024",43,0:00:00
2024-02-21,0NMT9nrJzuI,Fake family vlogs @souravjvlogs 💀 #roast #shorts,"Apr 26, 2024",43,0:00:00
2024-02-22,0NMT9nrJzuI,Fake family vlogs @souravjvlogs 💀 #roast #shorts,"Apr 26, 2024",43,0:00:00
2024-02-23,0NMT9nrJzuI,Fake family vlogs @souravjvlogs 💀 #roast #shorts,"Apr 26, 2024",43,0:00:00
2024-02-24,0NMT9nrJzuI,Fake family vlogs @souravjvlogs 💀 #roast #shorts,"Apr 26, 2024",43,0:00:00
2024-02-25,0NMT9nrJzuI,Fake family vlogs @souravjvlogs 💀 #roast #shorts,"Apr 26, 2024",43,0:00:00
2024-02-26,0NMT9nrJzuI,Fake family vlogs @souravjvlogs 💀 #roast #shorts,"Apr 26, 2024",43,0:00:00
2024-02-27,0NMT9nrJzuI,Fake family vlogs @souravjvlogs 💀 #roast #shorts,"Apr 26, 2024",43,0:00:00
2024-02-28,0NMT9nrJzuI,Fake family vlogs @souravjvlogs 💀 #roast #shorts,"Apr 26, 2024",43,0:00:00
2024-02-29,0NMT9nrJzuI,Fake family vlogs @souravjvlogs 💀 #roast #shorts,"Apr 26, 2024",43,0:00:00
2024-03-01,0NMT9nrJzuI,Fake family vlogs @souravjvlogs 💀 #roast #shorts,"Apr 26, 2024",43,0:00:00
2024-03-02,0NMT9nrJzuI,Fake family vlogs @souravjvlogs 💀 #roast #shorts,"Apr 26, 2024",43,0:00:00
2024-03-03,0NMT9nrJzuI,Fake family vlogs @souravjvlogs 💀 #roast #shorts,"Apr 26, 2024",43,0:00:00
2024-03-04,0NMT9nrJzuI,Fake family vlogs @souravjvlogs 💀 #roast #shorts,"Apr 26, 2024",43,0:00:00
2024-03-05,0NMT9nrJzuI,Fake family vlogs @souravjvlogs 💀 #roast #shorts,"Apr 26, 2024",43,0:00:00
2024-03-06,0NMT9nrJzuI,Fake family vlogs @souravjvlogs 💀 #roast #shorts,"Apr 26, 2024",43,0:00:00
2024-03-07,0NMT9nrJzuI,Fake family vlogs @souravjvlogs 💀 #roast #shorts,"Apr 26, 2024",43,0:00:00
2024-03-08,0NMT9nrJzuI,Fake family vlogs @souravjvlogs 💀 #roast #shorts,"Apr 26, 2024",43,0:00:00
2024-03-09,0NMT9nrJzuI,Fake family vlogs @souravjvlogs 💀 #roast #shorts,"Apr 26, 2024",43,0:00:00
2024-03-10,0NMT9nrJzuI,Fake family vlogs @souravjvlogs 💀 #roast #shorts,"Apr 26, 2024",43,0:00:00
2024-03-11,0NMT9nrJzuI,Fake family vlogs @souravjvlogs 💀 #roast #shorts,"Apr 26, 2024",43,0:00:00
2024-03-12,0NMT9nrJzuI,Fake family vlogs @souravjvlogs 💀 #roast #shorts,"Apr 26, 2024",43,0:00:00
2024-03-13,0NMT9nrJzuI,Fake family vlogs @souravjvlogs 💀 #roast #shorts,"Apr 26, 2024",43,0:00:00
2024-03-14,0NMT9nrJzuI,Fake family vlogs @souravjvlogs 💀 #roast #shorts,"Apr 26, 2024",43,0:00:00
2024-03-15,0NMT9nrJzuI,Fake family vlogs @souravjvlogs 💀 #roast #shorts,"Apr 26, 2024",43,0:00:00
2024-03-16,0NMT9nrJzuI,Fake family vlogs @souravjvlogs 💀 #roast #shorts,"Apr 26, 2024",43,0:00:00
2024-03-17,0NMT9nrJzuI,Fake family vlogs @souravjvlogs 💀 #roast #shorts,"Apr 26, 2024",43,0:00:00
2024-03-18,0NMT9nrJzuI,Fake family vlogs @souravjvlogs 💀 #roast #shorts,"Apr 26, 2024",43,0:00:00
2024-03-19,0NMT9nrJzuI,Fake family vlogs @souravjvlogs 💀 #roast #shorts,"Apr 26, 2024",43,0:00:00
2024-03-20,0NMT9nrJzuI,Fake family vlogs @souravjvlogs 💀 #roast #shorts,"Apr 26, 2024",43,0:00:00
2024-03-21,0NMT9nrJzuI,Fake family vlogs @souravjvlogs 💀 #roast #shorts,"Apr 26, 2024",43,0:00:00
2024-03-22,0NMT9nrJzuI,Fake family vlogs @souravjvlogs 💀 #roast #shorts,"Apr 26, 2024",43,0:00:00
2024-03-23,0NMT9nrJzuI,Fake family vlogs @souravjvlogs 💀 #roast #shorts,"Apr 26, 2024",43,0:00:00
2024-03-24,0NMT9nrJzuI,Fake family vlogs @souravjvlogs 💀 #roast #shorts,"Apr 26, 2024",43,0:00:00
2024-03-25,0NMT9nrJzuI,Fake family vlogs @souravjvlogs 💀 #roast #shorts,"Apr 26, 2024",43,0:00:00
2024-03-26,0NMT9nrJzuI,Fake family vlogs @souravjvlogs 💀 #roast #shorts,"Apr 26, 2024",43,0:00:00
2024-03-27,0NMT9nrJzuI,Fake family vlogs @souravjvlogs 💀 #roast #shorts,"Apr 26, 2024",43,0:00:00
2024-03-28,0NMT9nrJzuI,Fake family vlogs @souravjvlogs 💀 #roast #shorts,"Apr 26, 2024",43,0:00:00
2024-03-29,0NMT9nrJzuI,Fake family vlogs @souravjvlogs 💀 #roast #shorts,"Apr 26, 2024",43,0:00:00
2024-03-30,0NMT9nrJzuI,Fake family vlogs @souravjvlogs 💀 #roast #shorts,"Apr 26, 2024",43,0:00:00
2024-03-31,0NMT9nrJzuI,Fake family vlogs @souravjvlogs 💀 #roast #shorts,"Apr 26, 2024",43,0:00:00
2024-04-01,0NMT9nrJzuI,Fake family vlogs @souravjvlogs 💀 #roast #shorts,"Apr 26, 2024",43,0:00:00
2024-04-02,0NMT9nrJzuI,Fake family vlogs @souravjvlogs 💀 #roast #shorts,"Apr 26, 2024",43,0:00:00
2024-04-03,0NMT9nrJzuI,Fake family vlogs @souravjvlogs 💀 #roast #shorts,"Apr 26, 2024",43,0:00:00
2024-04-04,0NMT9nrJzuI,Fake family vlogs @souravjvlogs 💀 #roast #shorts,"Apr 26, 2024",43,0:00:00
2024-04-05,0NMT9nrJzuI,Fake family vlogs @souravjvlogs 💀 #roast #shorts,"Apr 26, 2024",43,0:00:00
2024-04-06,0NMT9nrJzuI,Fake family vlogs @souravjvlogs 💀 #roast #shorts,"Apr 26, 2024",43,0:00:00
2024-04-07,0NMT9nrJzuI,Fake family vlogs @souravjvlogs 💀 #roast #shorts,"Apr 26, 2024",43,0:00:00
2024-04-08,0NMT9nrJzuI,Fake family vlogs @souravjvlogs 💀 #roast #shorts,"Apr 26, 2024",43,0:00:00
2024-04-09,0NMT9nrJzuI,Fake family vlogs @souravjvlogs 💀 #roast #shorts,"Apr 26, 2024",43,0:00:00
2024-04-10,0NMT9nrJzuI,Fake family vlogs @souravjvlogs 💀 #roast #shorts,"Apr 26, 2024",43,0:00:00
2024-04-11,0NMT9nrJzuI,Fake family vlogs @souravjvlogs 💀 #roast #shorts,"Apr 26, 2024",43,0:00:00
2024-04-12,0NMT9nrJzuI,Fake family vlogs @souravjvlogs 💀 #roast #shorts,"Apr 26, 2024",43,0:00:00
2024-04-13,0NMT9nrJzuI,Fake family vlogs @souravjvlogs 💀 #roast #shorts,"Apr 26, 2024",43,0:00:00
2024-04-14,0NMT9nrJzuI,Fake family vlogs @souravjvlogs 💀 #roast #shorts,"Apr 26, 2024",43,0:00:00
2024-04-15,0NMT9nrJzuI,Fake family vlogs @souravjvlogs 💀 #roast #shorts,"Apr 26, 2024",43,0:00:00
2024-04-16,0NMT9nrJzuI,Fake family vlogs @souravjvlogs 💀 #roast #shorts,"Apr 26, 2024",43,0:00:00
2024-04-17,0NMT9nrJzuI,Fake family vlogs @souravjvlogs 💀 #roast #shorts,"Apr 26, 2024",43,0:00:00
2024-04-18,0NMT9nrJzuI,Fake family vlogs @souravjvlogs 💀 #roast #shorts,"Apr 26, 2024",43,0:00:00
2024-04-19,0NMT9nrJzuI,Fake family vlogs @souravjvlogs 💀 #roast #shorts,"Apr 26, 2024",43,0:00:00
2024-04-20,0NMT9nrJzuI,Fake family vlogs @souravjvlogs 💀 #roast #shorts,"Apr 26, 2024",43,0:00:00
2024-04-21,0NMT9nrJzuI,Fake family vlogs @souravjvlogs 💀 #roast #shorts,"Apr 26, 2024",43,0:00:00
2024-04-22,0NMT9nrJzuI,Fake family vlogs @souravjvlogs 💀 #roast #shorts,"Apr 26, 2024",43,0:00:00
2024-04-23,0NMT9nrJzuI,Fake family vlogs @souravjvlogs 💀 #roast #shorts,"Apr 26, 2024",43,0:00:00
2024-04-24,0NMT9nrJzuI,Fake family vlogs @souravjvlogs 💀 #roast #shorts,"Apr 26, 2024",43,0:00:00
2024-04-25,0NMT9nrJzuI,Fake family vlogs @souravjvlogs 💀 #roast #shorts,"Apr 26, 2024",43,0:00:00
2024-04-26,0NMT9nrJzuI,Fake family vlogs @souravjvlogs 💀 #roast #shorts,"Apr 26, 2024",43,0:00:43
2024-04-27,0NMT9nrJzuI,Fake family vlogs @souravjvlogs 💀 #roast #shorts,"Apr 26, 2024",43,0:00:00
2024-04-28,0NMT9nrJzuI,Fake family vlogs @souravjvlogs 💀 #roast #shorts,"Apr 26, 2024",43,0:00:00
2024-04-29,0NMT9nrJzuI,Fake family vlogs @souravjvlogs 💀 #roast #shorts,"Apr 26, 2024",43,0:00:00
2024-04-30,0NMT9nrJzuI,Fake family vlogs @souravjvlogs 💀 #roast #shorts,"Apr 26, 2024",43,0:00:00
2024-05-01,0NMT9nrJzuI,Fake family vlogs @souravjvlogs 💀 #roast #shorts,"Apr 26, 2024",43,0:00:00
2024-05-02,0NMT9nrJzuI,Fake family vlogs @souravjvlogs 💀 #roast #shorts,"Apr 26, 2024",43,0:00:00
2024-05-03,0NMT9nrJzuI,Fake family vlogs @souravjvlogs 💀 #roast #shorts,"Apr 26, 2024",43,0:00:00
2024-05-04,0NMT9nrJzuI,Fake family vlogs @souravjvlogs 💀 #roast #shorts,"Apr 26, 2024",43,0:00:00
2024-05-05,0NMT9nrJzuI,Fake family vlogs @souravjvlogs 💀 #roast #shorts,"Apr 26, 2024",43,0:00:00
2024-05-06,0NMT9nrJzuI,Fake family vlogs @souravjvlogs 💀 #roast #shorts,"Apr 26, 2024",43,0:00:00
2024-05-07,0NMT9nrJzuI,Fake family vlogs @souravjvlogs 💀 #roast #shorts,"Apr 26, 2024",43,0:00:00
2024-05-08,0NMT9nrJzuI,Fake family vlogs @souravjvlogs 💀 #roast #shorts,"Apr 26, 2024",43,0:00:00
2024-05-09,0NMT9nrJzuI,Fake family vlogs @souravjvlogs 💀 #roast #shorts,"Apr 26, 2024",43,0:00:00
2024-05-10,0NMT9nrJzuI,Fake family vlogs @souravjvlogs 💀 #roast #shorts,"Apr 26, 2024",43,0:00:00
2024-05-11,0NMT9nrJzuI,Fake family vlogs @souravjvlogs 💀 #roast #shorts,"Apr 26, 2024",43,0:00:00
2024-05-12,0NMT9nrJzuI,Fake family vlogs @souravjvlogs 💀 #roast #shorts,"Apr 26, 2024",43,0:00:00
2024-05-13,0NMT9nrJzuI,Fake family vlogs @souravjvlogs 💀 #roast #shorts,"Apr 26, 2024",43,0:00:00
2024-05-14,0NMT9nrJzuI,Fake family vlogs @souravjvlogs 💀 #roast #shorts,"Apr 26, 2024",43,0:00:00
2024-05-15,0NMT9nrJzuI,Fake family vlogs @souravjvlogs 💀 #roast #shorts,"Apr 26, 2024",43,0:00:00
2024-05-16,0NMT9nrJzuI,Fake family vlogs @souravjvlogs 💀 #roast #shorts,"Apr 26, 2024",43,0:00:00
2024-05-17,0NMT9nrJzuI,Fake family vlogs @souravjvlogs 💀 #roast #shorts,"Apr 26, 2024",43,0:00:00
2024-05-18,0NMT9nrJzuI,Fake family vlogs @souravjvlogs 💀 #roast #shorts,"Apr 26, 2024",43,0:00:00
2024-05-19,0NMT9nrJzuI,Fake family vlogs @souravjvlogs 💀 #roast #shorts,"Apr 26, 2024",43,0:00:00
2024-05-20,0NMT9nrJzuI,Fake family vlogs @souravjvlogs 💀 #roast #shorts,"Apr 26, 2024",43,0:00:00
2024-05-21,0NMT9nrJzuI,Fake family vlogs @souravjvlogs 💀 #roast #shorts,"Apr 26, 2024",43,0:00:00
2024-05-22,0NMT9nrJzuI,Fake family vlogs @souravjvlogs 💀 #roast #shorts,"Apr 26, 2024",43,0:00:00
2024-05-23,0NMT9nrJzuI,Fake family vlogs @souravjvlogs 💀 #roast #shorts,"Apr 26, 2024",43,0:00:00
2024-05-24,0NMT9nrJzuI,Fake family vlogs @souravjvlogs 💀 #roast #shorts,"Apr 26, 2024",43,0:00:00
2024-05-25,0NMT9nrJzuI,Fake family vlogs @souravjvlogs 💀 #roast #shorts,"Apr 26, 2024",43,0:00:00
2024-05-26,0NMT9nrJzuI,Fake family vlogs @souravjvlogs 💀 #roast #shorts,"Apr 26, 2024",43,0:00:00
2024-05-27,0NMT9nrJzuI,Fake family vlogs @souravjvlogs 💀 #roast #shorts,"Apr 26, 2024",43,0:00:00
2024-05-28,0NMT9nrJzuI,Fake family vlogs @souravjvlogs 💀 #roast #shorts,"Apr 26, 2024",43,0:00:00
2024-05-29,0NMT9nrJzuI,Fake family vlogs @souravjvlogs 💀 #roast #shorts,"Apr 26, 2024",43,0:00:00
2024-05-30,0NMT9nrJzuI,Fake family vlogs @souravjvlogs 💀 #roast #shorts,"Apr 26, 2024",43,0:00:00
2024-05-31,0NMT9nrJzuI,Fake family vlogs @souravjvlogs 💀 #roast #shorts,"Apr 26, 2024",43,0:00:00
2024-06-01,0NMT9nrJzuI,Fake family vlogs @souravjvlogs 💀 #roast #shorts,"Apr 26, 2024",43,0:00:00
2024-06-02,0NMT9nrJzuI,Fake family vlogs @souravjvlogs 💀 #roast #shorts,"Apr 26, 2024",43,0:00:00
2024-06-03,0NMT9nrJzuI,Fake family vlogs @souravjvlogs 💀 #roast #shorts,"Apr 26, 2024",43,0:00:00
2024-06-04,0NMT9nrJzuI,Fake family vlogs @souravjvlogs 💀 #roast #shorts,"Apr 26, 2024",43,0:00:00
2024-06-05,0NMT9nrJzuI,Fake family vlogs @souravjvlogs 💀 #roast #shorts,"Apr 26, 2024",43,0:00:00
2024-06-06,0NMT9nrJzuI,Fake family vlogs @souravjvlogs 💀 #roast #shorts,"Apr 26, 2024",43,0:00:00
2024-06-07,0NMT9nrJzuI,Fake family vlogs @souravjvlogs 💀 #roast #shorts,"Apr 26, 2024",43,0:00:00
2024-06-08,0NMT9nrJzuI,Fake family vlogs @souravjvlogs 💀 #roast #shorts,"Apr 26, 2024",43,0:00:00
2024-06-09,0NMT9nrJzuI,Fake family vlogs @souravjvlogs 💀 #roast #shorts,"Apr 26, 2024",43,0:00:00
2024-06-10,0NMT9nrJzuI,Fake family vlogs @souravjvlogs 💀 #roast #shorts,"Apr 26, 2024",43,0:00:00
2024-06-11,0NMT9nrJzuI,Fake family vlogs @souravjvlogs 💀 #roast #shorts,"Apr 26, 2024",43,0:00:00
2024-06-12,0NMT9nrJzuI,Fake family vlogs @souravjvlogs 💀 #roast #shorts,"Apr 26, 2024",43,0:00:00
2024-06-13,0NMT9nrJzuI,Fake family vlogs @souravjvlogs 💀 #roast #shorts,"Apr 26, 2024",43,0:00:00
2024-06-14,0NMT9nrJzuI,Fake family vlogs @souravjvlogs 💀 #roast #shorts,"Apr 26, 2024",43,0:00:00
2024-06-15,0NMT9nrJzuI,Fake family vlogs @souravjvlogs 💀 #roast #shorts,"Apr 26, 2024",43,0:00:00
2024-06-16,0NMT9nrJzuI,Fake family vlogs @souravjvlogs 💀 #roast #shorts,"Apr 26, 2024",43,0:00:00
2024-06-17,0NMT9nrJzuI,Fake family vlogs @souravjvlogs 💀 #roast #shorts,"Apr 26, 2024",43,0:00:00
2024-06-18,0NMT9nrJzuI,Fake family vlogs @souravjvlogs 💀 #roast #shorts,"Apr 26, 2024",43,0:00:00
2024-06-19,0NMT9nrJzuI,Fake family vlogs @souravjvlogs 💀 #roast #shorts,"Apr 26, 2024",43,0:00:00
2024-06-20,0NMT9nrJzuI,Fake family vlogs @souravjvlogs 💀 #roast #shorts,"Apr 26, 2024",43,0:00:00
2024-06-21,0NMT9nrJzuI,Fake family vlogs @souravjvlogs 💀 #roast #shorts,"Apr 26, 2024",43,0:00:00
2024-06-22,0NMT9nrJzuI,Fake family vlogs @souravjvlogs 💀 #roast #shorts,"Apr 26, 2024",43,0:00:00
2024-06-23,0NMT9nrJzuI,Fake family vlogs @souravjvlogs 💀 #roast #shorts,"Apr 26, 2024",43,0:00:00
2024-06-24,0NMT9nrJzuI,Fake family vlogs @souravjvlogs 💀 #roast #shorts,"Apr 26, 2024",43,0:00:00
2024-06-25,0NMT9nrJzuI,Fake family vlogs @souravjvlogs 💀 #roast #shorts,"Apr 26, 2024",43,0:00:00
2024-06-26,0NMT9nrJzuI,Fake family vlogs @souravjvlogs 💀 #roast #shorts,"Apr 26, 2024",43,0:00:00
2024-06-27,0NMT9nrJzuI,Fake family vlogs @souravjvlogs 💀 #roast #shorts,"Apr 26, 2024",43,0:00:00
2024-06-28,0NMT9nrJzuI,Fake family vlogs @souravjvlogs 💀 #roast #shorts,"Apr 26, 2024",43,0:00:00
2024-06-29,0NMT9nrJzuI,Fake family vlogs @souravjvlogs 💀 #roast #shorts,"Apr 26, 2024",43,0:00:00
2024-06-30,0NMT9nrJzuI,Fake family vlogs @souravjvlogs 💀 #roast #shorts,"Apr 26, 2024",43,0:00:00
2024-07-01,0NMT9nrJzuI,Fake family vlogs @souravjvlogs 💀 #roast #shorts,"Apr 26, 2024",43,0:00:00
2024-07-02,0NMT9nrJzuI,Fake family vlogs @souravjvlogs 💀 #roast #shorts,"Apr 26, 2024",43,0:00:00
2024-07-03,0NMT9nrJzuI,Fake family vlogs @souravjvlogs 💀 #roast #shorts,"Apr 26, 2024",43,0:00:00
2024-07-04,0NMT9nrJzuI,Fake family vlogs @souravjvlogs 💀 #roast #shorts,"Apr 26, 2024",43,0:00:00
2024-07-05,0NMT9nrJzuI,Fake family vlogs @souravjvlogs 💀 #roast #shorts,"Apr 26, 2024",43,0:00:00
2024-07-06,0NMT9nrJzuI,Fake family vlogs @souravjvlogs 💀 #roast #shorts,"Apr 26, 2024",43,0:00:00
2024-07-07,0NMT9nrJzuI,Fake family vlogs @souravjvlogs 💀 #roast #shorts,"Apr 26, 2024",43,0:00:00
2024-07-08,0NMT9nrJzuI,Fake family vlogs @souravjvlogs 💀 #roast #shorts,"Apr 26, 2024",43,0:00:00
2024-07-09,0NMT9nrJzuI,Fake family vlogs @souravjvlogs 💀 #roast #shorts,"Apr 26, 2024",43,0:00:00
2024-07-10,0NMT9nrJzuI,Fake family vlogs @souravjvlogs 💀 #roast #shorts,"Apr 26, 2024",43,0:00:00
2024-07-11,0NMT9nrJzuI,Fake family vlogs @souravjvlogs 💀 #roast #shorts,"Apr 26, 2024",43,0:00:00
2024-07-12,0NMT9nrJzuI,Fake family vlogs @souravjvlogs 💀 #roast #shorts,"Apr 26, 2024",43,0:00:00
2024-07-13,0NMT9nrJzuI,Fake family vlogs @souravjvlogs 💀 #roast #shorts,"Apr 26, 2024",43,0:00:00
2024-07-14,0NMT9nrJzuI,Fake family vlogs @souravjvlogs 💀 #roast #shorts,"Apr 26, 2024",43,0:00:00
2024-07-15,0NMT9nrJzuI,Fake family vlogs @souravjvlogs 💀 #roast #shorts,"Apr 26, 2024",43,0:00:00
2024-07-16,0NMT9nrJzuI,Fake family vlogs @souravjvlogs 💀 #roast #shorts,"Apr 26, 2024",43,0:00:00
2024-07-17,0NMT9nrJzuI,Fake family vlogs @souravjvlogs 💀 #roast #shorts,"Apr 26, 2024",43,0:00:00
2024-07-18,0NMT9nrJzuI,Fake family vlogs @souravjvlogs 💀 #roast #shorts,"Apr 26, 2024",43,0:00:00
2024-07-19,0NMT9nrJzuI,Fake family vlogs @souravjvlogs 💀 #roast #shorts,"Apr 26, 2024",43,0:00:00
2024-07-20,0NMT9nrJzuI,Fake family vlogs @souravjvlogs 💀 #roast #shorts,"Apr 26, 2024",43,0:00:00
2024-07-21,0NMT9nrJzuI,Fake family vlogs @souravjvlogs 💀 #roast #shorts,"Apr 26, 2024",43,0:00:00
2024-07-22,0NMT9nrJzuI,Fake family vlogs @souravjvlogs 💀 #roast #shorts,"Apr 26, 2024",43,0:00:00
2024-07-23,0NMT9nrJzuI,Fake family vlogs @souravjvlogs 💀 #roast #shorts,"Apr 26, 2024",43,0:00:00
2024-07-24,0NMT9nrJzuI,Fake family vlogs @souravjvlogs 💀 #roast #shorts,"Apr 26, 2024",43,0:00:00
2024-07-25,0NMT9nrJzuI,Fake family vlogs @souravjvlogs 💀 #roast #shorts,"Apr 26, 2024",43,0:00:00
2024-07-26,0NMT9nrJzuI,Fake family vlogs @souravjvlogs 💀 #roast #shorts,"Apr 26, 2024",43,0:00:00
2024-07-27,0NMT9nrJzuI,Fake family vlogs @souravjvlogs 💀 #roast #shorts,"Apr 26, 2024",43,0:00:00
2024-07-28,0NMT9nrJzuI,Fake family vlogs @souravjvlogs 💀 #roast #shorts,"Apr 26, 2024",43,0:00:00
2024-07-29,0NMT9nrJzuI,Fake family vlogs @souravjvlogs 💀 #roast #shorts,"Apr 26, 2024",43,0:00:00
2024-07-30,0NMT9nrJzuI,Fake family vlogs @souravjvlogs 💀 #roast #shorts,"Apr 26, 2024",43,0:00:00
2024-07-31,0NMT9nrJzuI,Fake family vlogs @souravjvlogs 💀 #roast #shorts,"Apr 26, 2024",43,0:00:00
2024-08-01,0NMT9nrJzuI,Fake family vlogs @souravjvlogs 💀 #roast #shorts,"Apr 26, 2024",43,0:00:00
2024-08-02,0NMT9nrJzuI,Fake family vlogs @souravjvlogs 💀 #roast #shorts,"Apr 26, 2024",43,0:00:00
2024-08-03,0NMT9nrJzuI,Fake family vlogs @souravjvlogs 💀 #roast #shorts,"Apr 26, 2024",43,0:00:00
2024-08-04,0NMT9nrJzuI,Fake family vlogs @souravjvlogs 💀 #roast #shorts,"Apr 26, 2024",43,0:00:00
2024-08-05,0NMT9nrJzuI,Fake family vlogs @souravjvlogs 💀 #roast #shorts,"Apr 26, 2024",43,0:00:00
2024-08-06,0NMT9nrJzuI,Fake family vlogs @souravjvlogs 💀 #roast #shorts,"Apr 26, 2024",43,0:00:00
2024-08-07,0NMT9nrJzuI,Fake family vlogs @souravjvlogs 💀 #roast #shorts,"Apr 26, 2024",43,0:00:00
2024-08-08,0NMT9nrJzuI,Fake family vlogs @souravjvlogs 💀 #roast #shorts,"Apr 26, 2024",43,0:00:00
2024-08-09,0NMT9nrJzuI,Fake family vlogs @souravjvlogs 💀 #roast #shorts,"Apr 26, 2024",43,0:00:00
2024-08-10,0NMT9nrJzuI,Fake family vlogs @souravjvlogs 💀 #roast #shorts,"Apr 26, 2024",43,0:00:00
2024-08-11,0NMT9nrJzuI,Fake family vlogs @souravjvlogs 💀 #roast #shorts,"Apr 26, 2024",43,0:00:00
2024-08-12,0NMT9nrJzuI,Fake family vlogs @souravjvlogs 💀 #roast #shorts,"Apr 26, 2024",43,0:00:00
2024-08-13,0NMT9nrJzuI,Fake family vlogs @souravjvlogs 💀 #roast #shorts,"Apr 26, 2024",43,0:00:00
2024-08-14,0NMT9nrJzuI,Fake family vlogs @souravjvlogs 💀 #roast #shorts,"Apr 26, 2024",43,0:00:00
2024-08-15,0NMT9nrJzuI,Fake family vlogs @souravjvlogs 💀 #roast #shorts,"Apr 26, 2024",43,0:00:00
2024-08-16,0NMT9nrJzuI,Fake family vlogs @souravjvlogs 💀 #roast #shorts,"Apr 26, 2024",43,0:00:00
2024-08-17,0NMT9nrJzuI,Fake family vlogs @souravjvlogs 💀 #roast #shorts,"Apr 26, 2024",43,0:00:00
2024-08-18,0NMT9nrJzuI,Fake family vlogs @souravjvlogs 💀 #roast #shorts,"Apr 26, 2024",43,0:00:00
2024-08-19,0NMT9nrJzuI,Fake family vlogs @souravjvlogs 💀 #roast #shorts,"Apr 26, 2024",43,0:00:00
2024-08-20,0NMT9nrJzuI,Fake family vlogs @souravjvlogs 💀 #roast #shorts,"Apr 26, 2024",43,0:00:00
2024-08-21,0NMT9nrJzuI,Fake family vlogs @souravjvlogs 💀 #roast #shorts,"Apr 26, 2024",43,0:00:00
2024-08-22,0NMT9nrJzuI,Fake family vlogs @souravjvlogs 💀 #roast #shorts,"Apr 26, 2024",43,0:00:00
2024-08-23,0NMT9nrJzuI,Fake family vlogs @souravjvlogs 💀 #roast #shorts,"Apr 26, 2024",43,0:00:00
2024-08-24,0NMT9nrJzuI,Fake family vlogs @souravjvlogs 💀 #roast #shorts,"Apr 26, 2024",43,0:00:00
2024-08-25,0NMT9nrJzuI,Fake family vlogs @souravjvlogs 💀 #roast #shorts,"Apr 26, 2024",43,0:00:00
2024-08-26,0NMT9nrJzuI,Fake family vlogs @souravjvlogs 💀 #roast #shorts,"Apr 26, 2024",43,0:00:00
2024-08-27,0NMT9nrJzuI,Fake family vlogs @souravjvlogs 💀 #roast #shorts,"Apr 26, 2024",43,0:00:00
2024-08-28,0NMT9nrJzuI,Fake family vlogs @souravjvlogs 💀 #roast #shorts,"Apr 26, 2024",43,0:00:00
2024-08-29,0NMT9nrJzuI,Fake family vlogs @souravjvlogs 💀 #roast #shorts,"Apr 26, 2024",43,0:00:00
2024-08-30,0NMT9nrJzuI,Fake family vlogs @souravjvlogs 💀 #roast #shorts,"Apr 26, 2024",43,0:00:00
2024-08-31,0NMT9nrJzuI,Fake family vlogs @souravjvlogs 💀 #roast #shorts,"Apr 26, 2024",43,0:00:00
2024-09-01,0NMT9nrJzuI,Fake family vlogs @souravjvlogs 💀 #roast #shorts,"Apr 26, 2024",43,0:00:00
2024-09-02,0NMT9nrJzuI,Fake family vlogs @souravjvlogs 💀 #roast #shorts,"Apr 26, 2024",43,0:00:00
2024-09-03,0NMT9nrJzuI,Fake family vlogs @souravjvlogs 💀 #roast #shorts,"Apr 26, 2024",43,0:00:00
2024-09-04,0NMT9nrJzuI,Fake family vlogs @souravjvlogs 💀 #roast #shorts,"Apr 26, 2024",43,0:00:00
2024-09-05,0NMT9nrJzuI,Fake family vlogs @souravjvlogs 💀 #roast #shorts,"Apr 26, 2024",43,0:00:00
2024-09-06,0NMT9nrJzuI,Fake family vlogs @souravjvlogs 💀 #roast #shorts,"Apr 26, 2024",43,0:00:00
2024-09-07,0NMT9nrJzuI,Fake family vlogs @souravjvlogs 💀 #roast #shorts,"Apr 26, 2024",43,0:00:00
2024-09-08,0NMT9nrJzuI,Fake family vlogs @souravjvlogs 💀 #roast #shorts,"Apr 26, 2024",43,0:00:00
2024-09-09,0NMT9nrJzuI,Fake family vlogs @souravjvlogs 💀 #roast #shorts,"Apr 26, 2024",43,0:00:00
2024-09-10,0NMT9nrJzuI,Fake family vlogs @souravjvlogs 💀 #roast #shorts,"Apr 26, 2024",43,0:00:00
2024-09-11,0NMT9nrJzuI,Fake family vlogs @souravjvlogs 💀 #roast #shorts,"Apr 26, 2024",43,0:00:00
2024-09-12,0NMT9nrJzuI,Fake family vlogs @souravjvlogs 💀 #roast #shorts,"Apr 26, 2024",43,0:00:00
2024-09-13,0NMT9nrJzuI,Fake family vlogs @souravjvlogs 💀 #roast #shorts,"Apr 26, 2024",43,0:00:00
2024-09-14,0NMT9nrJzuI,Fake family vlogs @souravjvlogs 💀 #roast #shorts,"Apr 26, 2024",43,0:00:00
2024-09-15,0NMT9nrJzuI,Fake family vlogs @souravjvlogs 💀 #roast #shorts,"Apr 26, 2024",43,0:00:00
2024-09-16,0NMT9nrJzuI,Fake family vlogs @souravjvlogs 💀 #roast #shorts,"Apr 26, 2024",43,0:00:00
2024-09-17,0NMT9nrJzuI,Fake family vlogs @souravjvlogs 💀 #roast #shorts,"Apr 26, 2024",43,0:00:00
2024-09-18,0NMT9nrJzuI,Fake family vlogs @souravjvlogs 💀 #roast #shorts,"Apr 26, 2024",43,0:00:00
2024-09-19,0NMT9nrJzuI,Fake family vlogs @souravjvlogs 💀 #roast #shorts,"Apr 26, 2024",43,0:00:00
2024-09-20,0NMT9nrJzuI,Fake family vlogs @souravjvlogs 💀 #roast #shorts,"Apr 26, 2024",43,0:00:00
2024-09-21,0NMT9nrJzuI,Fake family vlogs @souravjvlogs 💀 #roast #shorts,"Apr 26, 2024",43,0:00:00
2024-09-22,0NMT9nrJzuI,Fake family vlogs @souravjvlogs 💀 #roast #shorts,"Apr 26, 2024",43,0:00:00
2024-09-23,0NMT9nrJzuI,Fake family vlogs @souravjvlogs 💀 #roast #shorts,"Apr 26, 2024",43,0:00:00
2024-09-24,0NMT9nrJzuI,Fake family vlogs @souravjvlogs 💀 #roast #shorts,"Apr 26, 2024",43,0:00:00
2024-09-25,0NMT9nrJzuI,Fake family vlogs @souravjvlogs 💀 #roast #shorts,"Apr 26, 2024",43,0:00:00
2024-09-26,0NMT9nrJzuI,Fake family vlogs @souravjvlogs 💀 #roast #shorts,"Apr 26, 2024",43,0:00:00
2024-09-27,0NMT9nrJzuI,Fake family vlogs @souravjvlogs 💀 #roast #shorts,"Apr 26, 2024",43,0:00:00
2024-09-28,0NMT9nrJzuI,Fake family vlogs @souravjvlogs 💀 #roast #shorts,"Apr 26, 2024",43,0:00:00
2024-09-29,0NMT9nrJzuI,Fake family vlogs @souravjvlogs 💀 #roast #shorts,"Apr 26, 2024",43,0:00:00
2024-09-30,0NMT9nrJzuI,Fake family vlogs @souravjvlogs 💀 #roast #shorts,"Apr 26, 2024",43,0:00:00
2024-10-01,0NMT9nrJzuI,Fake family vlogs @souravjvlogs 💀 #roast #shorts,"Apr 26, 2024",43,0:00:00
2024-10-02,0NMT9nrJzuI,Fake family vlogs @souravjvlogs 💀 #roast #shorts,"Apr 26, 2024",43,0:00:00
2024-10-03,0NMT9nrJzuI,Fake family vlogs @souravjvlogs 💀 #roast #shorts,"Apr 26, 2024",43,0:00:00
2024-10-04,0NMT9nrJzuI,Fake family vlogs @souravjvlogs 💀 #roast #shorts,"Apr 26, 2024",43,0:00:00
2024-10-05,0NMT9nrJzuI,Fake family vlogs @souravjvlogs 💀 #roast #shorts,"Apr 26, 2024",43,0:00:00
2024-10-06,0NMT9nrJzuI,Fake family vlogs @souravjvlogs 💀 #roast #shorts,"Apr 26, 2024",43,0:00:00
2024-10-07,0NMT9nrJzuI,Fake family vlogs @souravjvlogs 💀 #roast #shorts,"Apr 26, 2024",43,0:00:00
2024-10-08,0NMT9nrJzuI,Fake family vlogs @souravjvlogs 💀 #roast #shorts,"Apr 26, 2024",43,0:00:00
2024-10-09,0NMT9nrJzuI,Fake family vlogs @souravjvlogs 💀 #roast #shorts,"Apr 26, 2024",43,0:00:00
2024-10-10,0NMT9nrJzuI,Fake family vlogs @souravjvlogs 💀 #roast #shorts,"Apr 26, 2024",43,0:00:00
2024-10-11,0NMT9nrJzuI,Fake family vlogs @souravjvlogs 💀 #roast #shorts,"Apr 26, 2024",43,0:00:00
2024-10-12,0NMT9nrJzuI,Fake family vlogs @souravjvlogs 💀 #roast #shorts,"Apr 26, 2024",43,0:00:00
2024-10-13,0NMT9nrJzuI,Fake family vlogs @souravjvlogs 💀 #roast #shorts,"Apr 26, 2024",43,0:00:00
2024-10-14,0NMT9nrJzuI,Fake family vlogs @souravjvlogs 💀 #roast #shorts,"Apr 26, 2024",43,0:00:00
2024-10-15,0NMT9nrJzuI,Fake family vlogs @souravjvlogs 💀 #roast #shorts,"Apr 26, 2024",43,0:00:00
2024-10-16,0NMT9nrJzuI,Fake family vlogs @souravjvlogs 💀 #roast #shorts,"Apr 26, 2024",43,0:00:00
2024-10-17,0NMT9nrJzuI,Fake family vlogs @souravjvlogs 💀 #roast #shorts,"Apr 26, 2024",43,0:00:00
2024-10-18,0NMT9nrJzuI,Fake family vlogs @souravjvlogs 💀 #roast #shorts,"Apr 26, 2024",43,0:00:00
2024-10-19,0NMT9nrJzuI,Fake family vlogs @souravjvlogs 💀 #roast #shorts,"Apr 26, 2024",43,0:00:00
2024-10-20,0NMT9nrJzuI,Fake family vlogs @souravjvlogs 💀 #roast #shorts,"Apr 26, 2024",43,0:00:00
2024-10-21,0NMT9nrJzuI,Fake family vlogs @souravjvlogs 💀 #roast #shorts,"Apr 26, 2024",43,0:00:00
2024-10-22,0NMT9nrJzuI,Fake family vlogs @souravjvlogs 💀 #roast #shorts,"Apr 26, 2024",43,0:00:00
2024-10-23,0NMT9nrJzuI,Fake family vlogs @souravjvlogs 💀 #roast #shorts,"Apr 26, 2024",43,0:00:00
2024-10-24,0NMT9nrJzuI,Fake family vlogs @souravjvlogs 💀 #roast #shorts,"Apr 26, 2024",43,0:00:00
2024-10-25,0NMT9nrJzuI,Fake family vlogs @souravjvlogs 💀 #roast #shorts,"Apr 26, 2024",43,0:00:00
2024-10-26,0NMT9nrJzuI,Fake family vlogs @souravjvlogs 💀 #roast #shorts,"Apr 26, 2024",43,0:00:00
2024-10-27,0NMT9nrJzuI,Fake family vlogs @souravjvlogs 💀 #roast #shorts,"Apr 26, 2024",43,0:00:00
2024-10-28,0NMT9nrJzuI,Fake family vlogs @souravjvlogs 💀 #roast #shorts,"Apr 26, 2024",43,0:00:00
2024-10-29,0NMT9nrJzuI,Fake family vlogs @souravjvlogs 💀 #roast #shorts,"Apr 26, 2024",43,0:00:00
2024-10-30,0NMT9nrJzuI,Fake family vlogs @souravjvlogs 💀 #roast #shorts,"Apr 26, 2024",43,0:00:00
2024-10-31,0NMT9nrJzuI,Fake family vlogs @souravjvlogs 💀 #roast #shorts,"Apr 26, 2024",43,0:00:00
2024-11-01,0NMT9nrJzuI,Fake family vlogs @souravjvlogs 💀 #roast #shorts,"Apr 26, 2024",43,0:00:00
2024-11-02,0NMT9nrJzuI,Fake family vlogs @souravjvlogs 💀 #roast #shorts,"Apr 26, 2024",43,0:00:00
2024-11-03,0NMT9nrJzuI,Fake family vlogs @souravjvlogs 💀 #roast #shorts,"Apr 26, 2024",43,0:00:00
2024-11-04,0NMT9nrJzuI,Fake family vlogs @souravjvlogs 💀 #roast #shorts,"Apr 26, 2024",43,0:00:00
2024-11-05,0NMT9nrJzuI,Fake family vlogs @souravjvlogs 💀 #roast #shorts,"Apr 26, 2024",43,0:00:00
2024-11-06,0NMT9nrJzuI,Fake family vlogs @souravjvlogs 💀 #roast #shorts,"Apr 26, 2024",43,0:00:00
2024-11-07,0NMT9nrJzuI,Fake family vlogs @souravjvlogs 💀 #roast #shorts,"Apr 26, 2024",43,0:00:00
2024-11-08,0NMT9nrJzuI,Fake family vlogs @souravjvlogs 💀 #roast #shorts,"Apr 26, 2024",43,0:00:00
2024-11-09,0NMT9nrJzuI,Fake family vlogs @souravjvlogs 💀 #roast #shorts,"Apr 26, 2024",43,0:00:00
2024-11-10,0NMT9nrJzuI,Fake family vlogs @souravjvlogs 💀 #roast #shorts,"Apr 26, 2024",43,0:00:00
2024-11-11,0NMT9nrJzuI,Fake family vlogs @souravjvlogs 💀 #roast #shorts,"Apr 26, 2024",43,0:00:00
2024-11-12,0NMT9nrJzuI,Fake family vlogs @souravjvlogs 💀 #roast #shorts,"Apr 26, 2024",43,0:00:00
2024-11-13,0NMT9nrJzuI,Fake family vlogs @souravjvlogs 💀 #roast #shorts,"Apr 26, 2024",43,0:00:00
2024-11-14,0NMT9nrJzuI,Fake family vlogs @souravjvlogs 💀 #roast #shorts,"Apr 26, 2024",43,0:00:00
2024-11-15,0NMT9nrJzuI,Fake family vlogs @souravjvlogs 💀 #roast #shorts,"Apr 26, 2024",43,0:00:00
2024-11-16,0NMT9nrJzuI,Fake family vlogs @souravjvlogs 💀 #roast #shorts,"Apr 26, 2024",43,0:00:00
2024-11-17,0NMT9nrJzuI,Fake family vlogs @souravjvlogs 💀 #roast #shorts,"Apr 26, 2024",43,0:00:00
2024-11-18,0NMT9nrJzuI,Fake family vlogs @souravjvlogs 💀 #roast #shorts,"Apr 26, 2024",43,0:00:00
2024-11-19,0NMT9nrJzuI,Fake family vlogs @souravjvlogs 💀 #roast #shorts,"Apr 26, 2024",43,0:00:00
2024-11-20,0NMT9nrJzuI,Fake family vlogs @souravjvlogs 💀 #roast #shorts,"Apr 26, 2024",43,0:00:00
2024-11-21,0NMT9nrJzuI,Fake family vlogs @souravjvlogs 💀 #roast #shorts,"Apr 26, 2024",43,0:00:00
2024-11-22,0NMT9nrJzuI,Fake family vlogs @souravjvlogs 💀 #roast #shorts,"Apr 26, 2024",43,0:00:00
2024-11-23,0NMT9nrJzuI,Fake family vlogs @souravjvlogs 💀 #roast #shorts,"Apr 26, 2024",43,0:00:00
2024-11-24,0NMT9nrJzuI,Fake family vlogs @souravjvlogs 💀 #roast #shorts,"Apr 26, 2024",43,0:00:00
2024-11-25,0NMT9nrJzuI,Fake family vlogs @souravjvlogs 💀 #roast #shorts,"Apr 26, 2024",43,0:00:00
2024-11-26,0NMT9nrJzuI,Fake family vlogs @souravjvlogs 💀 #roast #shorts,"Apr 26, 2024",43,0:00:00
2024-11-27,0NMT9nrJzuI,Fake family vlogs @souravjvlogs 💀 #roast #shorts,"Apr 26, 2024",43,0:00:00
2024-11-28,0NMT9nrJzuI,Fake family vlogs @souravjvlogs 💀 #roast #shorts,"Apr 26, 2024",43,0:00:00
2024-11-29,0NMT9nrJzuI,Fake family vlogs @souravjvlogs 💀 #roast #shorts,"Apr 26, 2024",43,0:00:00
2024-11-30,0NMT9nrJzuI,Fake family vlogs @souravjvlogs 💀 #roast #shorts,"Apr 26, 2024",43,0:00:00
2024-12-01,0NMT9nrJzuI,Fake family vlogs @souravjvlogs 💀 #roast #shorts,"Apr 26, 2024",43,0:00:00
2024-12-02,0NMT9nrJzuI,Fake family vlogs @souravjvlogs 💀 #roast #shorts,"Apr 26, 2024",43,0:00:00
2024-12-03,0NMT9nrJzuI,Fake family vlogs @souravjvlogs 💀 #roast #shorts,"Apr 26, 2024",43,0:00:00
2024-12-04,0NMT9nrJzuI,Fake family vlogs @souravjvlogs 💀 #roast #shorts,"Apr 26, 2024",43,0:00:00
2024-12-05,0NMT9nrJzuI,Fake family vlogs @souravjvlogs 💀 #roast #shorts,"Apr 26, 2024",43,0:00:00
2024-12-06,0NMT9nrJzuI,Fake family vlogs @souravjvlogs 💀 #roast #shorts,"Apr 26, 2024",43,0:00:00
2024-12-07,0NMT9nrJzuI,Fake family vlogs @souravjvlogs 💀 #roast #shorts,"Apr 26, 2024",43,0:00:00
2024-12-08,0NMT9nrJzuI,Fake family vlogs @souravjvlogs 💀 #roast #shorts,"Apr 26, 2024",43,0:00:00
2024-12-09,0NMT9nrJzuI,Fake family vlogs @souravjvlogs 💀 #roast #shorts,"Apr 26, 2024",43,0:00:00
2024-12-10,0NMT9nrJzuI,Fake family vlogs @souravjvlogs 💀 #roast #shorts,"Apr 26, 2024",43,0:00:00
2024-12-11,0NMT9nrJzuI,Fake family vlogs @souravjvlogs 💀 #roast #shorts,"Apr 26, 2024",43,0:00:00
2024-12-12,0NMT9nrJzuI,Fake family vlogs @souravjvlogs 💀 #roast #shorts,"Apr 26, 2024",43,0:00:00
2024-12-13,0NMT9nrJzuI,Fake family vlogs @souravjvlogs 💀 #roast #shorts,"Apr 26, 2024",43,0:00:00
2024-12-14,0NMT9nrJzuI,Fake family vlogs @souravjvlogs 💀 #roast #shorts,"Apr 26, 2024",43,0:00:00
2024-12-15,0NMT9nrJzuI,Fake family vlogs @souravjvlogs 💀 #roast #shorts,"Apr 26, 2024",43,0:00:00
2024-12-16,0NMT9nrJzuI,Fake family vlogs @souravjvlogs 💀 #roast #shorts,"Apr 26, 2024",43,0:00:00
2024-12-17,0NMT9nrJzuI,Fake family vlogs @souravjvlogs 💀 #roast #shorts,"Apr 26, 2024",43,0:00:00
2024-12-18,0NMT9nrJzuI,Fake family vlogs @souravjvlogs 💀 #roast #shorts,"Apr 26, 2024",43,0:00:00
2024-12-19,0NMT9nrJzuI,Fake family vlogs @souravjvlogs 💀 #roast #shorts,"Apr 26, 2024",43,0:00:00
2024-12-20,0NMT9nrJzuI,Fake family vlogs @souravjvlogs 💀 #roast #shorts,"Apr 26, 2024",43,0:00:00
2024-12-21,0NMT9nrJzuI,Fake family vlogs @souravjvlogs 💀 #roast #shorts,"Apr 26, 2024",43,0:00:00
2024-12-22,0NMT9nrJzuI,Fake family vlogs @souravjvlogs 💀 #roast #shorts,"Apr 26, 2024",43,0:00:00
2024-12-23,0NMT9nrJzuI,Fake family vlogs @souravjvlogs 💀 #roast #shorts,"Apr 26, 2024",43,0:00:00
2024-12-24,0NMT9nrJzuI,Fake family vlogs @souravjvlogs 💀 #roast #shorts,"Apr 26, 2024",43,0:00:00
2024-12-25,0NMT9nrJzuI,Fake family vlogs @souravjvlogs 💀 #roast #shorts,"Apr 26, 2024",43,0:00:00
2024-12-26,0NMT9nrJzuI,Fake family vlogs @souravjvlogs 💀 #roast #shorts,"Apr 26, 2024",43,0:00:00
2024-12-27,0NMT9nrJzuI,Fake family vlogs @souravjvlogs 💀 #roast #shorts,"Apr 26, 2024",43,0:00:00
2024-12-28,0NMT9nrJzuI,Fake family vlogs @souravjvlogs 💀 #roast #shorts,"Apr 26, 2024",43,0:00:00
2024-12-29,0NMT9nrJzuI,Fake family vlogs @souravjvlogs 💀 #roast #shorts,"Apr 26, 2024",43,0:00:00
2024-12-30,0NMT9nrJzuI,Fake family vlogs @souravjvlogs 💀 #roast #shorts,"Apr 26, 2024",43,0:00:00
2024-12-31,0NMT9nrJzuI,Fake family vlogs @souravjvlogs 💀 #roast #shorts,"Apr 26, 2024",43,0:00:00
2025-01-01,0NMT9nrJzuI,Fake family vlogs @souravjvlogs 💀 #roast #shorts,"Apr 26, 2024",43,0:00:00
2025-01-02,0NMT9nrJzuI,Fake family vlogs @souravjvlogs 💀 #roast #shorts,"Apr 26, 2024",43,0:00:00
2025-01-03,0NMT9nrJzuI,Fake family vlogs @souravjvlogs 💀 #roast #shorts,"Apr 26, 2024",43,0:00:00
2025-01-04,0NMT9nrJzuI,Fake family vlogs @souravjvlogs 💀 #roast #shorts,"Apr 26, 2024",43,0:00:00
2025-01-05,0NMT9nrJzuI,Fake family vlogs @souravjvlogs 💀 #roast #shorts,"Apr 26, 2024",43,0:00:00
2025-01-06,0NMT9nrJzuI,Fake family vlogs @souravjvlogs 💀 #roast #shorts,"Apr 26, 2024",43,0:00:00
2025-01-07,0NMT9nrJzuI,Fake family vlogs @souravjvlogs 💀 #roast #shorts,"Apr 26, 2024",43,0:00:00
2025-01-08,0NMT9nrJzuI,Fake family vlogs @souravjvlogs 💀 #roast #shorts,"Apr 26, 2024",43,0:00:00
2025-01-09,0NMT9nrJzuI,Fake family vlogs @souravjvlogs 💀 #roast #shorts,"Apr 26, 2024",43,0:00:00
2025-01-10,0NMT9nrJzuI,Fake family vlogs @souravjvlogs 💀 #roast #shorts,"Apr 26, 2024",43,0:00:00
2025-01-11,0NMT9nrJzuI,Fake family vlogs @souravjvlogs 💀 #roast #shorts,"Apr 26, 2024",43,0:00:00
2025-01-12,0NMT9nrJzuI,Fake family vlogs @souravjvlogs 💀 #roast #shorts,"Apr 26, 2024",43,0:00:00
2025-01-13,0NMT9nrJzuI,Fake family vlogs @souravjvlogs 💀 #roast #shorts,"Apr 26, 2024",43,0:00:00
2025-01-14,0NMT9nrJzuI,Fake family vlogs @souravjvlogs 💀 #roast #shorts,"Apr 26, 2024",43,0:00:00
2025-01-15,0NMT9nrJzuI,Fake family vlogs @souravjvlogs 💀 #roast #shorts,"Apr 26, 2024",43,0:00:00
2025-01-16,0NMT9nrJzuI,Fake family vlogs @souravjvlogs 💀 #roast #shorts,"Apr 26, 2024",43,0:00:00
2025-01-17,0NMT9nrJzuI,Fake family vlogs @souravjvlogs 💀 #roast #shorts,"Apr 26, 2024",43,0:00:00
2025-01-18,0NMT9nrJzuI,Fake family vlogs @souravjvlogs 💀 #roast #shorts,"Apr 26, 2024",43,0:00:00
2025-01-19,0NMT9nrJzuI,Fake family vlogs @souravjvlogs 💀 #roast #shorts,"Apr 26, 2024",43,0:00:00
2025-01-20,0NMT9nrJzuI,Fake family vlogs @souravjvlogs 💀 #roast #shorts,"Apr 26, 2024",43,0:00:00
2025-01-21,0NMT9nrJzuI,Fake family vlogs @souravjvlogs 💀 #roast #shorts,"Apr 26, 2024",43,0:00:00
2025-01-22,0NMT9nrJzuI,Fake family vlogs @souravjvlogs 💀 #roast #shorts,"Apr 26, 2024",43,0:00:00
2025-01-23,0NMT9nrJzuI,Fake family vlogs @souravjvlogs 💀 #roast #shorts,"Apr 26, 2024",43,0:00:00
2025-01-24,0NMT9nrJzuI,Fake family vlogs @souravjvlogs 💀 #roast #shorts,"Apr 26, 2024",43,0:00:00
2025-01-25,0NMT9nrJzuI,Fake family vlogs @souravjvlogs 💀 #roast #shorts,"Apr 26, 2024",43,0:00:00
2025-01-26,0NMT9nrJzuI,Fake family vlogs @souravjvlogs 💀 #roast #shorts,"Apr 26, 2024",43,0:00:00
2025-01-27,0NMT9nrJzuI,Fake family vlogs @souravjvlogs 💀 #roast #shorts,"Apr 26, 2024",43,0:00:00
2025-01-28,0NMT9nrJzuI,Fake family vlogs @souravjvlogs 💀 #roast #shorts,"Apr 26, 2024",43,0:00:00
2025-01-29,0NMT9nrJzuI,Fake family vlogs @souravjvlogs 💀 #roast #shorts,"Apr 26, 2024",43,0:00:00
2025-01-30,0NMT9nrJzuI,Fake family vlogs @souravjvlogs 💀 #roast #shorts,"Apr 26, 2024",43,0:00:00
2025-01-31,0NMT9nrJzuI,Fake family vlogs @souravjvlogs 💀 #roast #shorts,"Apr 26, 2024",43,0:00:00
2025-02-01,0NMT9nrJzuI,Fake family vlogs @souravjvlogs 💀 #roast #shorts,"Apr 26, 2024",43,0:00:00
2025-02-02,0NMT9nrJzuI,Fake family vlogs @souravjvlogs 💀 #roast #shorts,"Apr 26, 2024",43,0:00:00
2025-02-03,0NMT9nrJzuI,Fake family vlogs @souravjvlogs 💀 #roast #shorts,"Apr 26, 2024",43,0:00:00
2025-02-04,0NMT9nrJzuI,Fake family vlogs @souravjvlogs 💀 #roast #shorts,"Apr 26, 2024",43,0:00:00
2025-02-05,0NMT9nrJzuI,Fake family vlogs @souravjvlogs 💀 #roast #shorts,"Apr 26, 2024",43,0:00:00
2025-02-06,0NMT9nrJzuI,Fake family vlogs @souravjvlogs 💀 #roast #shorts,"Apr 26, 2024",43,0:00:00
2025-02-07,0NMT9nrJzuI,Fake family vlogs @souravjvlogs 💀 #roast #shorts,"Apr 26, 2024",43,0:00:00
2025-02-08,0NMT9nrJzuI,Fake family vlogs @souravjvlogs 💀 #roast #shorts,"Apr 26, 2024",43,0:00:00
2025-02-09,0NMT9nrJzuI,Fake family vlogs @souravjvlogs 💀 #roast #shorts,"Apr 26, 2024",43,0:00:00
2025-02-10,0NMT9nrJzuI,Fake family vlogs @souravjvlogs 💀 #roast #shorts,"Apr 26, 2024",43,0:00:00
2025-02-11,0NMT9nrJzuI,Fake family vlogs @souravjvlogs 💀 #roast #shorts,"Apr 26, 2024",43,0:00:00
2025-02-12,0NMT9nrJzuI,Fake family vlogs @souravjvlogs 💀 #roast #shorts,"Apr 26, 2024",43,0:00:00
2025-02-13,0NMT9nrJzuI,Fake family vlogs @souravjvlogs 💀 #roast #shorts,"Apr 26, 2024",43,0:00:00
2025-02-14,0NMT9nrJzuI,Fake family vlogs @souravjvlogs 💀 #roast #shorts,"Apr 26, 2024",43,0:00:00
2025-02-15,0NMT9nrJzuI,Fake family vlogs @souravjvlogs 💀 #roast #shorts,"Apr 26, 2024",43,0:00:00
2025-02-16,0NMT9nrJzuI,Fake family vlogs @souravjvlogs 💀 #roast #shorts,"Apr 26, 2024",43,0:00:00
2025-02-17,0NMT9nrJzuI,Fake family vlogs @souravjvlogs 💀 #roast #shorts,"Apr 26, 2024",43,0:00:00
2025-02-18,0NMT9nrJzuI,Fake family vlogs @souravjvlogs 💀 #roast #shorts,"Apr 26, 2024",43,0:00:00
2025-02-19,0NMT9nrJzuI,Fake family vlogs @souravjvlogs 💀 #roast #shorts,"Apr 26, 2024",43,0:00:00
2025-02-20,0NMT9nrJzuI,Fake family vlogs @souravjvlogs 💀 #roast #shorts,"Apr 26, 2024",43,0:00:00
2025-02-21,0NMT9nrJzuI,Fake family vlogs @souravjvlogs 💀 #roast #shorts,"Apr 26, 2024",43,0:00:00
2025-02-22,0NMT9nrJzuI,Fake family vlogs @souravjvlogs 💀 #roast #shorts,"Apr 26, 2024",43,0:00:00
2025-02-23,0NMT9nrJzuI,Fake family vlogs @souravjvlogs 💀 #roast #shorts,"Apr 26, 2024",43,0:00:00
2025-02-24,0NMT9nrJzuI,Fake family vlogs @souravjvlogs 💀 #roast #shorts,"Apr 26, 2024",43,0:00:00
2025-02-25,0NMT9nrJzuI,Fake family vlogs @souravjvlogs 💀 #roast #shorts,"Apr 26, 2024",43,0:00:00
2025-02-26,0NMT9nrJzuI,Fake family vlogs @souravjvlogs 💀 #roast #shorts,"Apr 26, 2024",43,0:00:00
2025-02-27,0NMT9nrJzuI,Fake family vlogs @souravjvlogs 💀 #roast #shorts,"Apr 26, 2024",43,0:00:00
2025-02-28,0NMT9nrJzuI,Fake family vlogs @souravjvlogs 💀 #roast #shorts,"Apr 26, 2024",43,0:00:00
2025-03-01,0NMT9nrJzuI,Fake family vlogs @souravjvlogs 💀 #roast #shorts,"Apr 26, 2024",43,0:00:00
2025-03-02,0NMT9nrJzuI,Fake family vlogs @souravjvlogs 💀 #roast #shorts,"Apr 26, 2024",43,0:00:00
2025-03-03,0NMT9nrJzuI,Fake family vlogs @souravjvlogs 💀 #roast #shorts,"Apr 26, 2024",43,0:00:00
2025-03-04,0NMT9nrJzuI,Fake family vlogs @souravjvlogs 💀 #roast #shorts,"Apr 26, 2024",43,0:00:00
2025-03-05,0NMT9nrJzuI,Fake family vlogs @souravjvlogs 💀 #roast #shorts,"Apr 26, 2024",43,0:00:00
2025-03-06,0NMT9nrJzuI,Fake family vlogs @souravjvlogs 💀 #roast #shorts,"Apr 26, 2024",43,0:00:00
2025-03-07,0NMT9nrJzuI,Fake family vlogs @souravjvlogs 💀 #roast #shorts,"Apr 26, 2024",43,0:00:00
2025-03-08,0NMT9nrJzuI,Fake family vlogs @souravjvlogs 💀 #roast #shorts,"Apr 26, 2024",43,0:00:00
2025-03-09,0NMT9nrJzuI,Fake family vlogs @souravjvlogs 💀 #roast #shorts,"Apr 26, 2024",43,0:00:00
2025-03-10,0NMT9nrJzuI,Fake family vlogs @souravjvlogs 💀 #roast #shorts,"Apr 26, 2024",43,0:00:00
2025-03-11,0NMT9nrJzuI,Fake family vlogs @souravjvlogs 💀 #roast #shorts,"Apr 26, 2024",43,0:00:00
2025-03-12,0NMT9nrJzuI,Fake family vlogs @souravjvlogs 💀 #roast #shorts,"Apr 26, 2024",43,0:00:00
2025-03-13,0NMT9nrJzuI,Fake family vlogs @souravjvlogs 💀 #roast #shorts,"Apr 26, 2024",43,0:00:00
2025-03-14,0NMT9nrJzuI,Fake family vlogs @souravjvlogs 💀 #roast #shorts,"Apr 26, 2024",43,0:00:00
2025-03-15,0NMT9nrJzuI,Fake family vlogs @souravjvlogs 💀 #roast #shorts,"Apr 26, 2024",43,0:00:00
2025-03-16,0NMT9nrJzuI,Fake family vlogs @souravjvlogs 💀 #roast #shorts,"Apr 26, 2024",43,0:00:00
2025-03-17,0NMT9nrJzuI,Fake family vlogs @souravjvlogs 💀 #roast #shorts,"Apr 26, 2024",43,0:00:00
2025-03-18,0NMT9nrJzuI,Fake family vlogs @souravjvlogs 💀 #roast #shorts,"Apr 26, 2024",43,0:00:00
2025-03-19,0NMT9nrJzuI,Fake family vlogs @souravjvlogs 💀 #roast #shorts,"Apr 26, 2024",43,0:00:00
2025-03-20,0NMT9nrJzuI,Fake family vlogs @souravjvlogs 💀 #roast #shorts,"Apr 26, 2024",43,0:00:00
2025-03-21,0NMT9nrJzuI,Fake family vlogs @souravjvlogs 💀 #roast #shorts,"Apr 26, 2024",43,0:00:00
2025-03-22,0NMT9nrJzuI,Fake family vlogs @souravjvlogs 💀 #roast #shorts,"Apr 26, 2024",43,0:00:00
2025-03-23,0NMT9nrJzuI,Fake family vlogs @souravjvlogs 💀 #roast #shorts,"Apr 26, 2024",43,0:00:00
2025-03-24,0NMT9nrJzuI,Fake family vlogs @souravjvlogs 💀 #roast #shorts,"Apr 26, 2024",43,0:00:00
2025-03-25,0NMT9nrJzuI,Fake family vlogs @souravjvlogs 💀 #roast #shorts,"Apr 26, 2024",43,0:00:00
2025-03-26,0NMT9nrJzuI,Fake family vlogs @souravjvlogs 💀 #roast #shorts,"Apr 26, 2024",43,0:00:00
2025-03-27,0NMT9nrJzuI,Fake family vlogs @souravjvlogs 💀 #roast #shorts,"Apr 26, 2024",43,0:00:00
2025-03-28,0NMT9nrJzuI,Fake family vlogs @souravjvlogs 💀 #roast #shorts,"Apr 26, 2024",43,0:00:00
2025-03-29,0NMT9nrJzuI,Fake family vlogs @souravjvlogs 💀 #roast #shorts,"Apr 26, 2024",43,0:00:00
2025-03-30,0NMT9nrJzuI,Fake family vlogs @souravjvlogs 💀 #roast #shorts,"Apr 26, 2024",43,0:00:00
2025-03-31,0NMT9nrJzuI,Fake family vlogs @souravjvlogs 💀 #roast #shorts,"Apr 26, 2024",43,0:00:00
2025-04-01,0NMT9nrJzuI,Fake family vlogs @souravjvlogs 💀 #roast #shorts,"Apr 26, 2024",43,0:00:00
2025-04-02,0NMT9nrJzuI,Fake family vlogs @souravjvlogs 💀 #roast #shorts,"Apr 26, 2024",43,0:00:00
2025-04-03,0NMT9nrJzuI,Fake family vlogs @souravjvlogs 💀 #roast #shorts,"Apr 26, 2024",43,0:00:00
2025-04-04,0NMT9nrJzuI,Fake family vlogs @souravjvlogs 💀 #roast #shorts,"Apr 26, 2024",43,0:00:00
2025-04-05,0NMT9nrJzuI,Fake family vlogs @souravjvlogs 💀 #roast #shorts,"Apr 26, 2024",43,0:00:00
2025-04-06,0NMT9nrJzuI,Fake family vlogs @souravjvlogs 💀 #roast #shorts,"Apr 26, 2024",43,0:00:00
2025-04-07,0NMT9nrJzuI,Fake family vlogs @souravjvlogs 💀 #roast #shorts,"Apr 26, 2024",43,0:00:00
2025-04-08,0NMT9nrJzuI,Fake family vlogs @souravjvlogs 💀 #roast #shorts,"Apr 26, 2024",43,0:00:00
2025-04-09,0NMT9nrJzuI,Fake family vlogs @souravjvlogs 💀 #roast #shorts,"Apr 26, 2024",43,0:00:00
2025-04-10,0NMT9nrJzuI,Fake family vlogs @souravjvlogs 💀 #roast #shorts,"Apr 26, 2024",43,0:00:00
2025-04-11,0NMT9nrJzuI,Fake family vlogs @souravjvlogs 💀 #roast #shorts,"Apr 26, 2024",43,0:00:00
2025-04-12,0NMT9nrJzuI,Fake family vlogs @souravjvlogs 💀 #roast #shorts,"Apr 26, 2024",43,0:00:00
2025-04-13,0NMT9nrJzuI,Fake family vlogs @souravjvlogs 💀 #roast #shorts,"Apr 26, 2024",43,0:00:00
2025-04-14,0NMT9nrJzuI,Fake family vlogs @souravjvlogs 💀 #roast #shorts,"Apr 26, 2024",43,0:00:00
2025-04-15,0NMT9nrJzuI,Fake family vlogs @souravjvlogs 💀 #roast #shorts,"Apr 26, 2024",43,0:00:00
2025-04-16,0NMT9nrJzuI,Fake family vlogs @souravjvlogs 💀 #roast #shorts,"Apr 26, 2024",43,0:00:00
2025-04-17,0NMT9nrJzuI,Fake family vlogs @souravjvlogs 💀 #roast #shorts,"Apr 26, 2024",43,0:00:00
2025-04-18,0NMT9nrJzuI,Fake family vlogs @souravjvlogs 💀 #roast #shorts,"Apr 26, 2024",43,0:00:00
2025-04-19,0NMT9nrJzuI,Fake family vlogs @souravjvlogs 💀 #roast #shorts,"Apr 26, 2024",43,0:00:00
2025-04-20,0NMT9nrJzuI,Fake family vlogs @souravjvlogs 💀 #roast #shorts,"Apr 26, 2024",43,0:00:00
2025-04-21,0NMT9nrJzuI,Fake family vlogs @souravjvlogs 💀 #roast #shorts,"Apr 26, 2024",43,0:00:00
2025-04-22,0NMT9nrJzuI,Fake family vlogs @souravjvlogs 💀 #roast #shorts,"Apr 26, 2024",43,0:00:00
2025-04-23,0NMT9nrJzuI,Fake family vlogs @souravjvlogs 💀 #roast #shorts,"Apr 26, 2024",43,0:00:00
2025-04-24,0NMT9nrJzuI,Fake family vlogs @souravjvlogs 💀 #roast #shorts,"Apr 26, 2024",43,0:00:00
2025-04-25,0NMT9nrJzuI,Fake family vlogs @souravjvlogs 💀 #roast #shorts,"Apr 26, 2024",43,0:00:00
2025-04-26,0NMT9nrJzuI,Fake family vlogs @souravjvlogs 💀 #roast #shorts,"Apr 26, 2024",43,0:00:00
2025-04-27,0NMT9nrJzuI,Fake family vlogs @souravjvlogs 💀 #roast #shorts,"Apr 26, 2024",43,0:00:00
2025-04-28,0NMT9nrJzuI,Fake family vlogs @souravjvlogs 💀 #roast #shorts,"Apr 26, 2024",43,0:00:00
2025-04-29,0NMT9nrJzuI,Fake family vlogs @souravjvlogs 💀 #roast #shorts,"Apr 26, 2024",43,0:00:00
2025-04-30,0NMT9nrJzuI,Fake family vlogs @souravjvlogs 💀 #roast #shorts,"Apr 26, 2024",43,0:00:00
2025-05-01,0NMT9nrJzuI,Fake family vlogs @souravjvlogs 💀 #roast #shorts,"Apr 26, 2024",43,0:00:00
2025-05-02,0NMT9nrJzuI,Fake family vlogs @souravjvlogs 💀 #roast #shorts,"Apr 26, 2024",43,0:00:00
2025-05-03,0NMT9nrJzuI,Fake family vlogs @souravjvlogs 💀 #roast #shorts,"Apr 26, 2024",43,0:00:00
2025-05-04,0NMT9nrJzuI,Fake family vlogs @souravjvlogs 💀 #roast #shorts,"Apr 26, 2024",43,0:00:00
2025-05-05,0NMT9nrJzuI,Fake family vlogs @souravjvlogs 💀 #roast #shorts,"Apr 26, 2024",43,0:00:00
2025-05-06,0NMT9nrJzuI,Fake family vlogs @souravjvlogs 💀 #roast #shorts,"Apr 26, 2024",43,0:00:00
2025-05-07,0NMT9nrJzuI,Fake family vlogs @souravjvlogs 💀 #roast #shorts,"Apr 26, 2024",43,0:00:00
2025-05-08,0NMT9nrJzuI,Fake family vlogs @souravjvlogs 💀 #roast #shorts,"Apr 26, 2024",43,0:00:00
2025-05-09,0NMT9nrJzuI,Fake family vlogs @souravjvlogs 💀 #roast #shorts,"Apr 26, 2024",43,0:00:00
2025-05-10,0NMT9nrJzuI,Fake family vlogs @souravjvlogs 💀 #roast #shorts,"Apr 26, 2024",43,0:00:00
2025-05-11,0NMT9nrJzuI,Fake family vlogs @souravjvlogs 💀 #roast #shorts,"Apr 26, 2024",43,0:00:00
2025-05-12,0NMT9nrJzuI,Fake family vlogs @souravjvlogs 💀 #roast #shorts,"Apr 26, 2024",43,0:00:00
2025-05-13,0NMT9nrJzuI,Fake family vlogs @souravjvlogs 💀 #roast #shorts,"Apr 26, 2024",43,0:00:00
2025-05-14,0NMT9nrJzuI,Fake family vlogs @souravjvlogs 💀 #roast #shorts,"Apr 26, 2024",43,0:00:00
2025-05-15,0NMT9nrJzuI,Fake family vlogs @souravjvlogs 💀 #roast #shorts,"Apr 26, 2024",43,0:00:00
2025-05-16,0NMT9nrJzuI,Fake family vlogs @souravjvlogs 💀 #roast #shorts,"Apr 26, 2024",43,0:00:00
2025-05-17,0NMT9nrJzuI,Fake family vlogs @souravjvlogs 💀 #roast #shorts,"Apr 26, 2024",43,0:00:00
2025-05-18,0NMT9nrJzuI,Fake family vlogs @souravjvlogs 💀 #roast #shorts,"Apr 26, 2024",43,0:00:00
2025-05-19,0NMT9nrJzuI,Fake family vlogs @souravjvlogs 💀 #roast #shorts,"Apr 26, 2024",43,0:00:00
2025-05-20,0NMT9nrJzuI,Fake family vlogs @souravjvlogs 💀 #roast #shorts,"Apr 26, 2024",43,0:00:00
2025-05-21,0NMT9nrJzuI,Fake family vlogs @souravjvlogs 💀 #roast #shorts,"Apr 26, 2024",43,0:00:00
2025-05-22,0NMT9nrJzuI,Fake family vlogs @souravjvlogs 💀 #roast #shorts,"Apr 26, 2024",43,0:00:00
2025-05-23,0NMT9nrJzuI,Fake family vlogs @souravjvlogs 💀 #roast #shorts,"Apr 26, 2024",43,0:00:00
2025-05-24,0NMT9nrJzuI,Fake family vlogs @souravjvlogs 💀 #roast #shorts,"Apr 26, 2024",43,0:00:00
2025-05-25,0NMT9nrJzuI,Fake family vlogs @souravjvlogs 💀 #roast #shorts,"Apr 26, 2024",43,0:00:00
2025-05-26,0NMT9nrJzuI,Fake family vlogs @souravjvlogs 💀 #roast #shorts,"Apr 26, 2024",43,0:00:00
2025-05-27,0NMT9nrJzuI,Fake family vlogs @souravjvlogs 💀 #roast #shorts,"Apr 26, 2024",43,0:00:00
2025-05-28,0NMT9nrJzuI,Fake family vlogs @souravjvlogs 💀 #roast #shorts,"Apr 26, 2024",43,0:00:00
2025-05-29,0NMT9nrJzuI,Fake family vlogs @souravjvlogs 💀 #roast #shorts,"Apr 26, 2024",43,0:00:00
2025-05-30,0NMT9nrJzuI,Fake family vlogs @souravjvlogs 💀 #roast #shorts,"Apr 26, 2024",43,0:00:00
2025-05-31,0NMT9nrJzuI,Fake family vlogs @souravjvlogs 💀 #roast #shorts,"Apr 26, 2024",43,0:00:00
2025-06-01,0NMT9nrJzuI,Fake family vlogs @souravjvlogs 💀 #roast #shorts,"Apr 26, 2024",43,0:00:00
2025-06-02,0NMT9nrJzuI,Fake family vlogs @souravjvlogs 💀 #roast #shorts,"Apr 26, 2024",43,0:00:00
2025-06-03,0NMT9nrJzuI,Fake family vlogs @souravjvlogs 💀 #roast #shorts,"Apr 26, 2024",43,0:00:00
2025-06-04,0NMT9nrJzuI,Fake family vlogs @souravjvlogs 💀 #roast #shorts,"Apr 26, 2024",43,0:00:00
2025-06-05,0NMT9nrJzuI,Fake family vlogs @souravjvlogs 💀 #roast #shorts,"Apr 26, 2024",43,0:00:00
2025-06-06,0NMT9nrJzuI,Fake family vlogs @souravjvlogs 💀 #roast #shorts,"Apr 26, 2024",43,0:00:00
2025-06-07,0NMT9nrJzuI,Fake family vlogs @souravjvlogs 💀 #roast #shorts,"Apr 26, 2024",43,0:00:00
2025-06-08,0NMT9nrJzuI,Fake family vlogs @souravjvlogs 💀 #roast #shorts,"Apr 26, 2024",43,0:00:00
2025-06-09,0NMT9nrJzuI,Fake family vlogs @souravjvlogs 💀 #roast #shorts,"Apr 26, 2024",43,0:00:00
2025-06-10,0NMT9nrJzuI,Fake family vlogs @souravjvlogs 💀 #roast #shorts,"Apr 26, 2024",43,0:00:00
2025-06-11,0NMT9nrJzuI,Fake family vlogs @souravjvlogs 💀 #roast #shorts,"Apr 26, 2024",43,0:00:00
2025-06-12,0NMT9nrJzuI,Fake family vlogs @souravjvlogs 💀 #roast #shorts,"Apr 26, 2024",43,0:00:00
2025-06-13,0NMT9nrJzuI,Fake family vlogs @souravjvlogs 💀 #roast #shorts,"Apr 26, 2024",43,0:00:00
2025-06-14,0NMT9nrJzuI,Fake family vlogs @souravjvlogs 💀 #roast #shorts,"Apr 26, 2024",43,0:00:00
2025-06-15,0NMT9nrJzuI,Fake family vlogs @souravjvlogs 💀 #roast #shorts,"Apr 26, 2024",43,0:00:00
2025-06-16,0NMT9nrJzuI,Fake family vlogs @souravjvlogs 💀 #roast #shorts,"Apr 26, 2024",43,0:00:00
2025-06-17,0NMT9nrJzuI,Fake family vlogs @souravjvlogs 💀 #roast #shorts,"Apr 26, 2024",43,0:00:00
2025-06-18,0NMT9nrJzuI,Fake family vlogs @souravjvlogs 💀 #roast #shorts,"Apr 26, 2024",43,0:00:00
2025-06-19,0NMT9nrJzuI,Fake family vlogs @souravjvlogs 💀 #roast #shorts,"Apr 26, 2024",43,0:00:00
2025-06-20,0NMT9nrJzuI,Fake family vlogs @souravjvlogs 💀 #roast #shorts,"Apr 26, 2024",43,0:00:00
2025-06-21,0NMT9nrJzuI,Fake family vlogs @souravjvlogs 💀 #roast #shorts,"Apr 26, 2024",43,0:00:00
2025-06-22,0NMT9nrJzuI,Fake family vlogs @souravjvlogs 💀 #roast #shorts,"Apr 26, 2024",43,0:00:00
2025-06-23,0NMT9nrJzuI,Fake family vlogs @souravjvlogs 💀 #roast #shorts,"Apr 26, 2024",43,0:00:00
2025-06-24,0NMT9nrJzuI,Fake family vlogs @souravjvlogs 💀 #roast #shorts,"Apr 26, 2024",43,0:00:00
2025-06-25,0NMT9nrJzuI,Fake family vlogs @souravjvlogs 💀 #roast #shorts,"Apr 26, 2024",43,0:00:00
2025-06-26,0NMT9nrJzuI,Fake family vlogs @souravjvlogs 💀 #roast #shorts,"Apr 26, 2024",43,0:00:00
2025-06-27,0NMT9nrJzuI,Fake family vlogs @souravjvlogs 💀 #roast #shorts,"Apr 26, 2024",43,0:00:00
2025-06-28,0NMT9nrJzuI,Fake family vlogs @souravjvlogs 💀 #roast #shorts,"Apr 26, 2024",43,0:00:00
2025-06-29,0NMT9nrJzuI,Fake family vlogs @souravjvlogs 💀 #roast #shorts,"Apr 26, 2024",43,0:00:00
2025-06-30,0NMT9nrJzuI,Fake family vlogs @souravjvlogs 💀 #roast #shorts,"Apr 26, 2024",43,0:00:00
2025-07-01,0NMT9nrJzuI,Fake family vlogs @souravjvlogs 💀 #roast #shorts,"Apr 26, 2024",43,0:00:00
2025-07-02,0NMT9nrJzuI,Fake family vlogs @souravjvlogs 💀 #roast #shorts,"Apr 26, 2024",43,0:00:00
2025-07-03,0NMT9nrJzuI,Fake family vlogs @souravjvlogs 💀 #roast #shorts,"Apr 26, 2024",43,0:00:00
2025-07-04,0NMT9nrJzuI,Fake family vlogs @souravjvlogs 💀 #roast #shorts,"Apr 26, 2024",43,0:00:00
2025-07-05,0NMT9nrJzuI,Fake family vlogs @souravjvlogs 💀 #roast #shorts,"Apr 26, 2024",43,0:00:00
2025-07-06,0NMT9nrJzuI,Fake family vlogs @souravjvlogs 💀 #roast #shorts,"Apr 26, 2024",43,0:00:00
2025-07-07,0NMT9nrJzuI,Fake family vlogs @souravjvlogs 💀 #roast #shorts,"Apr 26, 2024",43,0:00:00
2025-07-08,0NMT9nrJzuI,Fake family vlogs @souravjvlogs 💀 #roast #shorts,"Apr 26, 2024",43,0:00:00
2025-07-09,0NMT9nrJzuI,Fake family vlogs @souravjvlogs 💀 #roast #shorts,"Apr 26, 2024",43,0:00:00
2025-07-10,0NMT9nrJzuI,Fake family vlogs @souravjvlogs 💀 #roast #shorts,"Apr 26, 2024",43,0:00:00
2025-07-11,0NMT9nrJzuI,Fake family vlogs @souravjvlogs 💀 #roast #shorts,"Apr 26, 2024",43,0:00:00
2025-07-12,0NMT9nrJzuI,Fake family vlogs @souravjvlogs 💀 #roast #shorts,"Apr 26, 2024",43,0:00:00
2025-07-13,0NMT9nrJzuI,Fake family vlogs @souravjvlogs 💀 #roast #shorts,"Apr 26, 2024",43,0:00:00
2025-07-14,0NMT9nrJzuI,Fake family vlogs @souravjvlogs 💀 #roast #shorts,"Apr 26, 2024",43,0:00:00
2025-07-15,0NMT9nrJzuI,Fake family vlogs @souravjvlogs 💀 #roast #shorts,"Apr 26, 2024",43,0:00:00
2025-07-16,0NMT9nrJzuI,Fake family vlogs @souravjvlogs 💀 #roast #shorts,"Apr 26, 2024",43,0:00:00
2025-07-17,0NMT9nrJzuI,Fake family vlogs @souravjvlogs 💀 #roast #shorts,"Apr 26, 2024",43,0:00:00
2025-07-18,0NMT9nrJzuI,Fake family vlogs @souravjvlogs 💀 #roast #shorts,"Apr 26, 2024",43,0:00:00
2025-07-19,0NMT9nrJzuI,Fake family vlogs @souravjvlogs 💀 #roast #shorts,"Apr 26, 2024",43,0:00:00
2025-07-20,0NMT9nrJzuI,Fake family vlogs @souravjvlogs 💀 #roast #shorts,"Apr 26, 2024",43,0:00:00
2025-07-21,0NMT9nrJzuI,Fake family vlogs @souravjvlogs 💀 #roast #shorts,"Apr 26, 2024",43,0:00:00
2025-07-22,0NMT9nrJzuI,Fake family vlogs @souravjvlogs 💀 #roast #shorts,"Apr 26, 2024",43,0:00:00
2025-07-23,0NMT9nrJzuI,Fake family vlogs @souravjvlogs 💀 #roast #shorts,"Apr 26, 2024",43,0:00:00
2025-07-24,0NMT9nrJzuI,Fake family vlogs @souravjvlogs 💀 #roast #shorts,"Apr 26, 2024",43,0:00:00
2025-07-25,0NMT9nrJzuI,Fake family vlogs @souravjvlogs 💀 #roast #shorts,"Apr 26, 2024",43,0:00:00
2025-07-26,0NMT9nrJzuI,Fake family vlogs @souravjvlogs 💀 #roast #shorts,"Apr 26, 2024",43,0:00:00
2025-07-27,0NMT9nrJzuI,Fake family vlogs @souravjvlogs 💀 #roast #shorts,"Apr 26, 2024",43,0:00:00
2025-07-28,0NMT9nrJzuI,Fake family vlogs @souravjvlogs 💀 #roast #shorts,"Apr 26, 2024",43,0:00:00
2025-07-29,0NMT9nrJzuI,Fake family vlogs @souravjvlogs 💀 #roast #shorts,"Apr 26, 2024",43,0:00:00
2025-07-30,0NMT9nrJzuI,Fake family vlogs @souravjvlogs 💀 #roast #shorts,"Apr 26, 2024",43,0:00:00
2025-07-31,0NMT9nrJzuI,Fake family vlogs @souravjvlogs 💀 #roast #shorts,"Apr 26, 2024",43,0:00:00
2025-08-01,0NMT9nrJzuI,Fake family vlogs @souravjvlogs 💀 #roast #shorts,"Apr 26, 2024",43,0:00:00
2025-08-02,0NMT9nrJzuI,Fake family vlogs @souravjvlogs 💀 #roast #shorts,"Apr 26, 2024",43,0:00:00
2025-08-03,0NMT9nrJzuI,Fake family vlogs @souravjvlogs 💀 #roast #shorts,"Apr 26, 2024",43,0:00:00
2025-08-04,0NMT9nrJzuI,Fake family vlogs @souravjvlogs 💀 #roast #shorts,"Apr 26, 2024",43,0:00:00
2025-08-05,0NMT9nrJzuI,Fake family vlogs @souravjvlogs 💀 #roast #shorts,"Apr 26, 2024",43,0:00:00
2025-08-06,0NMT9nrJzuI,Fake family vlogs @souravjvlogs 💀 #roast #shorts,"Apr 26, 2024",43,0:00:00
2025-08-07,0NMT9nrJzuI,Fake family vlogs @souravjvlogs 💀 #roast #shorts,"Apr 26, 2024",43,0:00:00
2025-08-08,0NMT9nrJzuI,Fake family vlogs @souravjvlogs 💀 #roast #shorts,"Apr 26, 2024",43,0:00:00
2025-08-09,0NMT9nrJzuI,Fake family vlogs @souravjvlogs 💀 #roast #shorts,"Apr 26, 2024",43,0:00:00
2025-08-10,0NMT9nrJzuI,Fake family vlogs @souravjvlogs 💀 #roast #shorts,"Apr 26, 2024",43,0:00:00
2025-08-11,0NMT9nrJzuI,Fake family vlogs @souravjvlogs 💀 #roast #shorts,"Apr 26, 2024",43,0:00:00
2025-08-12,0NMT9nrJzuI,Fake family vlogs @souravjvlogs 💀 #roast #shorts,"Apr 26, 2024",43,0:00:00
2025-08-13,0NMT9nrJzuI,Fake family vlogs @souravjvlogs 💀 #roast #shorts,"Apr 26, 2024",43,0:00:00
2025-08-14,0NMT9nrJzuI,Fake family vlogs @souravjvlogs 💀 #roast #shorts,"Apr 26, 2024",43,0:00:00
2025-08-15,0NMT9nrJzuI,Fake family vlogs @souravjvlogs 💀 #roast #shorts,"Apr 26, 2024",43,0:00:00
2025-08-16,0NMT9nrJzuI,Fake family vlogs @souravjvlogs 💀 #roast #shorts,"Apr 26, 2024",43,0:00:00
2025-08-17,0NMT9nrJzuI,Fake family vlogs @souravjvlogs 💀 #roast #shorts,"Apr 26, 2024",43,0:00:00
2025-08-18,0NMT9nrJzuI,Fake family vlogs @souravjvlogs 💀 #roast #shorts,"Apr 26, 2024",43,0:00:00
2025-08-19,0NMT9nrJzuI,Fake family vlogs @souravjvlogs 💀 #roast #shorts,"Apr 26, 2024",43,0:00:00
2025-08-20,0NMT9nrJzuI,Fake family vlogs @souravjvlogs 💀 #roast #shorts,"Apr 26, 2024",43,0:00:00
2025-08-21,0NMT9nrJzuI,Fake family vlogs @souravjvlogs 💀 #roast #shorts,"Apr 26, 2024",43,0:00:00
2025-08-22,0NMT9nrJzuI,Fake family vlogs @souravjvlogs 💀 #roast #shorts,"Apr 26, 2024",43,0:00:00
2025-08-23,0NMT9nrJzuI,Fake family vlogs @souravjvlogs 💀 #roast #shorts,"Apr 26, 2024",43,0:00:00
2025-08-24,0NMT9nrJzuI,Fake family vlogs @souravjvlogs 💀 #roast #shorts,"Apr 26, 2024",43,0:00:00
2025-08-25,0NMT9nrJzuI,Fake family vlogs @souravjvlogs 💀 #roast #shorts,"Apr 26, 2024",43,0:00:00
2025-08-26,0NMT9nrJzuI,Fake family vlogs @souravjvlogs 💀 #roast #shorts,"Apr 26, 2024",43,0:00:00
2025-08-27,0NMT9nrJzuI,Fake family vlogs @souravjvlogs 💀 #roast #shorts,"Apr 26, 2024",43,0:00:00
2025-08-28,0NMT9nrJzuI,Fake family vlogs @souravjvlogs 💀 #roast #shorts,"Apr 26, 2024",43,0:00:00
2025-08-29,0NMT9nrJzuI,Fake family vlogs @souravjvlogs 💀 #roast #shorts,"Apr 26, 2024",43,0:00:00
2025-08-30,0NMT9nrJzuI,Fake family vlogs @souravjvlogs 💀 #roast #shorts,"Apr 26, 2024",43,0:00:00
2025-08-31,0NMT9nrJzuI,Fake family vlogs @souravjvlogs 💀 #roast #shorts,"Apr 26, 2024",43,0:00:00
2025-09-01,0NMT9nrJzuI,Fake family vlogs @souravjvlogs 💀 #roast #shorts,"Apr 26, 2024",43,0:00:00
2025-09-02,0NMT9nrJzuI,Fake family vlogs @souravjvlogs 💀 #roast #shorts,"Apr 26, 2024",43,0:00:00
2025-09-03,0NMT9nrJzuI,Fake family vlogs @souravjvlogs 💀 #roast #shorts,"Apr 26, 2024",43,0:00:00
2025-09-04,0NMT9nrJzuI,Fake family vlogs @souravjvlogs 💀 #roast #shorts,"Apr 26, 2024",43,0:00:00
2025-09-05,0NMT9nrJzuI,Fake family vlogs @souravjvlogs 💀 #roast #shorts,"Apr 26, 2024",43,0:00:00
2025-09-06,0NMT9nrJzuI,Fake family vlogs @souravjvlogs 💀 #roast #shorts,"Apr 26, 2024",43,0:00:00
2025-09-07,0NMT9nrJzuI,Fake family vlogs @souravjvlogs 💀 #roast #shorts,"Apr 26, 2024",43,0:00:00
2025-09-08,0NMT9nrJzuI,Fake family vlogs @souravjvlogs 💀 #roast #shorts,"Apr 26, 2024",43,0:00:00
2025-09-09,0NMT9nrJzuI,Fake family vlogs @souravjvlogs 💀 #roast #shorts,"Apr 26, 2024",43,0:00:00
2025-09-10,0NMT9nrJzuI,Fake family vlogs @souravjvlogs 💀 #roast #shorts,"Apr 26, 2024",43,0:00:00
2025-09-11,0NMT9nrJzuI,Fake family vlogs @souravjvlogs 💀 #roast #shorts,"Apr 26, 2024",43,0:00:00
2025-09-12,0NMT9nrJzuI,Fake family vlogs @souravjvlogs 💀 #roast #shorts,"Apr 26, 2024",43,0:00:00
2025-09-13,0NMT9nrJzuI,Fake family vlogs @souravjvlogs 💀 #roast #shorts,"Apr 26, 2024",43,0:00:00
2025-09-14,0NMT9nrJzuI,Fake family vlogs @souravjvlogs 💀 #roast #shorts,"Apr 26, 2024",43,0:00:00
2025-09-15,0NMT9nrJzuI,Fake family vlogs @souravjvlogs 💀 #roast #shorts,"Apr 26, 2024",43,0:00:00
2025-09-16,0NMT9nrJzuI,Fake family vlogs @souravjvlogs 💀 #roast #shorts,"Apr 26, 2024",43,0:00:00
2025-09-17,0NMT9nrJzuI,Fake family vlogs @souravjvlogs 💀 #roast #shorts,"Apr 26, 2024",43,0:00:00
2025-09-18,0NMT9nrJzuI,Fake family vlogs @souravjvlogs 💀 #roast #shorts,"Apr 26, 2024",43,0:00:00
2025-09-19,0NMT9nrJzuI,Fake family vlogs @souravjvlogs 💀 #roast #shorts,"Apr 26, 2024",43,0:00:00
2025-09-20,0NMT9nrJzuI,Fake family vlogs @souravjvlogs 💀 #roast #shorts,"Apr 26, 2024",43,0:00:00
2025-09-21,0NMT9nrJzuI,Fake family vlogs @souravjvlogs 💀 #roast #shorts,"Apr 26, 2024",43,0:00:00
2025-09-22,0NMT9nrJzuI,Fake family vlogs @souravjvlogs 💀 #roast #shorts,"Apr 26, 2024",43,0:00:00
2025-09-23,0NMT9nrJzuI,Fake family vlogs @souravjvlogs 💀 #roast #shorts,"Apr 26, 2024",43,0:00:00
2025-09-24,0NMT9nrJzuI,Fake family vlogs @souravjvlogs 💀 #roast #shorts,"Apr 26, 2024",43,0:00:00
2025-09-25,0NMT9nrJzuI,Fake family vlogs @souravjvlogs 💀 #roast #shorts,"Apr 26, 2024",43,0:00:00
2025-09-26,0NMT9nrJzuI,Fake family vlogs @souravjvlogs 💀 #roast #shorts,"Apr 26, 2024",43,0:00:00
2025-09-27,0NMT9nrJzuI,Fake family vlogs @souravjvlogs 💀 #roast #shorts,"Apr 26, 2024",43,0:00:00
2025-09-28,0NMT9nrJzuI,Fake family vlogs @souravjvlogs 💀 #roast #shorts,"Apr 26, 2024",43,0:00:00
2025-09-29,0NMT9nrJzuI,Fake family vlogs @souravjvlogs 💀 #roast #shorts,"Apr 26, 2024",43,0:00:00
2025-09-30,0NMT9nrJzuI,Fake family vlogs @souravjvlogs 💀 #roast #shorts,"Apr 26, 2024",43,0:00:00
2025-10-01,0NMT9nrJzuI,Fake family vlogs @souravjvlogs 💀 #roast #shorts,"Apr 26, 2024",43,0:00:00
2025-10-02,0NMT9nrJzuI,Fake family vlogs @souravjvlogs 💀 #roast #shorts,"Apr 26, 2024",43,0:00:00
2025-10-03,0NMT9nrJzuI,Fake family vlogs @souravjvlogs 💀 #roast #shorts,"Apr 26, 2024",43,0:00:00
2025-10-04,0NMT9nrJzuI,Fake family vlogs @souravjvlogs 💀 #roast #shorts,"Apr 26, 2024",43,0:00:00
2025-10-05,0NMT9nrJzuI,Fake family vlogs @souravjvlogs 💀 #roast #shorts,"Apr 26, 2024",43,0:00:00
2025-10-06,0NMT9nrJzuI,Fake family vlogs @souravjvlogs 💀 #roast #shorts,"Apr 26, 2024",43,0:00:00
2025-10-07,0NMT9nrJzuI,Fake family vlogs @souravjvlogs 💀 #roast #shorts,"Apr 26, 2024",43,0:00:00
2025-10-08,0NMT9nrJzuI,Fake family vlogs @souravjvlogs 💀 #roast #shorts,"Apr 26, 2024",43,0:00:00
2025-10-09,0NMT9nrJzuI,Fake family vlogs @souravjvlogs 💀 #roast #shorts,"Apr 26, 2024",43,0:00:00
2025-10-10,0NMT9nrJzuI,Fake family vlogs @souravjvlogs 💀 #roast #shorts,"Apr 26, 2024",43,0:00:00
2025-10-11,0NMT9nrJzuI,Fake family vlogs @souravjvlogs 💀 #roast #shorts,"Apr 26, 2024",43,0:00:00
2025-10-12,0NMT9nrJzuI,Fake family vlogs @souravjvlogs 💀 #roast #shorts,"Apr 26, 2024",43,0:00:00
2025-10-13,0NMT9nrJzuI,Fake family vlogs @souravjvlogs 💀 #roast #shorts,"Apr 26, 2024",43,0:00:00
2025-10-14,0NMT9nrJzuI,Fake family vlogs @souravjvlogs 💀 #roast #shorts,"Apr 26, 2024",43,0:00:00
2025-10-15,0NMT9nrJzuI,Fake family vlogs @souravjvlogs 💀 #roast #shorts,"Apr 26, 2024",43,0:00:00
2025-10-16,0NMT9nrJzuI,Fake family vlogs @souravjvlogs 💀 #roast #shorts,"Apr 26, 2024",43,0:00:00
2025-10-17,0NMT9nrJzuI,Fake family vlogs @souravjvlogs 💀 #roast #shorts,"Apr 26, 2024",43,0:00:00
2025-10-18,0NMT9nrJzuI,Fake family vlogs @souravjvlogs 💀 #roast #shorts,"Apr 26, 2024",43,0:00:00
2025-10-19,0NMT9nrJzuI,Fake family vlogs @souravjvlogs 💀 #roast #shorts,"Apr 26, 2024",43,0:00:00
2025-10-20,0NMT9nrJzuI,Fake family vlogs @souravjvlogs 💀 #roast #shorts,"Apr 26, 2024",43,0:00:00
2025-10-21,0NMT9nrJzuI,Fake family vlogs @souravjvlogs 💀 #roast #shorts,"Apr 26, 2024",43,0:00:00
2025-10-22,0NMT9nrJzuI,Fake family vlogs @souravjvlogs 💀 #roast #shorts,"Apr 26, 2024",43,0:00:00
2025-10-23,0NMT9nrJzuI,Fake family vlogs @souravjvlogs 💀 #roast #shorts,"Apr 26, 2024",43,0:00:00
2025-10-24,0NMT9nrJzuI,Fake family vlogs @souravjvlogs 💀 #roast #shorts,"Apr 26, 2024",43,0:00:00
2025-10-25,0NMT9nrJzuI,Fake family vlogs @souravjvlogs 💀 #roast #shorts,"Apr 26, 2024",43,0:00:00
2025-10-26,0NMT9nrJzuI,Fake family vlogs @souravjvlogs 💀 #roast #shorts,"Apr 26, 2024",43,0:00:00
2025-10-27,0NMT9nrJzuI,Fake family vlogs @souravjvlogs 💀 #roast #shorts,"Apr 26, 2024",43,0:00:00
2025-10-28,0NMT9nrJzuI,Fake family vlogs @souravjvlogs 💀 #roast #shorts,"Apr 26, 2024",43,0:00:00
2025-10-29,0NMT9nrJzuI,Fake family vlogs @souravjvlogs 💀 #roast #shorts,"Apr 26, 2024",43,0:00:00
2025-10-30,0NMT9nrJzuI,Fake family vlogs @souravjvlogs 💀 #roast #shorts,"Apr 26, 2024",43,0:00:00
2025-10-31,0NMT9nrJzuI,Fake family vlogs @souravjvlogs 💀 #roast #shorts,"Apr 26, 2024",43,0:00:00
2025-11-01,0NMT9nrJzuI,Fake family vlogs @souravjvlogs 💀 #roast #shorts,"Apr 26, 2024",43,0:00:00
2025-11-02,0NMT9nrJzuI,Fake family vlogs @souravjvlogs 💀 #roast #shorts,"Apr 26, 2024",43,0:00:00
2025-11-03,0NMT9nrJzuI,Fake family vlogs @souravjvlogs 💀 #roast #shorts,"Apr 26, 2024",43,0:00:00
2025-11-04,0NMT9nrJzuI,Fake family vlogs @souravjvlogs 💀 #roast #shorts,"Apr 26, 2024",43,0:00:00
2025-11-05,0NMT9nrJzuI,Fake family vlogs @souravjvlogs 💀 #roast #shorts,"Apr 26, 2024",43,0:00:00
2025-11-06,0NMT9nrJzuI,Fake family vlogs @souravjvlogs 💀 #roast #shorts,"Apr 26, 2024",43,0:00:00
2025-11-07,0NMT9nrJzuI,Fake family vlogs @souravjvlogs 💀 #roast #shorts,"Apr 26, 2024",43,0:00:00
2025-11-08,0NMT9nrJzuI,Fake family vlogs @souravjvlogs 💀 #roast #shorts,"Apr 26, 2024",43,0:00:00
2025-11-09,0NMT9nrJzuI,Fake family vlogs @souravjvlogs 💀 #roast #shorts,"Apr 26, 2024",43,0:00:00
2025-11-10,0NMT9nrJzuI,Fake family vlogs @souravjvlogs 💀 #roast #shorts,"Apr 26, 2024",43,0:00:00
2025-11-11,0NMT9nrJzuI,Fake family vlogs @souravjvlogs 💀 #roast #shorts,"Apr 26, 2024",43,0:00:00
2025-11-12,0NMT9nrJzuI,Fake family vlogs @souravjvlogs 💀 #roast #shorts,"Apr 26, 2024",43,0:00:00
2025-11-13,0NMT9nrJzuI,Fake family vlogs @souravjvlogs 💀 #roast #shorts,"Apr 26, 2024",43,0:00:00
2025-11-14,0NMT9nrJzuI,Fake family vlogs @souravjvlogs 💀 #roast #shorts,"Apr 26, 2024",43,0:00:00
2025-11-15,0NMT9nrJzuI,Fake family vlogs @souravjvlogs 💀 #roast #shorts,"Apr 26, 2024",43,0:00:00
2025-11-16,0NMT9nrJzuI,Fake family vlogs @souravjvlogs 💀 #roast #shorts,"Apr 26, 2024",43,0:00:00
2025-11-17,0NMT9nrJzuI,Fake family vlogs @souravjvlogs 💀 #roast #shorts,"Apr 26, 2024",43,0:00:00
2025-11-18,0NMT9nrJzuI,Fake family vlogs @souravjvlogs 💀 #roast #shorts,"Apr 26, 2024",43,0:00:00
2025-11-19,0NMT9nrJzuI,Fake family vlogs @souravjvlogs 💀 #roast #shorts,"Apr 26, 2024",43,0:00:00
2025-11-20,0NMT9nrJzuI,Fake family vlogs @souravjvlogs 💀 #roast #shorts,"Apr 26, 2024",43,0:00:00
2025-11-21,0NMT9nrJzuI,Fake family vlogs @souravjvlogs 💀 #roast #shorts,"Apr 26, 2024",43,0:00:00
2025-11-22,0NMT9nrJzuI,Fake family vlogs @souravjvlogs 💀 #roast #shorts,"Apr 26, 2024",43,0:00:00
2025-11-23,0NMT9nrJzuI,Fake family vlogs @souravjvlogs 💀 #roast #shorts,"Apr 26, 2024",43,0:00:00
2025-11-24,0NMT9nrJzuI,Fake family vlogs @souravjvlogs 💀 #roast #shorts,"Apr 26, 2024",43,0:00:00
2025-11-25,0NMT9nrJzuI,Fake family vlogs @souravjvlogs 💀 #roast #shorts,"Apr 26, 2024",43,0:00:00
2025-11-26,0NMT9nrJzuI,Fake family vlogs @souravjvlogs 💀 #roast #shorts,"Apr 26, 2024",43,0:00:00
2025-11-27,0NMT9nrJzuI,Fake family vlogs @souravjvlogs 💀 #roast #shorts,"Apr 26, 2024",43,0:00:00
2025-11-28,0NMT9nrJzuI,Fake family vlogs @souravjvlogs 💀 #roast #shorts,"Apr 26, 2024",43,0:00:00
2025-11-29,0NMT9nrJzuI,Fake family vlogs @souravjvlogs 💀 #roast #shorts,"Apr 26, 2024",43,0:00:00
2025-11-30,0NMT9nrJzuI,Fake family vlogs @souravjvlogs 💀 #roast #shorts,"Apr 26, 2024",43,0:00:00
2025-12-01,0NMT9nrJzuI,Fake family vlogs @souravjvlogs 💀 #roast #shorts,"Apr 26, 2024",43,0:00:00
2025-12-02,0NMT9nrJzuI,Fake family vlogs @souravjvlogs 💀 #roast #shorts,"Apr 26, 2024",43,0:00:00
2025-12-03,0NMT9nrJzuI,Fake family vlogs @souravjvlogs 💀 #roast #shorts,"Apr 26, 2024",43,0:00:00
2025-12-04,0NMT9nrJzuI,Fake family vlogs @souravjvlogs 💀 #roast #shorts,"Apr 26, 2024",43,0:00:00
2025-12-05,0NMT9nrJzuI,Fake family vlogs @souravjvlogs 💀 #roast #shorts,"Apr 26, 2024",43,0:00:00
2025-12-06,0NMT9nrJzuI,Fake family vlogs @souravjvlogs 💀 #roast #shorts,"Apr 26, 2024",43,0:00:00
2025-12-07,0NMT9nrJzuI,Fake family vlogs @souravjvlogs 💀 #roast #shorts,"Apr 26, 2024",43,0:00:00
2025-12-08,0NMT9nrJzuI,Fake family vlogs @souravjvlogs 💀 #roast #shorts,"Apr 26, 2024",43,0:00:00
2025-12-09,0NMT9nrJzuI,Fake family vlogs @souravjvlogs 💀 #roast #shorts,"Apr 26, 2024",43,0:00:00
2025-12-10,0NMT9nrJzuI,Fake family vlogs @souravjvlogs 💀 #roast #shorts,"Apr 26, 2024",43,0:00:00
2025-12-11,0NMT9nrJzuI,Fake family vlogs @souravjvlogs 💀 #roast #shorts,"Apr 26, 2024",43,0:00:00
2025-12-12,0NMT9nrJzuI,Fake family vlogs @souravjvlogs 💀 #roast #shorts,"Apr 26, 2024",43,0:00:00
2025-12-13,0NMT9nrJzuI,Fake family vlogs @souravjvlogs 💀 #roast #shorts,"Apr 26, 2024",43,0:00:00
2025-12-14,0NMT9nrJzuI,Fake family vlogs @souravjvlogs 💀 #roast #shorts,"Apr 26, 2024",43,0:00:00
2025-12-15,0NMT9nrJzuI,Fake family vlogs @souravjvlogs 💀 #roast #shorts,"Apr 26, 2024",43,0:00:00
2025-12-16,0NMT9nrJzuI,Fake family vlogs @souravjvlogs 💀 #roast #shorts,"Apr 26, 2024",43,0:00:00
2025-12-17,0NMT9nrJzuI,Fake family vlogs @souravjvlogs 💀 #roast #shorts,"Apr 26, 2024",43,0:00:00
2025-12-18,0NMT9nrJzuI,Fake family vlogs @souravjvlogs 💀 #roast #shorts,"Apr 26, 2024",43,0:00:00
2025-12-19,0NMT9nrJzuI,Fake family vlogs @souravjvlogs 💀 #roast #shorts,"Apr 26, 2024",43,0:00:00
2025-12-20,0NMT9nrJzuI,Fake family vlogs @souravjvlogs 💀 #roast #shorts,"Apr 26, 2024",43,0:00:00
2025-12-21,0NMT9nrJzuI,Fake family vlogs @souravjvlogs 💀 #roast #shorts,"Apr 26, 2024",43,0:00:00
2025-12-22,0NMT9nrJzuI,Fake family vlogs @souravjvlogs 💀 #roast #shorts,"Apr 26, 2024",43,0:00:00
2025-12-23,0NMT9nrJzuI,Fake family vlogs @souravjvlogs 💀 #roast #shorts,"Apr 26, 2024",43,0:00:00
2025-12-24,0NMT9nrJzuI,Fake family vlogs @souravjvlogs 💀 #roast #shorts,"Apr 26, 2024",43,0:00:00
2025-12-25,0NMT9nrJzuI,Fake family vlogs @souravjvlogs 💀 #roast #shorts,"Apr 26, 2024",43,0:00:00
2025-12-26,0NMT9nrJzuI,Fake family vlogs @souravjvlogs 💀 #roast #shorts,"Apr 26, 2024",43,0:00:00
2025-12-27,0NMT9nrJzuI,Fake family vlogs @souravjvlogs 💀 #roast #shorts,"Apr 26, 2024",43,0:00:00
2025-12-28,0NMT9nrJzuI,Fake family vlogs @souravjvlogs 💀 #roast #shorts,"Apr 26, 2024",43,0:00:00
2025-12-29,0NMT9nrJzuI,Fake family vlogs @souravjvlogs 💀 #roast #shorts,"Apr 26, 2024",43,0:00:00
2025-12-30,0NMT9nrJzuI,Fake family vlogs @souravjvlogs 💀 #roast #shorts,"Apr 26, 2024",43,0:00:00
2025-12-31,0NMT9nrJzuI,Fake family vlogs @souravjvlogs 💀 #roast #shorts,"Apr 26, 2024",43,0:00:00
2026-01-01,0NMT9nrJzuI,Fake family vlogs @souravjvlogs 💀 #roast #shorts,"Apr 26, 2024",43,0:00:00
2026-01-02,0NMT9nrJzuI,Fake family vlogs @souravjvlogs 💀 #roast #shorts,"Apr 26, 2024",43,0:00:00
2026-01-03,0NMT9nrJzuI,Fake family vlogs @souravjvlogs 💀 #roast #shorts,"Apr 26, 2024",43,0:00:00
2026-01-04,0NMT9nrJzuI,Fake family vlogs @souravjvlogs 💀 #roast #shorts,"Apr 26, 2024",43,0:00:00
2026-01-05,0NMT9nrJzuI,Fake family vlogs @souravjvlogs 💀 #roast #shorts,"Apr 26, 2024",43,0:00:00
2026-01-06,0NMT9nrJzuI,Fake family vlogs @souravjvlogs 💀 #roast #shorts,"Apr 26, 2024",43,0:00:00
2026-01-07,0NMT9nrJzuI,Fake family vlogs @souravjvlogs 💀 #roast #shorts,"Apr 26, 2024",43,0:00:00
2026-01-08,0NMT9nrJzuI,Fake family vlogs @souravjvlogs 💀 #roast #shorts,"Apr 26, 2024",43,0:00:00
2026-01-09,0NMT9nrJzuI,Fake family vlogs @souravjvlogs 💀 #roast #shorts,"Apr 26, 2024",43,0:00:00
2026-01-10,0NMT9nrJzuI,Fake family vlogs @souravjvlogs 💀 #roast #shorts,"Apr 26, 2024",43,0:00:00
2026-01-11,0NMT9nrJzuI,Fake family vlogs @souravjvlogs 💀 #roast #shorts,"Apr 26, 2024",43,0:00:00
2026-01-12,0NMT9nrJzuI,Fake family vlogs @souravjvlogs 💀 #roast #shorts,"Apr 26, 2024",43,0:00:00
2026-01-13,0NMT9nrJzuI,Fake family vlogs @souravjvlogs 💀 #roast #shorts,"Apr 26, 2024",43,0:00:00
2026-01-14,0NMT9nrJzuI,Fake family vlogs @souravjvlogs 💀 #roast #shorts,"Apr 26, 2024",43,0:00:00
2026-01-15,0NMT9nrJzuI,Fake family vlogs @souravjvlogs 💀 #roast #shorts,"Apr 26, 2024",43,0:00:00
2026-01-16,0NMT9nrJzuI,Fake family vlogs @souravjvlogs 💀 #roast #shorts,"Apr 26, 2024",43,0:00:00
2026-01-17,0NMT9nrJzuI,Fake family vlogs @souravjvlogs 💀 #roast #shorts,"Apr 26, 2024",43,0:00:00
2026-01-18,0NMT9nrJzuI,Fake family vlogs @souravjvlogs 💀 #roast #shorts,"Apr 26, 2024",43,0:00:00
2026-01-19,0NMT9nrJzuI,Fake family vlogs @souravjvlogs 💀 #roast #shorts,"Apr 26, 2024",43,0:00:00
2026-01-20,0NMT9nrJzuI,Fake family vlogs @souravjvlogs 💀 #roast #shorts,"Apr 26, 2024",43,0:00:00
2026-01-21,0NMT9nrJzuI,Fake family vlogs @souravjvlogs 💀 #roast #shorts,"Apr 26, 2024",43,0:00:00
2026-01-22,0NMT9nrJzuI,Fake family vlogs @souravjvlogs 💀 #roast #shorts,"Apr 26, 2024",43,0:00:00
2026-01-23,0NMT9nrJzuI,Fake family vlogs @souravjvlogs 💀 #roast #shorts,"Apr 26, 2024",43,0:00:00
2026-01-24,0NMT9nrJzuI,Fake family vlogs @souravjvlogs 💀 #roast #shorts,"Apr 26, 2024",43,0:00:00
2026-01-25,0NMT9nrJzuI,Fake family vlogs @souravjvlogs 💀 #roast #shorts,"Apr 26, 2024",43,0:00:00
2026-01-26,0NMT9nrJzuI,Fake family vlogs @souravjvlogs 💀 #roast #shorts,"Apr 26, 2024",43,0:00:00
2026-01-27,0NMT9nrJzuI,Fake family vlogs @souravjvlogs 💀 #roast #shorts,"Apr 26, 2024",43,0:00:00
2026-01-28,0NMT9nrJzuI,Fake family vlogs @souravjvlogs 💀 #roast #shorts,"Apr 26, 2024",43,0:00:00
2026-01-29,0NMT9nrJzuI,Fake family vlogs @souravjvlogs 💀 #roast #shorts,"Apr 26, 2024",43,0:00:00
2026-01-30,0NMT9nrJzuI,Fake family vlogs @souravjvlogs 💀 #roast #shorts,"Apr 26, 2024",43,0:00:00
2026-01-31,0NMT9nrJzuI,Fake family vlogs @souravjvlogs 💀 #roast #shorts,"Apr 26, 2024",43,0:00:00
2026-02-01,0NMT9nrJzuI,Fake family vlogs @souravjvlogs 💀 #roast #shorts,"Apr 26, 2024",43,0:00:00
2026-02-02,0NMT9nrJzuI,Fake family vlogs @souravjvlogs 💀 #roast #shorts,"Apr 26, 2024",43,0:00:00
2026-02-03,0NMT9nrJzuI,Fake family vlogs @souravjvlogs 💀 #roast #shorts,"Apr 26, 2024",43,0:00:00
2026-02-04,0NMT9nrJzuI,Fake family vlogs @souravjvlogs 💀 #roast #shorts,"Apr 26, 2024",43,0:00:00
2026-02-05,0NMT9nrJzuI,Fake family vlogs @souravjvlogs 💀 #roast #shorts,"Apr 26, 2024",43,0:00:00
2026-02-06,0NMT9nrJzuI,Fake family vlogs @souravjvlogs 💀 #roast #shorts,"Apr 26, 2024",43,0:00:00
2026-02-07,0NMT9nrJzuI,Fake family vlogs @souravjvlogs 💀 #roast #shorts,"Apr 26, 2024",43,0:00:00
2026-02-08,0NMT9nrJzuI,Fake family vlogs @souravjvlogs 💀 #roast #shorts,"Apr 26, 2024",43,0:00:00
2026-02-09,0NMT9nrJzuI,Fake family vlogs @souravjvlogs 💀 #roast #shorts,"Apr 26, 2024",43,0:00:00
2026-02-10,0NMT9nrJzuI,Fake family vlogs @souravjvlogs 💀 #roast #shorts,"Apr 26, 2024",43,0:00:00
2026-02-11,0NMT9nrJzuI,Fake family vlogs @souravjvlogs 💀 #roast #shorts,"Apr 26, 2024",43,0:00:00
2026-02-12,0NMT9nrJzuI,Fake family vlogs @souravjvlogs 💀 #roast #shorts,"Apr 26, 2024",43,0:00:00
2026-02-13,0NMT9nrJzuI,Fake family vlogs @souravjvlogs 💀 #roast #shorts,"Apr 26, 2024",43,0:00:00
2026-02-14,0NMT9nrJzuI,Fake family vlogs @souravjvlogs 💀 #roast #shorts,"Apr 26, 2024",43,0:00:00
2026-02-15,0NMT9nrJzuI,Fake family vlogs @souravjvlogs 💀 #roast #shorts,"Apr 26, 2024",43,0:00:00
2026-02-16,0NMT9nrJzuI,Fake family vlogs @souravjvlogs 💀 #roast #shorts,"Apr 26, 2024",43,0:00:00
2026-02-17,0NMT9nrJzuI,Fake family vlogs @souravjvlogs 💀 #roast #shorts,"Apr 26, 2024",43,0:00:00
2026-02-18,0NMT9nrJzuI,Fake family vlogs @souravjvlogs 💀 #roast #shorts,"Apr 26, 2024",43,0:00:00
2026-02-19,0NMT9nrJzuI,Fake family vlogs @souravjvlogs 💀 #roast #shorts,"Apr 26, 2024",43,0:00:00
2026-02-20,0NMT9nrJzuI,Fake family vlogs @souravjvlogs 💀 #roast #shorts,"Apr 26, 2024",43,0:00:00
2026-02-21,0NMT9nrJzuI,Fake family vlogs @souravjvlogs 💀 #roast #shorts,"Apr 26, 2024",43,0:00:00
2026-02-22,0NMT9nrJzuI,Fake family vlogs @souravjvlogs 💀 #roast #shorts,"Apr 26, 2024",43,0:00:00
2026-02-23,0NMT9nrJzuI,Fake family vlogs @souravjvlogs 💀 #roast #shorts,"Apr 26, 2024",43,0:00:00
2026-02-24,0NMT9nrJzuI,Fake family vlogs @souravjvlogs 💀 #roast #shorts,"Apr 26, 2024",43,0:00:00
2026-02-25,0NMT9nrJzuI,Fake family vlogs @souravjvlogs 💀 #roast #shorts,"Apr 26, 2024",43,0:00:00
2026-02-26,0NMT9nrJzuI,Fake family vlogs @souravjvlogs 💀 #roast #shorts,"Apr 26, 2024",43,0:00:00
2026-02-27,0NMT9nrJzuI,Fake family vlogs @souravjvlogs 💀 #roast #shorts,"Apr 26, 2024",43,0:00:00
2026-02-28,0NMT9nrJzuI,Fake family vlogs @souravjvlogs 💀 #roast #shorts,"Apr 26, 2024",43,0:00:00
2026-03-01,0NMT9nrJzuI,Fake family vlogs @souravjvlogs 💀 #roast #shorts,"Apr 26, 2024",43,0:00:00
2026-03-02,0NMT9nrJzuI,Fake family vlogs @souravjvlogs 💀 #roast #shorts,"Apr 26, 2024",43,0:00:00
2026-03-03,0NMT9nrJzuI,Fake family vlogs @souravjvlogs 💀 #roast #shorts,"Apr 26, 2024",43,0:00:00
2026-03-04,0NMT9nrJzuI,Fake family vlogs @souravjvlogs 💀 #roast #shorts,"Apr 26, 2024",43,0:00:00
2026-03-05,0NMT9nrJzuI,Fake family vlogs @souravjvlogs 💀 #roast #shorts,"Apr 26, 2024",43,0:00:00
2026-03-06,0NMT9nrJzuI,Fake family vlogs @souravjvlogs 💀 #roast #shorts,"Apr 26, 2024",43,0:00:00
2026-03-07,0NMT9nrJzuI,Fake family vlogs @souravjvlogs 💀 #roast #shorts,"Apr 26, 2024",43,0:00:00
2026-03-08,0NMT9nrJzuI,Fake family vlogs @souravjvlogs 💀 #roast #shorts,"Apr 26, 2024",43,0:00:00
2026-03-09,0NMT9nrJzuI,Fake family vlogs @souravjvlogs 💀 #roast #shorts,"Apr 26, 2024",43,0:00:00
2026-03-10,0NMT9nrJzuI,Fake family vlogs @souravjvlogs 💀 #roast #shorts,"Apr 26, 2024",43,0:00:00
2026-03-11,0NMT9nrJzuI,Fake family vlogs @souravjvlogs 💀 #roast #shorts,"Apr 26, 2024",43,0:00:00
2026-03-12,0NMT9nrJzuI,Fake family vlogs @souravjvlogs 💀 #roast #shorts,"Apr 26, 2024",43,0:00:00
2026-03-13,0NMT9nrJzuI,Fake family vlogs @souravjvlogs 💀 #roast #shorts,"Apr 26, 2024",43,0:00:00
2026-03-14,0NMT9nrJzuI,Fake family vlogs @souravjvlogs 💀 #roast #shorts,"Apr 26, 2024",43,0:00:00
2026-03-15,0NMT9nrJzuI,Fake family vlogs @souravjvlogs 💀 #roast #shorts,"Apr 26, 2024",43,0:00:00
2026-03-16,0NMT9nrJzuI,Fake family vlogs @souravjvlogs 💀 #roast #shorts,"Apr 26, 2024",43,0:00:00
2026-03-17,0NMT9nrJzuI,Fake family vlogs @souravjvlogs 💀 #roast #shorts,"Apr 26, 2024",43,0:00:00
2026-03-18,0NMT9nrJzuI,Fake family vlogs @souravjvlogs 💀 #roast #shorts,"Apr 26, 2024",43,0:00:00
2026-03-19,0NMT9nrJzuI,Fake family vlogs @souravjvlogs 💀 #roast #shorts,"Apr 26, 2024",43,0:00:00
2026-03-20,0NMT9nrJzuI,Fake family vlogs @souravjvlogs 💀 #roast #shorts,"Apr 26, 2024",43,0:00:00
2026-03-21,0NMT9nrJzuI,Fake family vlogs @souravjvlogs 💀 #roast #shorts,"Apr 26, 2024",43,0:00:00
2026-03-22,0NMT9nrJzuI,Fake family vlogs @souravjvlogs 💀 #roast #shorts,"Apr 26, 2024",43,0:00:00
2026-03-23,0NMT9nrJzuI,Fake family vlogs @souravjvlogs 💀 #roast #shorts,"Apr 26, 2024",43,0:00:00
2026-03-24,0NMT9nrJzuI,Fake family vlogs @souravjvlogs 💀 #roast #shorts,"Apr 26, 2024",43,0:00:00
2026-03-25,0NMT9nrJzuI,Fake family vlogs @souravjvlogs 💀 #roast #shorts,"Apr 26, 2024",43,0:00:00
2026-03-26,0NMT9nrJzuI,Fake family vlogs @souravjvlogs 💀 #roast #shorts,"Apr 26, 2024",43,0:00:00
2026-03-27,0NMT9nrJzuI,Fake family vlogs @souravjvlogs 💀 #roast #shorts,"Apr 26, 2024",43,0:00:00
2026-03-28,0NMT9nrJzuI,Fake family vlogs @souravjvlogs 💀 #roast #shorts,"Apr 26, 2024",43,0:00:00
2026-03-29,0NMT9nrJzuI,Fake family vlogs @souravjvlogs 💀 #roast #shorts,"Apr 26, 2024",43,0:00:00
2026-03-30,0NMT9nrJzuI,Fake family vlogs @souravjvlogs 💀 #roast #shorts,"Apr 26, 2024",43,0:00:00
2026-03-31,0NMT9nrJzuI,Fake family vlogs @souravjvlogs 💀 #roast #shorts,"Apr 26, 2024",43,0:00:00
2026-04-01,0NMT9nrJzuI,Fake family vlogs @souravjvlogs 💀 #roast #shorts,"Apr 26, 2024",43,0:00:00
2026-04-02,0NMT9nrJzuI,Fake family vlogs @souravjvlogs 💀 #roast #shorts,"Apr 26, 2024",43,0:00:00
2026-04-03,0NMT9nrJzuI,Fake family vlogs @souravjvlogs 💀 #roast #shorts,"Apr 26, 2024",43,0:00:00
2026-04-04,0NMT9nrJzuI,Fake family vlogs @souravjvlogs 💀 #roast #shorts,"Apr 26, 2024",43,0:00:00
2026-04-05,0NMT9nrJzuI,Fake family vlogs @souravjvlogs 💀 #roast #shorts,"Apr 26, 2024",43,0:00:00
2026-04-06,0NMT9nrJzuI,Fake family vlogs @souravjvlogs 💀 #roast #shorts,"Apr 26, 2024",43,0:00:00
2026-04-07,0NMT9nrJzuI,Fake family vlogs @souravjvlogs 💀 #roast #shorts,"Apr 26, 2024",43,0:00:00
2026-04-08,0NMT9nrJzuI,Fake family vlogs @souravjvlogs 💀 #roast #shorts,"Apr 26, 2024",43,0:00:00
2026-04-09,0NMT9nrJzuI,Fake family vlogs @souravjvlogs 💀 #roast #shorts,"Apr 26, 2024",43,0:00:00
2026-04-10,0NMT9nrJzuI,Fake family vlogs @souravjvlogs 💀 #roast #shorts,"Apr 26, 2024",43,0:00:00
2026-04-11,0NMT9nrJzuI,Fake family vlogs @souravjvlogs 💀 #roast #shorts,"Apr 26, 2024",43,0:00:00
2026-04-12,0NMT9nrJzuI,Fake family vlogs @souravjvlogs 💀 #roast #shorts,"Apr 26, 2024",43,0:00:00
2026-04-13,0NMT9nrJzuI,Fake family vlogs @souravjvlogs 💀 #roast #shorts,"Apr 26, 2024",43,0:00:00
2026-04-14,0NMT9nrJzuI,Fake family vlogs @souravjvlogs 💀 #roast #shorts,"Apr 26, 2024",43,0:00:00
2026-04-15,0NMT9nrJzuI,Fake family vlogs @souravjvlogs 💀 #roast #shorts,"Apr 26, 2024",43,0:00:00
2026-04-16,0NMT9nrJzuI,Fake family vlogs @souravjvlogs 💀 #roast #shorts,"Apr 26, 2024",43,0:00:00
2026-04-17,0NMT9nrJzuI,Fake family vlogs @souravjvlogs 💀 #roast #shorts,"Apr 26, 2024",43,0:00:00
2026-04-18,0NMT9nrJzuI,Fake family vlogs @souravjvlogs 💀 #roast #shorts,"Apr 26, 2024",43,0:00:00
2026-04-19,0NMT9nrJzuI,Fake family vlogs @souravjvlogs 💀 #roast #shorts,"Apr 26, 2024",43,0:00:00
2026-04-20,0NMT9nrJzuI,Fake family vlogs @souravjvlogs 💀 #roast #shorts,"Apr 26, 2024",43,0:00:00
2026-04-21,0NMT9nrJzuI,Fake family vlogs @souravjvlogs 💀 #roast #shorts,"Apr 26, 2024",43,0:00:00
2026-04-22,0NMT9nrJzuI,Fake family vlogs @souravjvlogs 💀 #roast #shorts,"Apr 26, 2024",43,0:00:00
2026-04-23,0NMT9nrJzuI,Fake family vlogs @souravjvlogs 💀 #roast #shorts,"Apr 26, 2024",43,0:00:00
2026-04-24,0NMT9nrJzuI,Fake family vlogs @souravjvlogs 💀 #roast #shorts,"Apr 26, 2024",43,0:00:00
2026-04-25,0NMT9nrJzuI,Fake family vlogs @souravjvlogs 💀 #roast #shorts,"Apr 26, 2024",43,0:00:00
2026-04-26,0NMT9nrJzuI,Fake family vlogs @souravjvlogs 💀 #roast #shorts,"Apr 26, 2024",43,0:00:00
2026-04-27,0NMT9nrJzuI,Fake family vlogs @souravjvlogs 💀 #roast #shorts,"Apr 26, 2024",43,0:00:00
2026-04-28,0NMT9nrJzuI,Fake family vlogs @souravjvlogs 💀 #roast #shorts,"Apr 26, 2024",43,0:00:00
2026-04-29,0NMT9nrJzuI,Fake family vlogs @souravjvlogs 💀 #roast #shorts,"Apr 26, 2024",43,0:00:00
2026-04-30,0NMT9nrJzuI,Fake family vlogs @souravjvlogs 💀 #roast #shorts,"Apr 26, 2024",43,0:00:00
2026-05-01,0NMT9nrJzuI,Fake family vlogs @souravjvlogs 💀 #roast #shorts,"Apr 26, 2024",43,0:00:00
2026-05-02,0NMT9nrJzuI,Fake family vlogs @souravjvlogs 💀 #roast #shorts,"Apr 26, 2024",43,0:00:00
2026-05-03,0NMT9nrJzuI,Fake family vlogs @souravjvlogs 💀 #roast #shorts,"Apr 26, 2024",43,0:00:00
2026-05-04,0NMT9nrJzuI,Fake family vlogs @souravjvlogs 💀 #roast #shorts,"Apr 26, 2024",43,0:00:00
2026-05-05,0NMT9nrJzuI,Fake family vlogs @souravjvlogs 💀 #roast #shorts,"Apr 26, 2024",43,0:00:00
2026-05-06,0NMT9nrJzuI,Fake family vlogs @souravjvlogs 💀 #roast #shorts,"Apr 26, 2024",43,0:00:00
2026-05-07,0NMT9nrJzuI,Fake family vlogs @souravjvlogs 💀 #roast #shorts,"Apr 26, 2024",43,0:00:00
2026-05-08,0NMT9nrJzuI,Fake family vlogs @souravjvlogs 💀 #roast #shorts,"Apr 26, 2024",43,0:00:00
2026-05-09,0NMT9nrJzuI,Fake family vlogs @souravjvlogs 💀 #roast #shorts,"Apr 26, 2024",43,0:00:00
2026-05-10,0NMT9nrJzuI,Fake family vlogs @souravjvlogs 💀 #roast #shorts,"Apr 26, 2024",43,0:00:00
2026-05-11,0NMT9nrJzuI,Fake family vlogs @souravjvlogs 💀 #roast #shorts,"Apr 26, 2024",43,0:00:00
2026-05-12,0NMT9nrJzuI,Fake family vlogs @souravjvlogs 💀 #roast #shorts,"Apr 26, 2024",43,0:00:00
2026-05-13,0NMT9nrJzuI,Fake family vlogs @souravjvlogs 💀 #roast #shorts,"Apr 26, 2024",43,0:00:00
2026-05-14,0NMT9nrJzuI,Fake family vlogs @souravjvlogs 💀 #roast #shorts,"Apr 26, 2024",43,0:00:00
2026-05-15,0NMT9nrJzuI,Fake family vlogs @souravjvlogs 💀 #roast #shorts,"Apr 26, 2024",43,0:00:00
2026-05-16,0NMT9nrJzuI,Fake family vlogs @souravjvlogs 💀 #roast #shorts,"Apr 26, 2024",43,0:00:00
2026-05-17,0NMT9nrJzuI,Fake family vlogs @souravjvlogs 💀 #roast #shorts,"Apr 26, 2024",43,0:00:00
2026-05-18,0NMT9nrJzuI,Fake family vlogs @souravjvlogs 💀 #roast #shorts,"Apr 26, 2024",43,0:00:00
2026-05-19,0NMT9nrJzuI,Fake family vlogs @souravjvlogs 💀 #roast #shorts,"Apr 26, 2024",43,0:00:00
2026-05-20,0NMT9nrJzuI,Fake family vlogs @souravjvlogs 💀 #roast #shorts,"Apr 26, 2024",43,0:00:00
2026-05-21,0NMT9nrJzuI,Fake family vlogs @souravjvlogs 💀 #roast #shorts,"Apr 26, 2024",43,0:00:00
2026-05-22,0NMT9nrJzuI,Fake family vlogs @souravjvlogs 💀 #roast #shorts,"Apr 26, 2024",43,0:00:00
2026-05-23,0NMT9nrJzuI,Fake family vlogs @souravjvlogs 💀 #roast #shorts,"Apr 26, 2024",43,0:00:00
2026-05-24,0NMT9nrJzuI,Fake family vlogs @souravjvlogs 💀 #roast #shorts,"Apr 26, 2024",43,0:00:00
2026-05-25,0NMT9nrJzuI,Fake family vlogs @souravjvlogs 💀 #roast #shorts,"Apr 26, 2024",43,0:00:00
2026-05-26,0NMT9nrJzuI,Fake family vlogs @souravjvlogs 💀 #roast #shorts,"Apr 26, 2024",43,0:00:00
2026-05-27,0NMT9nrJzuI,Fake family vlogs @souravjvlogs 💀 #roast #shorts,"Apr 26, 2024",43,0:00:00
2026-05-28,0NMT9nrJzuI,Fake family vlogs @souravjvlogs 💀 #roast #shorts,"Apr 26, 2024",43,0:00:00
2026-05-29,0NMT9nrJzuI,Fake family vlogs @souravjvlogs 💀 #roast #shorts,"Apr 26, 2024",43,0:00:00
2026-05-30,0NMT9nrJzuI,Fake family vlogs @souravjvlogs 💀 #roast #shorts,"Apr 26, 2024",43,0:00:00
2026-05-31,0NMT9nrJzuI,Fake family vlogs @souravjvlogs 💀 #roast #shorts,"Apr 26, 2024",43,0:00:00
2026-06-01,0NMT9nrJzuI,Fake family vlogs @souravjvlogs 💀 #roast #shorts,"Apr 26, 2024",43,0:00:00
2026-06-02,0NMT9nrJzuI,Fake family vlogs @souravjvlogs 💀 #roast #shorts,"Apr 26, 2024",43,0:00:00
2026-06-03,0NMT9nrJzuI,Fake family vlogs @souravjvlogs 💀 #roast #shorts,"Apr 26, 2024",43,0:00:00
2026-06-04,0NMT9nrJzuI,Fake family vlogs @souravjvlogs 💀 #roast #shorts,"Apr 26, 2024",43,0:00:00
2026-06-05,0NMT9nrJzuI,Fake family vlogs @souravjvlogs 💀 #roast #shorts,"Apr 26, 2024",43,0:00:00
2026-06-06,0NMT9nrJzuI,Fake family vlogs @souravjvlogs 💀 #roast #shorts,"Apr 26, 2024",43,0:00:00
2026-06-07,0NMT9nrJzuI,Fake family vlogs @souravjvlogs 💀 #roast #shorts,"Apr 26, 2024",43,0:00:00
2026-06-08,0NMT9nrJzuI,Fake family vlogs @souravjvlogs 💀 #roast #shorts,"Apr 26, 2024",43,0:00:00
2026-06-09,0NMT9nrJzuI,Fake family vlogs @souravjvlogs 💀 #roast #shorts,"Apr 26, 2024",43,0:00:00
2026-06-10,0NMT9nrJzuI,Fake family vlogs @souravjvlogs 💀 #roast #shorts,"Apr 26, 2024",43,0:00:00
2026-06-11,0NMT9nrJzuI,Fake family vlogs @souravjvlogs 💀 #roast #shorts,"Apr 26, 2024",43,0:00:00
2026-06-12,0NMT9nrJzuI,Fake family vlogs @souravjvlogs 💀 #roast #shorts,"Apr 26, 2024",43,0:00:00
2026-06-13,0NMT9nrJzuI,Fake family vlogs @souravjvlogs 💀 #roast #shorts,"Apr 26, 2024",43,0:00:00
2026-06-14,0NMT9nrJzuI,Fake family vlogs @souravjvlogs 💀 #roast #shorts,"Apr 26, 2024",43,0:00:00
2026-06-15,0NMT9nrJzuI,Fake family vlogs @souravjvlogs 💀 #roast #shorts,"Apr 26, 2024",43,0:00:00
2026-06-16,0NMT9nrJzuI,Fake family vlogs @souravjvlogs 💀 #roast #shorts,"Apr 26, 2024",43,0:00:00
2026-06-17,0NMT9nrJzuI,Fake family vlogs @souravjvlogs 💀 #roast #shorts,"Apr 26, 2024",43,0:00:00
2026-06-18,0NMT9nrJzuI,Fake family vlogs @souravjvlogs 💀 #roast #shorts,"Apr 26, 2024",43,0:00:00
2026-06-19,0NMT9nrJzuI,Fake family vlogs @souravjvlogs 💀 #roast #shorts,"Apr 26, 2024",43,0:00:00
2026-06-20,0NMT9nrJzuI,Fake family vlogs @souravjvlogs 💀 #roast #shorts,"Apr 26, 2024",43,0:00:00
2026-06-21,0NMT9nrJzuI,Fake family vlogs @souravjvlogs 💀 #roast #shorts,"Apr 26, 2024",43,0:00:00
2026-06-22,0NMT9nrJzuI,Fake family vlogs @souravjvlogs 💀 #roast #shorts,"Apr 26, 2024",43,0:00:00
2026-06-23,0NMT9nrJzuI,Fake family vlogs @souravjvlogs 💀 #roast #shorts,"Apr 26, 2024",43,0:00:00
2026-06-24,0NMT9nrJzuI,Fake family vlogs @souravjvlogs 💀 #roast #shorts,"Apr 26, 2024",43,0:00:00
2023-06-24,9OjZUPHBM9g,kids on instagram 😂 #shorts,"Oct 6, 2024",30,0:00:00
2023-06-25,9OjZUPHBM9g,kids on instagram 😂 #shorts,"Oct 6, 2024",30,0:00:00
2023-06-26,9OjZUPHBM9g,kids on instagram 😂 #shorts,"Oct 6, 2024",30,0:00:00
2023-06-27,9OjZUPHBM9g,kids on instagram 😂 #shorts,"Oct 6, 2024",30,0:00:00
2023-06-28,9OjZUPHBM9g,kids on instagram 😂 #shorts,"Oct 6, 2024",30,0:00:00
2023-06-29,9OjZUPHBM9g,kids on instagram 😂 #shorts,"Oct 6, 2024",30,0:00:00
2023-06-30,9OjZUPHBM9g,kids on instagram 😂 #shorts,"Oct 6, 2024",30,0:00:00
2023-07-01,9OjZUPHBM9g,kids on instagram 😂 #shorts,"Oct 6, 2024",30,0:00:00
2023-07-02,9OjZUPHBM9g,kids on instagram 😂 #shorts,"Oct 6, 2024",30,0:00:00
2023-07-03,9OjZUPHBM9g,kids on instagram 😂 #shorts,"Oct 6, 2024",30,0:00:00
2023-07-04,9OjZUPHBM9g,kids on instagram 😂 #shorts,"Oct 6, 2024",30,0:00:00
2023-07-05,9OjZUPHBM9g,kids on instagram 😂 #shorts,"Oct 6, 2024",30,0:00:00
2023-07-06,9OjZUPHBM9g,kids on instagram 😂 #shorts,"Oct 6, 2024",30,0:00:00
2023-07-07,9OjZUPHBM9g,kids on instagram 😂 #shorts,"Oct 6, 2024",30,0:00:00
2023-07-08,9OjZUPHBM9g,kids on instagram 😂 #shorts,"Oct 6, 2024",30,0:00:00
2023-07-09,9OjZUPHBM9g,kids on instagram 😂 #shorts,"Oct 6, 2024",30,0:00:00
2023-07-10,9OjZUPHBM9g,kids on instagram 😂 #shorts,"Oct 6, 2024",30,0:00:00
2023-07-11,9OjZUPHBM9g,kids on instagram 😂 #shorts,"Oct 6, 2024",30,0:00:00
2023-07-12,9OjZUPHBM9g,kids on instagram 😂 #shorts,"Oct 6, 2024",30,0:00:00
2023-07-13,9OjZUPHBM9g,kids on instagram 😂 #shorts,"Oct 6, 2024",30,0:00:00
2023-07-14,9OjZUPHBM9g,kids on instagram 😂 #shorts,"Oct 6, 2024",30,0:00:00
2023-07-15,9OjZUPHBM9g,kids on instagram 😂 #shorts,"Oct 6, 2024",30,0:00:00
2023-07-16,9OjZUPHBM9g,kids on instagram 😂 #shorts,"Oct 6, 2024",30,0:00:00
2023-07-17,9OjZUPHBM9g,kids on instagram 😂 #shorts,"Oct 6, 2024",30,0:00:00
2023-07-18,9OjZUPHBM9g,kids on instagram 😂 #shorts,"Oct 6, 2024",30,0:00:00
2023-07-19,9OjZUPHBM9g,kids on instagram 😂 #shorts,"Oct 6, 2024",30,0:00:00
2023-07-20,9OjZUPHBM9g,kids on instagram 😂 #shorts,"Oct 6, 2024",30,0:00:00
2023-07-21,9OjZUPHBM9g,kids on instagram 😂 #shorts,"Oct 6, 2024",30,0:00:00
2023-07-22,9OjZUPHBM9g,kids on instagram 😂 #shorts,"Oct 6, 2024",30,0:00:00
2023-07-23,9OjZUPHBM9g,kids on instagram 😂 #shorts,"Oct 6, 2024",30,0:00:00
2023-07-24,9OjZUPHBM9g,kids on instagram 😂 #shorts,"Oct 6, 2024",30,0:00:00
2023-07-25,9OjZUPHBM9g,kids on instagram 😂 #shorts,"Oct 6, 2024",30,0:00:00
2023-07-26,9OjZUPHBM9g,kids on instagram 😂 #shorts,"Oct 6, 2024",30,0:00:00
2023-07-27,9OjZUPHBM9g,kids on instagram 😂 #shorts,"Oct 6, 2024",30,0:00:00
2023-07-28,9OjZUPHBM9g,kids on instagram 😂 #shorts,"Oct 6, 2024",30,0:00:00
2023-07-29,9OjZUPHBM9g,kids on instagram 😂 #shorts,"Oct 6, 2024",30,0:00:00
2023-07-30,9OjZUPHBM9g,kids on instagram 😂 #shorts,"Oct 6, 2024",30,0:00:00
2023-07-31,9OjZUPHBM9g,kids on instagram 😂 #shorts,"Oct 6, 2024",30,0:00:00
2023-08-01,9OjZUPHBM9g,kids on instagram 😂 #shorts,"Oct 6, 2024",30,0:00:00
2023-08-02,9OjZUPHBM9g,kids on instagram 😂 #shorts,"Oct 6, 2024",30,0:00:00
2023-08-03,9OjZUPHBM9g,kids on instagram 😂 #shorts,"Oct 6, 2024",30,0:00:00
2023-08-04,9OjZUPHBM9g,kids on instagram 😂 #shorts,"Oct 6, 2024",30,0:00:00
2023-08-05,9OjZUPHBM9g,kids on instagram 😂 #shorts,"Oct 6, 2024",30,0:00:00
2023-08-06,9OjZUPHBM9g,kids on instagram 😂 #shorts,"Oct 6, 2024",30,0:00:00
2023-08-07,9OjZUPHBM9g,kids on instagram 😂 #shorts,"Oct 6, 2024",30,0:00:00
2023-08-08,9OjZUPHBM9g,kids on instagram 😂 #shorts,"Oct 6, 2024",30,0:00:00
2023-08-09,9OjZUPHBM9g,kids on instagram 😂 #shorts,"Oct 6, 2024",30,0:00:00
2023-08-10,9OjZUPHBM9g,kids on instagram 😂 #shorts,"Oct 6, 2024",30,0:00:00
2023-08-11,9OjZUPHBM9g,kids on instagram 😂 #shorts,"Oct 6, 2024",30,0:00:00
2023-08-12,9OjZUPHBM9g,kids on instagram 😂 #shorts,"Oct 6, 2024",30,0:00:00
2023-08-13,9OjZUPHBM9g,kids on instagram 😂 #shorts,"Oct 6, 2024",30,0:00:00
2023-08-14,9OjZUPHBM9g,kids on instagram 😂 #shorts,"Oct 6, 2024",30,0:00:00
2023-08-15,9OjZUPHBM9g,kids on instagram 😂 #shorts,"Oct 6, 2024",30,0:00:00
2023-08-16,9OjZUPHBM9g,kids on instagram 😂 #shorts,"Oct 6, 2024",30,0:00:00
2023-08-17,9OjZUPHBM9g,kids on instagram 😂 #shorts,"Oct 6, 2024",30,0:00:00
2023-08-18,9OjZUPHBM9g,kids on instagram 😂 #shorts,"Oct 6, 2024",30,0:00:00
2023-08-19,9OjZUPHBM9g,kids on instagram 😂 #shorts,"Oct 6, 2024",30,0:00:00
2023-08-20,9OjZUPHBM9g,kids on instagram 😂 #shorts,"Oct 6, 2024",30,0:00:00
2023-08-21,9OjZUPHBM9g,kids on instagram 😂 #shorts,"Oct 6, 2024",30,0:00:00
2023-08-22,9OjZUPHBM9g,kids on instagram 😂 #shorts,"Oct 6, 2024",30,0:00:00
2023-08-23,9OjZUPHBM9g,kids on instagram 😂 #shorts,"Oct 6, 2024",30,0:00:00
2023-08-24,9OjZUPHBM9g,kids on instagram 😂 #shorts,"Oct 6, 2024",30,0:00:00
2023-08-25,9OjZUPHBM9g,kids on instagram 😂 #shorts,"Oct 6, 2024",30,0:00:00
2023-08-26,9OjZUPHBM9g,kids on instagram 😂 #shorts,"Oct 6, 2024",30,0:00:00
2023-08-27,9OjZUPHBM9g,kids on instagram 😂 #shorts,"Oct 6, 2024",30,0:00:00
2023-08-28,9OjZUPHBM9g,kids on instagram 😂 #shorts,"Oct 6, 2024",30,0:00:00
2023-08-29,9OjZUPHBM9g,kids on instagram 😂 #shorts,"Oct 6, 2024",30,0:00:00
2023-08-30,9OjZUPHBM9g,kids on instagram 😂 #shorts,"Oct 6, 2024",30,0:00:00
2023-08-31,9OjZUPHBM9g,kids on instagram 😂 #shorts,"Oct 6, 2024",30,0:00:00
2023-09-01,9OjZUPHBM9g,kids on instagram 😂 #shorts,"Oct 6, 2024",30,0:00:00
2023-09-02,9OjZUPHBM9g,kids on instagram 😂 #shorts,"Oct 6, 2024",30,0:00:00
2023-09-03,9OjZUPHBM9g,kids on instagram 😂 #shorts,"Oct 6, 2024",30,0:00:00
2023-09-04,9OjZUPHBM9g,kids on instagram 😂 #shorts,"Oct 6, 2024",30,0:00:00
2023-09-05,9OjZUPHBM9g,kids on instagram 😂 #shorts,"Oct 6, 2024",30,0:00:00
2023-09-06,9OjZUPHBM9g,kids on instagram 😂 #shorts,"Oct 6, 2024",30,0:00:00
2023-09-07,9OjZUPHBM9g,kids on instagram 😂 #shorts,"Oct 6, 2024",30,0:00:00
2023-09-08,9OjZUPHBM9g,kids on instagram 😂 #shorts,"Oct 6, 2024",30,0:00:00
2023-09-09,9OjZUPHBM9g,kids on instagram 😂 #shorts,"Oct 6, 2024",30,0:00:00
2023-09-10,9OjZUPHBM9g,kids on instagram 😂 #shorts,"Oct 6, 2024",30,0:00:00
2023-09-11,9OjZUPHBM9g,kids on instagram 😂 #shorts,"Oct 6, 2024",30,0:00:00
2023-09-12,9OjZUPHBM9g,kids on instagram 😂 #shorts,"Oct 6, 2024",30,0:00:00
2023-09-13,9OjZUPHBM9g,kids on instagram 😂 #shorts,"Oct 6, 2024",30,0:00:00
2023-09-14,9OjZUPHBM9g,kids on instagram 😂 #shorts,"Oct 6, 2024",30,0:00:00
2023-09-15,9OjZUPHBM9g,kids on instagram 😂 #shorts,"Oct 6, 2024",30,0:00:00
2023-09-16,9OjZUPHBM9g,kids on instagram 😂 #shorts,"Oct 6, 2024",30,0:00:00
2023-09-17,9OjZUPHBM9g,kids on instagram 😂 #shorts,"Oct 6, 2024",30,0:00:00
2023-09-18,9OjZUPHBM9g,kids on instagram 😂 #shorts,"Oct 6, 2024",30,0:00:00
2023-09-19,9OjZUPHBM9g,kids on instagram 😂 #shorts,"Oct 6, 2024",30,0:00:00
2023-09-20,9OjZUPHBM9g,kids on instagram 😂 #shorts,"Oct 6, 2024",30,0:00:00
2023-09-21,9OjZUPHBM9g,kids on instagram 😂 #shorts,"Oct 6, 2024",30,0:00:00
2023-09-22,9OjZUPHBM9g,kids on instagram 😂 #shorts,"Oct 6, 2024",30,0:00:00
2023-09-23,9OjZUPHBM9g,kids on instagram 😂 #shorts,"Oct 6, 2024",30,0:00:00
2023-09-24,9OjZUPHBM9g,kids on instagram 😂 #shorts,"Oct 6, 2024",30,0:00:00
2023-09-25,9OjZUPHBM9g,kids on instagram 😂 #shorts,"Oct 6, 2024",30,0:00:00
2023-09-26,9OjZUPHBM9g,kids on instagram 😂 #shorts,"Oct 6, 2024",30,0:00:00
2023-09-27,9OjZUPHBM9g,kids on instagram 😂 #shorts,"Oct 6, 2024",30,0:00:00
2023-09-28,9OjZUPHBM9g,kids on instagram 😂 #shorts,"Oct 6, 2024",30,0:00:00
2023-09-29,9OjZUPHBM9g,kids on instagram 😂 #shorts,"Oct 6, 2024",30,0:00:00
2023-09-30,9OjZUPHBM9g,kids on instagram 😂 #shorts,"Oct 6, 2024",30,0:00:00
2023-10-01,9OjZUPHBM9g,kids on instagram 😂 #shorts,"Oct 6, 2024",30,0:00:00
2023-10-02,9OjZUPHBM9g,kids on instagram 😂 #shorts,"Oct 6, 2024",30,0:00:00
2023-10-03,9OjZUPHBM9g,kids on instagram 😂 #shorts,"Oct 6, 2024",30,0:00:00
2023-10-04,9OjZUPHBM9g,kids on instagram 😂 #shorts,"Oct 6, 2024",30,0:00:00
2023-10-05,9OjZUPHBM9g,kids on instagram 😂 #shorts,"Oct 6, 2024",30,0:00:00
2023-10-06,9OjZUPHBM9g,kids on instagram 😂 #shorts,"Oct 6, 2024",30,0:00:00
2023-10-07,9OjZUPHBM9g,kids on instagram 😂 #shorts,"Oct 6, 2024",30,0:00:00
2023-10-08,9OjZUPHBM9g,kids on instagram 😂 #shorts,"Oct 6, 2024",30,0:00:00
2023-10-09,9OjZUPHBM9g,kids on instagram 😂 #shorts,"Oct 6, 2024",30,0:00:00
2023-10-10,9OjZUPHBM9g,kids on instagram 😂 #shorts,"Oct 6, 2024",30,0:00:00
2023-10-11,9OjZUPHBM9g,kids on instagram 😂 #shorts,"Oct 6, 2024",30,0:00:00
2023-10-12,9OjZUPHBM9g,kids on instagram 😂 #shorts,"Oct 6, 2024",30,0:00:00
2023-10-13,9OjZUPHBM9g,kids on instagram 😂 #shorts,"Oct 6, 2024",30,0:00:00
2023-10-14,9OjZUPHBM9g,kids on instagram 😂 #shorts,"Oct 6, 2024",30,0:00:00
2023-10-15,9OjZUPHBM9g,kids on instagram 😂 #shorts,"Oct 6, 2024",30,0:00:00
2023-10-16,9OjZUPHBM9g,kids on instagram 😂 #shorts,"Oct 6, 2024",30,0:00:00
2023-10-17,9OjZUPHBM9g,kids on instagram 😂 #shorts,"Oct 6, 2024",30,0:00:00
2023-10-18,9OjZUPHBM9g,kids on instagram 😂 #shorts,"Oct 6, 2024",30,0:00:00
2023-10-19,9OjZUPHBM9g,kids on instagram 😂 #shorts,"Oct 6, 2024",30,0:00:00
2023-10-20,9OjZUPHBM9g,kids on instagram 😂 #shorts,"Oct 6, 2024",30,0:00:00
2023-10-21,9OjZUPHBM9g,kids on instagram 😂 #shorts,"Oct 6, 2024",30,0:00:00
2023-10-22,9OjZUPHBM9g,kids on instagram 😂 #shorts,"Oct 6, 2024",30,0:00:00
2023-10-23,9OjZUPHBM9g,kids on instagram 😂 #shorts,"Oct 6, 2024",30,0:00:00
2023-10-24,9OjZUPHBM9g,kids on instagram 😂 #shorts,"Oct 6, 2024",30,0:00:00
2023-10-25,9OjZUPHBM9g,kids on instagram 😂 #shorts,"Oct 6, 2024",30,0:00:00
2023-10-26,9OjZUPHBM9g,kids on instagram 😂 #shorts,"Oct 6, 2024",30,0:00:00
2023-10-27,9OjZUPHBM9g,kids on instagram 😂 #shorts,"Oct 6, 2024",30,0:00:00
2023-10-28,9OjZUPHBM9g,kids on instagram 😂 #shorts,"Oct 6, 2024",30,0:00:00
2023-10-29,9OjZUPHBM9g,kids on instagram 😂 #shorts,"Oct 6, 2024",30,0:00:00
2023-10-30,9OjZUPHBM9g,kids on instagram 😂 #shorts,"Oct 6, 2024",30,0:00:00
2023-10-31,9OjZUPHBM9g,kids on instagram 😂 #shorts,"Oct 6, 2024",30,0:00:00
2023-11-01,9OjZUPHBM9g,kids on instagram 😂 #shorts,"Oct 6, 2024",30,0:00:00
2023-11-02,9OjZUPHBM9g,kids on instagram 😂 #shorts,"Oct 6, 2024",30,0:00:00
2023-11-03,9OjZUPHBM9g,kids on instagram 😂 #shorts,"Oct 6, 2024",30,0:00:00
2023-11-04,9OjZUPHBM9g,kids on instagram 😂 #shorts,"Oct 6, 2024",30,0:00:00
2023-11-05,9OjZUPHBM9g,kids on instagram 😂 #shorts,"Oct 6, 2024",30,0:00:00
2023-11-06,9OjZUPHBM9g,kids on instagram 😂 #shorts,"Oct 6, 2024",30,0:00:00
2023-11-07,9OjZUPHBM9g,kids on instagram 😂 #shorts,"Oct 6, 2024",30,0:00:00
2023-11-08,9OjZUPHBM9g,kids on instagram 😂 #shorts,"Oct 6, 2024",30,0:00:00
2023-11-09,9OjZUPHBM9g,kids on instagram 😂 #shorts,"Oct 6, 2024",30,0:00:00
2023-11-10,9OjZUPHBM9g,kids on instagram 😂 #shorts,"Oct 6, 2024",30,0:00:00
2023-11-11,9OjZUPHBM9g,kids on instagram 😂 #shorts,"Oct 6, 2024",30,0:00:00
2023-11-12,9OjZUPHBM9g,kids on instagram 😂 #shorts,"Oct 6, 2024",30,0:00:00
2023-11-13,9OjZUPHBM9g,kids on instagram 😂 #shorts,"Oct 6, 2024",30,0:00:00
2023-11-14,9OjZUPHBM9g,kids on instagram 😂 #shorts,"Oct 6, 2024",30,0:00:00
2023-11-15,9OjZUPHBM9g,kids on instagram 😂 #shorts,"Oct 6, 2024",30,0:00:00
2023-11-16,9OjZUPHBM9g,kids on instagram 😂 #shorts,"Oct 6, 2024",30,0:00:00
2023-11-17,9OjZUPHBM9g,kids on instagram 😂 #shorts,"Oct 6, 2024",30,0:00:00
2023-11-18,9OjZUPHBM9g,kids on instagram 😂 #shorts,"Oct 6, 2024",30,0:00:00
2023-11-19,9OjZUPHBM9g,kids on instagram 😂 #shorts,"Oct 6, 2024",30,0:00:00
2023-11-20,9OjZUPHBM9g,kids on instagram 😂 #shorts,"Oct 6, 2024",30,0:00:00
2023-11-21,9OjZUPHBM9g,kids on instagram 😂 #shorts,"Oct 6, 2024",30,0:00:00
2023-11-22,9OjZUPHBM9g,kids on instagram 😂 #shorts,"Oct 6, 2024",30,0:00:00
2023-11-23,9OjZUPHBM9g,kids on instagram 😂 #shorts,"Oct 6, 2024",30,0:00:00
2023-11-24,9OjZUPHBM9g,kids on instagram 😂 #shorts,"Oct 6, 2024",30,0:00:00
2023-11-25,9OjZUPHBM9g,kids on instagram 😂 #shorts,"Oct 6, 2024",30,0:00:00
2023-11-26,9OjZUPHBM9g,kids on instagram 😂 #shorts,"Oct 6, 2024",30,0:00:00
2023-11-27,9OjZUPHBM9g,kids on instagram 😂 #shorts,"Oct 6, 2024",30,0:00:00
2023-11-28,9OjZUPHBM9g,kids on instagram 😂 #shorts,"Oct 6, 2024",30,0:00:00
2023-11-29,9OjZUPHBM9g,kids on instagram 😂 #shorts,"Oct 6, 2024",30,0:00:00
2023-11-30,9OjZUPHBM9g,kids on instagram 😂 #shorts,"Oct 6, 2024",30,0:00:00
2023-12-01,9OjZUPHBM9g,kids on instagram 😂 #shorts,"Oct 6, 2024",30,0:00:00
2023-12-02,9OjZUPHBM9g,kids on instagram 😂 #shorts,"Oct 6, 2024",30,0:00:00
2023-12-03,9OjZUPHBM9g,kids on instagram 😂 #shorts,"Oct 6, 2024",30,0:00:00
2023-12-04,9OjZUPHBM9g,kids on instagram 😂 #shorts,"Oct 6, 2024",30,0:00:00
2023-12-05,9OjZUPHBM9g,kids on instagram 😂 #shorts,"Oct 6, 2024",30,0:00:00
2023-12-06,9OjZUPHBM9g,kids on instagram 😂 #shorts,"Oct 6, 2024",30,0:00:00
2023-12-07,9OjZUPHBM9g,kids on instagram 😂 #shorts,"Oct 6, 2024",30,0:00:00
2023-12-08,9OjZUPHBM9g,kids on instagram 😂 #shorts,"Oct 6, 2024",30,0:00:00
2023-12-09,9OjZUPHBM9g,kids on instagram 😂 #shorts,"Oct 6, 2024",30,0:00:00
2023-12-10,9OjZUPHBM9g,kids on instagram 😂 #shorts,"Oct 6, 2024",30,0:00:00
2023-12-11,9OjZUPHBM9g,kids on instagram 😂 #shorts,"Oct 6, 2024",30,0:00:00
2023-12-12,9OjZUPHBM9g,kids on instagram 😂 #shorts,"Oct 6, 2024",30,0:00:00
2023-12-13,9OjZUPHBM9g,kids on instagram 😂 #shorts,"Oct 6, 2024",30,0:00:00
2023-12-14,9OjZUPHBM9g,kids on instagram 😂 #shorts,"Oct 6, 2024",30,0:00:00
2023-12-15,9OjZUPHBM9g,kids on instagram 😂 #shorts,"Oct 6, 2024",30,0:00:00
2023-12-16,9OjZUPHBM9g,kids on instagram 😂 #shorts,"Oct 6, 2024",30,0:00:00
2023-12-17,9OjZUPHBM9g,kids on instagram 😂 #shorts,"Oct 6, 2024",30,0:00:00
2023-12-18,9OjZUPHBM9g,kids on instagram 😂 #shorts,"Oct 6, 2024",30,0:00:00
2023-12-19,9OjZUPHBM9g,kids on instagram 😂 #shorts,"Oct 6, 2024",30,0:00:00
2023-12-20,9OjZUPHBM9g,kids on instagram 😂 #shorts,"Oct 6, 2024",30,0:00:00
2023-12-21,9OjZUPHBM9g,kids on instagram 😂 #shorts,"Oct 6, 2024",30,0:00:00
2023-12-22,9OjZUPHBM9g,kids on instagram 😂 #shorts,"Oct 6, 2024",30,0:00:00
2023-12-23,9OjZUPHBM9g,kids on instagram 😂 #shorts,"Oct 6, 2024",30,0:00:00
2023-12-24,9OjZUPHBM9g,kids on instagram 😂 #shorts,"Oct 6, 2024",30,0:00:00
2023-12-25,9OjZUPHBM9g,kids on instagram 😂 #shorts,"Oct 6, 2024",30,0:00:00
2023-12-26,9OjZUPHBM9g,kids on instagram 😂 #shorts,"Oct 6, 2024",30,0:00:00
2023-12-27,9OjZUPHBM9g,kids on instagram 😂 #shorts,"Oct 6, 2024",30,0:00:00
2023-12-28,9OjZUPHBM9g,kids on instagram 😂 #shorts,"Oct 6, 2024",30,0:00:00
2023-12-29,9OjZUPHBM9g,kids on instagram 😂 #shorts,"Oct 6, 2024",30,0:00:00
2023-12-30,9OjZUPHBM9g,kids on instagram 😂 #shorts,"Oct 6, 2024",30,0:00:00
2023-12-31,9OjZUPHBM9g,kids on instagram 😂 #shorts,"Oct 6, 2024",30,0:00:00
2024-01-01,9OjZUPHBM9g,kids on instagram 😂 #shorts,"Oct 6, 2024",30,0:00:00
2024-01-02,9OjZUPHBM9g,kids on instagram 😂 #shorts,"Oct 6, 2024",30,0:00:00
2024-01-03,9OjZUPHBM9g,kids on instagram 😂 #shorts,"Oct 6, 2024",30,0:00:00
2024-01-04,9OjZUPHBM9g,kids on instagram 😂 #shorts,"Oct 6, 2024",30,0:00:00
2024-01-05,9OjZUPHBM9g,kids on instagram 😂 #shorts,"Oct 6, 2024",30,0:00:00
2024-01-06,9OjZUPHBM9g,kids on instagram 😂 #shorts,"Oct 6, 2024",30,0:00:00
2024-01-07,9OjZUPHBM9g,kids on instagram 😂 #shorts,"Oct 6, 2024",30,0:00:00
2024-01-08,9OjZUPHBM9g,kids on instagram 😂 #shorts,"Oct 6, 2024",30,0:00:00
2024-01-09,9OjZUPHBM9g,kids on instagram 😂 #shorts,"Oct 6, 2024",30,0:00:00
2024-01-10,9OjZUPHBM9g,kids on instagram 😂 #shorts,"Oct 6, 2024",30,0:00:00
2024-01-11,9OjZUPHBM9g,kids on instagram 😂 #shorts,"Oct 6, 2024",30,0:00:00
2024-01-12,9OjZUPHBM9g,kids on instagram 😂 #shorts,"Oct 6, 2024",30,0:00:00
2024-01-13,9OjZUPHBM9g,kids on instagram 😂 #shorts,"Oct 6, 2024",30,0:00:00
2024-01-14,9OjZUPHBM9g,kids on instagram 😂 #shorts,"Oct 6, 2024",30,0:00:00
2024-01-15,9OjZUPHBM9g,kids on instagram 😂 #shorts,"Oct 6, 2024",30,0:00:00
2024-01-16,9OjZUPHBM9g,kids on instagram 😂 #shorts,"Oct 6, 2024",30,0:00:00
2024-01-17,9OjZUPHBM9g,kids on instagram 😂 #shorts,"Oct 6, 2024",30,0:00:00
2024-01-18,9OjZUPHBM9g,kids on instagram 😂 #shorts,"Oct 6, 2024",30,0:00:00
2024-01-19,9OjZUPHBM9g,kids on instagram 😂 #shorts,"Oct 6, 2024",30,0:00:00
2024-01-20,9OjZUPHBM9g,kids on instagram 😂 #shorts,"Oct 6, 2024",30,0:00:00
2024-01-21,9OjZUPHBM9g,kids on instagram 😂 #shorts,"Oct 6, 2024",30,0:00:00
2024-01-22,9OjZUPHBM9g,kids on instagram 😂 #shorts,"Oct 6, 2024",30,0:00:00
2024-01-23,9OjZUPHBM9g,kids on instagram 😂 #shorts,"Oct 6, 2024",30,0:00:00
2024-01-24,9OjZUPHBM9g,kids on instagram 😂 #shorts,"Oct 6, 2024",30,0:00:00
2024-01-25,9OjZUPHBM9g,kids on instagram 😂 #shorts,"Oct 6, 2024",30,0:00:00
2024-01-26,9OjZUPHBM9g,kids on instagram 😂 #shorts,"Oct 6, 2024",30,0:00:00
2024-01-27,9OjZUPHBM9g,kids on instagram 😂 #shorts,"Oct 6, 2024",30,0:00:00
2024-01-28,9OjZUPHBM9g,kids on instagram 😂 #shorts,"Oct 6, 2024",30,0:00:00
2024-01-29,9OjZUPHBM9g,kids on instagram 😂 #shorts,"Oct 6, 2024",30,0:00:00
2024-01-30,9OjZUPHBM9g,kids on instagram 😂 #shorts,"Oct 6, 2024",30,0:00:00
2024-01-31,9OjZUPHBM9g,kids on instagram 😂 #shorts,"Oct 6, 2024",30,0:00:00
2024-02-01,9OjZUPHBM9g,kids on instagram 😂 #shorts,"Oct 6, 2024",30,0:00:00
2024-02-02,9OjZUPHBM9g,kids on instagram 😂 #shorts,"Oct 6, 2024",30,0:00:00
2024-02-03,9OjZUPHBM9g,kids on instagram 😂 #shorts,"Oct 6, 2024",30,0:00:00
2024-02-04,9OjZUPHBM9g,kids on instagram 😂 #shorts,"Oct 6, 2024",30,0:00:00
2024-02-05,9OjZUPHBM9g,kids on instagram 😂 #shorts,"Oct 6, 2024",30,0:00:00
2024-02-06,9OjZUPHBM9g,kids on instagram 😂 #shorts,"Oct 6, 2024",30,0:00:00
2024-02-07,9OjZUPHBM9g,kids on instagram 😂 #shorts,"Oct 6, 2024",30,0:00:00
2024-02-08,9OjZUPHBM9g,kids on instagram 😂 #shorts,"Oct 6, 2024",30,0:00:00
2024-02-09,9OjZUPHBM9g,kids on instagram 😂 #shorts,"Oct 6, 2024",30,0:00:00
2024-02-10,9OjZUPHBM9g,kids on instagram 😂 #shorts,"Oct 6, 2024",30,0:00:00
2024-02-11,9OjZUPHBM9g,kids on instagram 😂 #shorts,"Oct 6, 2024",30,0:00:00
2024-02-12,9OjZUPHBM9g,kids on instagram 😂 #shorts,"Oct 6, 2024",30,0:00:00
2024-02-13,9OjZUPHBM9g,kids on instagram 😂 #shorts,"Oct 6, 2024",30,0:00:00
2024-02-14,9OjZUPHBM9g,kids on instagram 😂 #shorts,"Oct 6, 2024",30,0:00:00
2024-02-15,9OjZUPHBM9g,kids on instagram 😂 #shorts,"Oct 6, 2024",30,0:00:00
2024-02-16,9OjZUPHBM9g,kids on instagram 😂 #shorts,"Oct 6, 2024",30,0:00:00
2024-02-17,9OjZUPHBM9g,kids on instagram 😂 #shorts,"Oct 6, 2024",30,0:00:00
2024-02-18,9OjZUPHBM9g,kids on instagram 😂 #shorts,"Oct 6, 2024",30,0:00:00
2024-02-19,9OjZUPHBM9g,kids on instagram 😂 #shorts,"Oct 6, 2024",30,0:00:00
2024-02-20,9OjZUPHBM9g,kids on instagram 😂 #shorts,"Oct 6, 2024",30,0:00:00
2024-02-21,9OjZUPHBM9g,kids on instagram 😂 #shorts,"Oct 6, 2024",30,0:00:00
2024-02-22,9OjZUPHBM9g,kids on instagram 😂 #shorts,"Oct 6, 2024",30,0:00:00
2024-02-23,9OjZUPHBM9g,kids on instagram 😂 #shorts,"Oct 6, 2024",30,0:00:00
2024-02-24,9OjZUPHBM9g,kids on instagram 😂 #shorts,"Oct 6, 2024",30,0:00:00
2024-02-25,9OjZUPHBM9g,kids on instagram 😂 #shorts,"Oct 6, 2024",30,0:00:00
2024-02-26,9OjZUPHBM9g,kids on instagram 😂 #shorts,"Oct 6, 2024",30,0:00:00
2024-02-27,9OjZUPHBM9g,kids on instagram 😂 #shorts,"Oct 6, 2024",30,0:00:00
2024-02-28,9OjZUPHBM9g,kids on instagram 😂 #shorts,"Oct 6, 2024",30,0:00:00
2024-02-29,9OjZUPHBM9g,kids on instagram 😂 #shorts,"Oct 6, 2024",30,0:00:00
2024-03-01,9OjZUPHBM9g,kids on instagram 😂 #shorts,"Oct 6, 2024",30,0:00:00
2024-03-02,9OjZUPHBM9g,kids on instagram 😂 #shorts,"Oct 6, 2024",30,0:00:00
2024-03-03,9OjZUPHBM9g,kids on instagram 😂 #shorts,"Oct 6, 2024",30,0:00:00
2024-03-04,9OjZUPHBM9g,kids on instagram 😂 #shorts,"Oct 6, 2024",30,0:00:00
2024-03-05,9OjZUPHBM9g,kids on instagram 😂 #shorts,"Oct 6, 2024",30,0:00:00
2024-03-06,9OjZUPHBM9g,kids on instagram 😂 #shorts,"Oct 6, 2024",30,0:00:00
2024-03-07,9OjZUPHBM9g,kids on instagram 😂 #shorts,"Oct 6, 2024",30,0:00:00
2024-03-08,9OjZUPHBM9g,kids on instagram 😂 #shorts,"Oct 6, 2024",30,0:00:00
2024-03-09,9OjZUPHBM9g,kids on instagram 😂 #shorts,"Oct 6, 2024",30,0:00:00
2024-03-10,9OjZUPHBM9g,kids on instagram 😂 #shorts,"Oct 6, 2024",30,0:00:00
2024-03-11,9OjZUPHBM9g,kids on instagram 😂 #shorts,"Oct 6, 2024",30,0:00:00
2024-03-12,9OjZUPHBM9g,kids on instagram 😂 #shorts,"Oct 6, 2024",30,0:00:00
2024-03-13,9OjZUPHBM9g,kids on instagram 😂 #shorts,"Oct 6, 2024",30,0:00:00
2024-03-14,9OjZUPHBM9g,kids on instagram 😂 #shorts,"Oct 6, 2024",30,0:00:00
2024-03-15,9OjZUPHBM9g,kids on instagram 😂 #shorts,"Oct 6, 2024",30,0:00:00
2024-03-16,9OjZUPHBM9g,kids on instagram 😂 #shorts,"Oct 6, 2024",30,0:00:00
2024-03-17,9OjZUPHBM9g,kids on instagram 😂 #shorts,"Oct 6, 2024",30,0:00:00
2024-03-18,9OjZUPHBM9g,kids on instagram 😂 #shorts,"Oct 6, 2024",30,0:00:00
2024-03-19,9OjZUPHBM9g,kids on instagram 😂 #shorts,"Oct 6, 2024",30,0:00:00
2024-03-20,9OjZUPHBM9g,kids on instagram 😂 #shorts,"Oct 6, 2024",30,0:00:00
2024-03-21,9OjZUPHBM9g,kids on instagram 😂 #shorts,"Oct 6, 2024",30,0:00:00
2024-03-22,9OjZUPHBM9g,kids on instagram 😂 #shorts,"Oct 6, 2024",30,0:00:00
2024-03-23,9OjZUPHBM9g,kids on instagram 😂 #shorts,"Oct 6, 2024",30,0:00:00
2024-03-24,9OjZUPHBM9g,kids on instagram 😂 #shorts,"Oct 6, 2024",30,0:00:00
2024-03-25,9OjZUPHBM9g,kids on instagram 😂 #shorts,"Oct 6, 2024",30,0:00:00
2024-03-26,9OjZUPHBM9g,kids on instagram 😂 #shorts,"Oct 6, 2024",30,0:00:00
2024-03-27,9OjZUPHBM9g,kids on instagram 😂 #shorts,"Oct 6, 2024",30,0:00:00
2024-03-28,9OjZUPHBM9g,kids on instagram 😂 #shorts,"Oct 6, 2024",30,0:00:00
2024-03-29,9OjZUPHBM9g,kids on instagram 😂 #shorts,"Oct 6, 2024",30,0:00:00
2024-03-30,9OjZUPHBM9g,kids on instagram 😂 #shorts,"Oct 6, 2024",30,0:00:00
2024-03-31,9OjZUPHBM9g,kids on instagram 😂 #shorts,"Oct 6, 2024",30,0:00:00
2024-04-01,9OjZUPHBM9g,kids on instagram 😂 #shorts,"Oct 6, 2024",30,0:00:00
2024-04-02,9OjZUPHBM9g,kids on instagram 😂 #shorts,"Oct 6, 2024",30,0:00:00
2024-04-03,9OjZUPHBM9g,kids on instagram 😂 #shorts,"Oct 6, 2024",30,0:00:00
2024-04-04,9OjZUPHBM9g,kids on instagram 😂 #shorts,"Oct 6, 2024",30,0:00:00
2024-04-05,9OjZUPHBM9g,kids on instagram 😂 #shorts,"Oct 6, 2024",30,0:00:00
2024-04-06,9OjZUPHBM9g,kids on instagram 😂 #shorts,"Oct 6, 2024",30,0:00:00
2024-04-07,9OjZUPHBM9g,kids on instagram 😂 #shorts,"Oct 6, 2024",30,0:00:00
2024-04-08,9OjZUPHBM9g,kids on instagram 😂 #shorts,"Oct 6, 2024",30,0:00:00
2024-04-09,9OjZUPHBM9g,kids on instagram 😂 #shorts,"Oct 6, 2024",30,0:00:00
2024-04-10,9OjZUPHBM9g,kids on instagram 😂 #shorts,"Oct 6, 2024",30,0:00:00
2024-04-11,9OjZUPHBM9g,kids on instagram 😂 #shorts,"Oct 6, 2024",30,0:00:00
2024-04-12,9OjZUPHBM9g,kids on instagram 😂 #shorts,"Oct 6, 2024",30,0:00:00
2024-04-13,9OjZUPHBM9g,kids on instagram 😂 #shorts,"Oct 6, 2024",30,0:00:00
2024-04-14,9OjZUPHBM9g,kids on instagram 😂 #shorts,"Oct 6, 2024",30,0:00:00
2024-04-15,9OjZUPHBM9g,kids on instagram 😂 #shorts,"Oct 6, 2024",30,0:00:00
2024-04-16,9OjZUPHBM9g,kids on instagram 😂 #shorts,"Oct 6, 2024",30,0:00:00
2024-04-17,9OjZUPHBM9g,kids on instagram 😂 #shorts,"Oct 6, 2024",30,0:00:00
2024-04-18,9OjZUPHBM9g,kids on instagram 😂 #shorts,"Oct 6, 2024",30,0:00:00
2024-04-19,9OjZUPHBM9g,kids on instagram 😂 #shorts,"Oct 6, 2024",30,0:00:00
2024-04-20,9OjZUPHBM9g,kids on instagram 😂 #shorts,"Oct 6, 2024",30,0:00:00
2024-04-21,9OjZUPHBM9g,kids on instagram 😂 #shorts,"Oct 6, 2024",30,0:00:00
2024-04-22,9OjZUPHBM9g,kids on instagram 😂 #shorts,"Oct 6, 2024",30,0:00:00
2024-04-23,9OjZUPHBM9g,kids on instagram 😂 #shorts,"Oct 6, 2024",30,0:00:00
2024-04-24,9OjZUPHBM9g,kids on instagram 😂 #shorts,"Oct 6, 2024",30,0:00:00
2024-04-25,9OjZUPHBM9g,kids on instagram 😂 #shorts,"Oct 6, 2024",30,0:00:00
2024-04-26,9OjZUPHBM9g,kids on instagram 😂 #shorts,"Oct 6, 2024",30,0:00:00
2024-04-27,9OjZUPHBM9g,kids on instagram 😂 #shorts,"Oct 6, 2024",30,0:00:00
2024-04-28,9OjZUPHBM9g,kids on instagram 😂 #shorts,"Oct 6, 2024",30,0:00:00
2024-04-29,9OjZUPHBM9g,kids on instagram 😂 #shorts,"Oct 6, 2024",30,0:00:00
2024-04-30,9OjZUPHBM9g,kids on instagram 😂 #shorts,"Oct 6, 2024",30,0:00:00
2024-05-01,9OjZUPHBM9g,kids on instagram 😂 #shorts,"Oct 6, 2024",30,0:00:00
2024-05-02,9OjZUPHBM9g,kids on instagram 😂 #shorts,"Oct 6, 2024",30,0:00:00
2024-05-03,9OjZUPHBM9g,kids on instagram 😂 #shorts,"Oct 6, 2024",30,0:00:00
2024-05-04,9OjZUPHBM9g,kids on instagram 😂 #shorts,"Oct 6, 2024",30,0:00:00
2024-05-05,9OjZUPHBM9g,kids on instagram 😂 #shorts,"Oct 6, 2024",30,0:00:00
2024-05-06,9OjZUPHBM9g,kids on instagram 😂 #shorts,"Oct 6, 2024",30,0:00:00
2024-05-07,9OjZUPHBM9g,kids on instagram 😂 #shorts,"Oct 6, 2024",30,0:00:00
2024-05-08,9OjZUPHBM9g,kids on instagram 😂 #shorts,"Oct 6, 2024",30,0:00:00
2024-05-09,9OjZUPHBM9g,kids on instagram 😂 #shorts,"Oct 6, 2024",30,0:00:00
2024-05-10,9OjZUPHBM9g,kids on instagram 😂 #shorts,"Oct 6, 2024",30,0:00:00
2024-05-11,9OjZUPHBM9g,kids on instagram 😂 #shorts,"Oct 6, 2024",30,0:00:00
2024-05-12,9OjZUPHBM9g,kids on instagram 😂 #shorts,"Oct 6, 2024",30,0:00:00
2024-05-13,9OjZUPHBM9g,kids on instagram 😂 #shorts,"Oct 6, 2024",30,0:00:00
2024-05-14,9OjZUPHBM9g,kids on instagram 😂 #shorts,"Oct 6, 2024",30,0:00:00
2024-05-15,9OjZUPHBM9g,kids on instagram 😂 #shorts,"Oct 6, 2024",30,0:00:00
2024-05-16,9OjZUPHBM9g,kids on instagram 😂 #shorts,"Oct 6, 2024",30,0:00:00
2024-05-17,9OjZUPHBM9g,kids on instagram 😂 #shorts,"Oct 6, 2024",30,0:00:00
2024-05-18,9OjZUPHBM9g,kids on instagram 😂 #shorts,"Oct 6, 2024",30,0:00:00
2024-05-19,9OjZUPHBM9g,kids on instagram 😂 #shorts,"Oct 6, 2024",30,0:00:00
2024-05-20,9OjZUPHBM9g,kids on instagram 😂 #shorts,"Oct 6, 2024",30,0:00:00
2024-05-21,9OjZUPHBM9g,kids on instagram 😂 #shorts,"Oct 6, 2024",30,0:00:00
2024-05-22,9OjZUPHBM9g,kids on instagram 😂 #shorts,"Oct 6, 2024",30,0:00:00
2024-05-23,9OjZUPHBM9g,kids on instagram 😂 #shorts,"Oct 6, 2024",30,0:00:00
2024-05-24,9OjZUPHBM9g,kids on instagram 😂 #shorts,"Oct 6, 2024",30,0:00:00
2024-05-25,9OjZUPHBM9g,kids on instagram 😂 #shorts,"Oct 6, 2024",30,0:00:00
2024-05-26,9OjZUPHBM9g,kids on instagram 😂 #shorts,"Oct 6, 2024",30,0:00:00
2024-05-27,9OjZUPHBM9g,kids on instagram 😂 #shorts,"Oct 6, 2024",30,0:00:00
2024-05-28,9OjZUPHBM9g,kids on instagram 😂 #shorts,"Oct 6, 2024",30,0:00:00
2024-05-29,9OjZUPHBM9g,kids on instagram 😂 #shorts,"Oct 6, 2024",30,0:00:00
2024-05-30,9OjZUPHBM9g,kids on instagram 😂 #shorts,"Oct 6, 2024",30,0:00:00
2024-05-31,9OjZUPHBM9g,kids on instagram 😂 #shorts,"Oct 6, 2024",30,0:00:00
2024-06-01,9OjZUPHBM9g,kids on instagram 😂 #shorts,"Oct 6, 2024",30,0:00:00
2024-06-02,9OjZUPHBM9g,kids on instagram 😂 #shorts,"Oct 6, 2024",30,0:00:00
2024-06-03,9OjZUPHBM9g,kids on instagram 😂 #shorts,"Oct 6, 2024",30,0:00:00
2024-06-04,9OjZUPHBM9g,kids on instagram 😂 #shorts,"Oct 6, 2024",30,0:00:00
2024-06-05,9OjZUPHBM9g,kids on instagram 😂 #shorts,"Oct 6, 2024",30,0:00:00
2024-06-06,9OjZUPHBM9g,kids on instagram 😂 #shorts,"Oct 6, 2024",30,0:00:00
2024-06-07,9OjZUPHBM9g,kids on instagram 😂 #shorts,"Oct 6, 2024",30,0:00:00
2024-06-08,9OjZUPHBM9g,kids on instagram 😂 #shorts,"Oct 6, 2024",30,0:00:00
2024-06-09,9OjZUPHBM9g,kids on instagram 😂 #shorts,"Oct 6, 2024",30,0:00:00
2024-06-10,9OjZUPHBM9g,kids on instagram 😂 #shorts,"Oct 6, 2024",30,0:00:00
2024-06-11,9OjZUPHBM9g,kids on instagram 😂 #shorts,"Oct 6, 2024",30,0:00:00
2024-06-12,9OjZUPHBM9g,kids on instagram 😂 #shorts,"Oct 6, 2024",30,0:00:00
2024-06-13,9OjZUPHBM9g,kids on instagram 😂 #shorts,"Oct 6, 2024",30,0:00:00
2024-06-14,9OjZUPHBM9g,kids on instagram 😂 #shorts,"Oct 6, 2024",30,0:00:00
2024-06-15,9OjZUPHBM9g,kids on instagram 😂 #shorts,"Oct 6, 2024",30,0:00:00
2024-06-16,9OjZUPHBM9g,kids on instagram 😂 #shorts,"Oct 6, 2024",30,0:00:00
2024-06-17,9OjZUPHBM9g,kids on instagram 😂 #shorts,"Oct 6, 2024",30,0:00:00
2024-06-18,9OjZUPHBM9g,kids on instagram 😂 #shorts,"Oct 6, 2024",30,0:00:00
2024-06-19,9OjZUPHBM9g,kids on instagram 😂 #shorts,"Oct 6, 2024",30,0:00:00
2024-06-20,9OjZUPHBM9g,kids on instagram 😂 #shorts,"Oct 6, 2024",30,0:00:00
2024-06-21,9OjZUPHBM9g,kids on instagram 😂 #shorts,"Oct 6, 2024",30,0:00:00
2024-06-22,9OjZUPHBM9g,kids on instagram 😂 #shorts,"Oct 6, 2024",30,0:00:00
2024-06-23,9OjZUPHBM9g,kids on instagram 😂 #shorts,"Oct 6, 2024",30,0:00:00
2024-06-24,9OjZUPHBM9g,kids on instagram 😂 #shorts,"Oct 6, 2024",30,0:00:00
2024-06-25,9OjZUPHBM9g,kids on instagram 😂 #shorts,"Oct 6, 2024",30,0:00:00
2024-06-26,9OjZUPHBM9g,kids on instagram 😂 #shorts,"Oct 6, 2024",30,0:00:00
2024-06-27,9OjZUPHBM9g,kids on instagram 😂 #shorts,"Oct 6, 2024",30,0:00:00
2024-06-28,9OjZUPHBM9g,kids on instagram 😂 #shorts,"Oct 6, 2024",30,0:00:00
2024-06-29,9OjZUPHBM9g,kids on instagram 😂 #shorts,"Oct 6, 2024",30,0:00:00
2024-06-30,9OjZUPHBM9g,kids on instagram 😂 #shorts,"Oct 6, 2024",30,0:00:00
2024-07-01,9OjZUPHBM9g,kids on instagram 😂 #shorts,"Oct 6, 2024",30,0:00:00
2024-07-02,9OjZUPHBM9g,kids on instagram 😂 #shorts,"Oct 6, 2024",30,0:00:00
2024-07-03,9OjZUPHBM9g,kids on instagram 😂 #shorts,"Oct 6, 2024",30,0:00:00
2024-07-04,9OjZUPHBM9g,kids on instagram 😂 #shorts,"Oct 6, 2024",30,0:00:00
2024-07-05,9OjZUPHBM9g,kids on instagram 😂 #shorts,"Oct 6, 2024",30,0:00:00
2024-07-06,9OjZUPHBM9g,kids on instagram 😂 #shorts,"Oct 6, 2024",30,0:00:00
2024-07-07,9OjZUPHBM9g,kids on instagram 😂 #shorts,"Oct 6, 2024",30,0:00:00
2024-07-08,9OjZUPHBM9g,kids on instagram 😂 #shorts,"Oct 6, 2024",30,0:00:00
2024-07-09,9OjZUPHBM9g,kids on instagram 😂 #shorts,"Oct 6, 2024",30,0:00:00
2024-07-10,9OjZUPHBM9g,kids on instagram 😂 #shorts,"Oct 6, 2024",30,0:00:00
2024-07-11,9OjZUPHBM9g,kids on instagram 😂 #shorts,"Oct 6, 2024",30,0:00:00
2024-07-12,9OjZUPHBM9g,kids on instagram 😂 #shorts,"Oct 6, 2024",30,0:00:00
2024-07-13,9OjZUPHBM9g,kids on instagram 😂 #shorts,"Oct 6, 2024",30,0:00:00
2024-07-14,9OjZUPHBM9g,kids on instagram 😂 #shorts,"Oct 6, 2024",30,0:00:00
2024-07-15,9OjZUPHBM9g,kids on instagram 😂 #shorts,"Oct 6, 2024",30,0:00:00
2024-07-16,9OjZUPHBM9g,kids on instagram 😂 #shorts,"Oct 6, 2024",30,0:00:00
2024-07-17,9OjZUPHBM9g,kids on instagram 😂 #shorts,"Oct 6, 2024",30,0:00:00
2024-07-18,9OjZUPHBM9g,kids on instagram 😂 #shorts,"Oct 6, 2024",30,0:00:00
2024-07-19,9OjZUPHBM9g,kids on instagram 😂 #shorts,"Oct 6, 2024",30,0:00:00
2024-07-20,9OjZUPHBM9g,kids on instagram 😂 #shorts,"Oct 6, 2024",30,0:00:00
2024-07-21,9OjZUPHBM9g,kids on instagram 😂 #shorts,"Oct 6, 2024",30,0:00:00
2024-07-22,9OjZUPHBM9g,kids on instagram 😂 #shorts,"Oct 6, 2024",30,0:00:00
2024-07-23,9OjZUPHBM9g,kids on instagram 😂 #shorts,"Oct 6, 2024",30,0:00:00
2024-07-24,9OjZUPHBM9g,kids on instagram 😂 #shorts,"Oct 6, 2024",30,0:00:00
2024-07-25,9OjZUPHBM9g,kids on instagram 😂 #shorts,"Oct 6, 2024",30,0:00:00
2024-07-26,9OjZUPHBM9g,kids on instagram 😂 #shorts,"Oct 6, 2024",30,0:00:00
2024-07-27,9OjZUPHBM9g,kids on instagram 😂 #shorts,"Oct 6, 2024",30,0:00:00
2024-07-28,9OjZUPHBM9g,kids on instagram 😂 #shorts,"Oct 6, 2024",30,0:00:00
2024-07-29,9OjZUPHBM9g,kids on instagram 😂 #shorts,"Oct 6, 2024",30,0:00:00
2024-07-30,9OjZUPHBM9g,kids on instagram 😂 #shorts,"Oct 6, 2024",30,0:00:00
2024-07-31,9OjZUPHBM9g,kids on instagram 😂 #shorts,"Oct 6, 2024",30,0:00:00
2024-08-01,9OjZUPHBM9g,kids on instagram 😂 #shorts,"Oct 6, 2024",30,0:00:00
2024-08-02,9OjZUPHBM9g,kids on instagram 😂 #shorts,"Oct 6, 2024",30,0:00:00
2024-08-03,9OjZUPHBM9g,kids on instagram 😂 #shorts,"Oct 6, 2024",30,0:00:00
2024-08-04,9OjZUPHBM9g,kids on instagram 😂 #shorts,"Oct 6, 2024",30,0:00:00
2024-08-05,9OjZUPHBM9g,kids on instagram 😂 #shorts,"Oct 6, 2024",30,0:00:00
2024-08-06,9OjZUPHBM9g,kids on instagram 😂 #shorts,"Oct 6, 2024",30,0:00:00
2024-08-07,9OjZUPHBM9g,kids on instagram 😂 #shorts,"Oct 6, 2024",30,0:00:00
2024-08-08,9OjZUPHBM9g,kids on instagram 😂 #shorts,"Oct 6, 2024",30,0:00:00
2024-08-09,9OjZUPHBM9g,kids on instagram 😂 #shorts,"Oct 6, 2024",30,0:00:00
2024-08-10,9OjZUPHBM9g,kids on instagram 😂 #shorts,"Oct 6, 2024",30,0:00:00
2024-08-11,9OjZUPHBM9g,kids on instagram 😂 #shorts,"Oct 6, 2024",30,0:00:00
2024-08-12,9OjZUPHBM9g,kids on instagram 😂 #shorts,"Oct 6, 2024",30,0:00:00
2024-08-13,9OjZUPHBM9g,kids on instagram 😂 #shorts,"Oct 6, 2024",30,0:00:00
2024-08-14,9OjZUPHBM9g,kids on instagram 😂 #shorts,"Oct 6, 2024",30,0:00:00
2024-08-15,9OjZUPHBM9g,kids on instagram 😂 #shorts,"Oct 6, 2024",30,0:00:00
2024-08-16,9OjZUPHBM9g,kids on instagram 😂 #shorts,"Oct 6, 2024",30,0:00:00
2024-08-17,9OjZUPHBM9g,kids on instagram 😂 #shorts,"Oct 6, 2024",30,0:00:00
2024-08-18,9OjZUPHBM9g,kids on instagram 😂 #shorts,"Oct 6, 2024",30,0:00:00
2024-08-19,9OjZUPHBM9g,kids on instagram 😂 #shorts,"Oct 6, 2024",30,0:00:00
2024-08-20,9OjZUPHBM9g,kids on instagram 😂 #shorts,"Oct 6, 2024",30,0:00:00
2024-08-21,9OjZUPHBM9g,kids on instagram 😂 #shorts,"Oct 6, 2024",30,0:00:00
2024-08-22,9OjZUPHBM9g,kids on instagram 😂 #shorts,"Oct 6, 2024",30,0:00:00
2024-08-23,9OjZUPHBM9g,kids on instagram 😂 #shorts,"Oct 6, 2024",30,0:00:00
2024-08-24,9OjZUPHBM9g,kids on instagram 😂 #shorts,"Oct 6, 2024",30,0:00:00
2024-08-25,9OjZUPHBM9g,kids on instagram 😂 #shorts,"Oct 6, 2024",30,0:00:00
2024-08-26,9OjZUPHBM9g,kids on instagram 😂 #shorts,"Oct 6, 2024",30,0:00:00
2024-08-27,9OjZUPHBM9g,kids on instagram 😂 #shorts,"Oct 6, 2024",30,0:00:00
2024-08-28,9OjZUPHBM9g,kids on instagram 😂 #shorts,"Oct 6, 2024",30,0:00:00
2024-08-29,9OjZUPHBM9g,kids on instagram 😂 #shorts,"Oct 6, 2024",30,0:00:00
2024-08-30,9OjZUPHBM9g,kids on instagram 😂 #shorts,"Oct 6, 2024",30,0:00:00
2024-08-31,9OjZUPHBM9g,kids on instagram 😂 #shorts,"Oct 6, 2024",30,0:00:00
2024-09-01,9OjZUPHBM9g,kids on instagram 😂 #shorts,"Oct 6, 2024",30,0:00:00
2024-09-02,9OjZUPHBM9g,kids on instagram 😂 #shorts,"Oct 6, 2024",30,0:00:00
2024-09-03,9OjZUPHBM9g,kids on instagram 😂 #shorts,"Oct 6, 2024",30,0:00:00
2024-09-04,9OjZUPHBM9g,kids on instagram 😂 #shorts,"Oct 6, 2024",30,0:00:00
2024-09-05,9OjZUPHBM9g,kids on instagram 😂 #shorts,"Oct 6, 2024",30,0:00:00
2024-09-06,9OjZUPHBM9g,kids on instagram 😂 #shorts,"Oct 6, 2024",30,0:00:00
2024-09-07,9OjZUPHBM9g,kids on instagram 😂 #shorts,"Oct 6, 2024",30,0:00:00
2024-09-08,9OjZUPHBM9g,kids on instagram 😂 #shorts,"Oct 6, 2024",30,0:00:00
2024-09-09,9OjZUPHBM9g,kids on instagram 😂 #shorts,"Oct 6, 2024",30,0:00:00
2024-09-10,9OjZUPHBM9g,kids on instagram 😂 #shorts,"Oct 6, 2024",30,0:00:00
2024-09-11,9OjZUPHBM9g,kids on instagram 😂 #shorts,"Oct 6, 2024",30,0:00:00
2024-09-12,9OjZUPHBM9g,kids on instagram 😂 #shorts,"Oct 6, 2024",30,0:00:00
2024-09-13,9OjZUPHBM9g,kids on instagram 😂 #shorts,"Oct 6, 2024",30,0:00:00
2024-09-14,9OjZUPHBM9g,kids on instagram 😂 #shorts,"Oct 6, 2024",30,0:00:00
2024-09-15,9OjZUPHBM9g,kids on instagram 😂 #shorts,"Oct 6, 2024",30,0:00:00
2024-09-16,9OjZUPHBM9g,kids on instagram 😂 #shorts,"Oct 6, 2024",30,0:00:00
2024-09-17,9OjZUPHBM9g,kids on instagram 😂 #shorts,"Oct 6, 2024",30,0:00:00
2024-09-18,9OjZUPHBM9g,kids on instagram 😂 #shorts,"Oct 6, 2024",30,0:00:00
2024-09-19,9OjZUPHBM9g,kids on instagram 😂 #shorts,"Oct 6, 2024",30,0:00:00
2024-09-20,9OjZUPHBM9g,kids on instagram 😂 #shorts,"Oct 6, 2024",30,0:00:00
2024-09-21,9OjZUPHBM9g,kids on instagram 😂 #shorts,"Oct 6, 2024",30,0:00:00
2024-09-22,9OjZUPHBM9g,kids on instagram 😂 #shorts,"Oct 6, 2024",30,0:00:00
2024-09-23,9OjZUPHBM9g,kids on instagram 😂 #shorts,"Oct 6, 2024",30,0:00:00
2024-09-24,9OjZUPHBM9g,kids on instagram 😂 #shorts,"Oct 6, 2024",30,0:00:00
2024-09-25,9OjZUPHBM9g,kids on instagram 😂 #shorts,"Oct 6, 2024",30,0:00:00
2024-09-26,9OjZUPHBM9g,kids on instagram 😂 #shorts,"Oct 6, 2024",30,0:00:00
2024-09-27,9OjZUPHBM9g,kids on instagram 😂 #shorts,"Oct 6, 2024",30,0:00:00
2024-09-28,9OjZUPHBM9g,kids on instagram 😂 #shorts,"Oct 6, 2024",30,0:00:00
2024-09-29,9OjZUPHBM9g,kids on instagram 😂 #shorts,"Oct 6, 2024",30,0:00:00
2024-09-30,9OjZUPHBM9g,kids on instagram 😂 #shorts,"Oct 6, 2024",30,0:00:00
2024-10-01,9OjZUPHBM9g,kids on instagram 😂 #shorts,"Oct 6, 2024",30,0:00:00
2024-10-02,9OjZUPHBM9g,kids on instagram 😂 #shorts,"Oct 6, 2024",30,0:00:00
2024-10-03,9OjZUPHBM9g,kids on instagram 😂 #shorts,"Oct 6, 2024",30,0:00:00
2024-10-04,9OjZUPHBM9g,kids on instagram 😂 #shorts,"Oct 6, 2024",30,0:00:00
2024-10-05,9OjZUPHBM9g,kids on instagram 😂 #shorts,"Oct 6, 2024",30,0:00:00
2024-10-06,9OjZUPHBM9g,kids on instagram 😂 #shorts,"Oct 6, 2024",30,0:00:26
2024-10-07,9OjZUPHBM9g,kids on instagram 😂 #shorts,"Oct 6, 2024",30,0:00:00
2024-10-08,9OjZUPHBM9g,kids on instagram 😂 #shorts,"Oct 6, 2024",30,0:00:00
2024-10-09,9OjZUPHBM9g,kids on instagram 😂 #shorts,"Oct 6, 2024",30,0:00:00
2024-10-10,9OjZUPHBM9g,kids on instagram 😂 #shorts,"Oct 6, 2024",30,0:00:00
2024-10-11,9OjZUPHBM9g,kids on instagram 😂 #shorts,"Oct 6, 2024",30,0:00:00
2024-10-12,9OjZUPHBM9g,kids on instagram 😂 #shorts,"Oct 6, 2024",30,0:00:00
2024-10-13,9OjZUPHBM9g,kids on instagram 😂 #shorts,"Oct 6, 2024",30,0:00:00
2024-10-14,9OjZUPHBM9g,kids on instagram 😂 #shorts,"Oct 6, 2024",30,0:00:00
2024-10-15,9OjZUPHBM9g,kids on instagram 😂 #shorts,"Oct 6, 2024",30,0:00:00
2024-10-16,9OjZUPHBM9g,kids on instagram 😂 #shorts,"Oct 6, 2024",30,0:00:00
2024-10-17,9OjZUPHBM9g,kids on instagram 😂 #shorts,"Oct 6, 2024",30,0:00:00
2024-10-18,9OjZUPHBM9g,kids on instagram 😂 #shorts,"Oct 6, 2024",30,0:00:00
2024-10-19,9OjZUPHBM9g,kids on instagram 😂 #shorts,"Oct 6, 2024",30,0:00:00
2024-10-20,9OjZUPHBM9g,kids on instagram 😂 #shorts,"Oct 6, 2024",30,0:00:00
2024-10-21,9OjZUPHBM9g,kids on instagram 😂 #shorts,"Oct 6, 2024",30,0:00:00
2024-10-22,9OjZUPHBM9g,kids on instagram 😂 #shorts,"Oct 6, 2024",30,0:00:00
2024-10-23,9OjZUPHBM9g,kids on instagram 😂 #shorts,"Oct 6, 2024",30,0:00:00
2024-10-24,9OjZUPHBM9g,kids on instagram 😂 #shorts,"Oct 6, 2024",30,0:00:00
2024-10-25,9OjZUPHBM9g,kids on instagram 😂 #shorts,"Oct 6, 2024",30,0:00:00
2024-10-26,9OjZUPHBM9g,kids on instagram 😂 #shorts,"Oct 6, 2024",30,0:00:00
2024-10-27,9OjZUPHBM9g,kids on instagram 😂 #shorts,"Oct 6, 2024",30,0:00:00
2024-10-28,9OjZUPHBM9g,kids on instagram 😂 #shorts,"Oct 6, 2024",30,0:00:00
2024-10-29,9OjZUPHBM9g,kids on instagram 😂 #shorts,"Oct 6, 2024",30,0:00:00
2024-10-30,9OjZUPHBM9g,kids on instagram 😂 #shorts,"Oct 6, 2024",30,0:00:00
2024-10-31,9OjZUPHBM9g,kids on instagram 😂 #shorts,"Oct 6, 2024",30,0:00:00
2024-11-01,9OjZUPHBM9g,kids on instagram 😂 #shorts,"Oct 6, 2024",30,0:00:00
2024-11-02,9OjZUPHBM9g,kids on instagram 😂 #shorts,"Oct 6, 2024",30,0:00:00
2024-11-03,9OjZUPHBM9g,kids on instagram 😂 #shorts,"Oct 6, 2024",30,0:00:00
2024-11-04,9OjZUPHBM9g,kids on instagram 😂 #shorts,"Oct 6, 2024",30,0:00:00
2024-11-05,9OjZUPHBM9g,kids on instagram 😂 #shorts,"Oct 6, 2024",30,0:00:00
2024-11-06,9OjZUPHBM9g,kids on instagram 😂 #shorts,"Oct 6, 2024",30,0:00:00
2024-11-07,9OjZUPHBM9g,kids on instagram 😂 #shorts,"Oct 6, 2024",30,0:00:00
2024-11-08,9OjZUPHBM9g,kids on instagram 😂 #shorts,"Oct 6, 2024",30,0:00:00
2024-11-09,9OjZUPHBM9g,kids on instagram 😂 #shorts,"Oct 6, 2024",30,0:00:00
2024-11-10,9OjZUPHBM9g,kids on instagram 😂 #shorts,"Oct 6, 2024",30,0:00:00
2024-11-11,9OjZUPHBM9g,kids on instagram 😂 #shorts,"Oct 6, 2024",30,0:00:00
2024-11-12,9OjZUPHBM9g,kids on instagram 😂 #shorts,"Oct 6, 2024",30,0:00:00
2024-11-13,9OjZUPHBM9g,kids on instagram 😂 #shorts,"Oct 6, 2024",30,0:00:00
2024-11-14,9OjZUPHBM9g,kids on instagram 😂 #shorts,"Oct 6, 2024",30,0:00:00
2024-11-15,9OjZUPHBM9g,kids on instagram 😂 #shorts,"Oct 6, 2024",30,0:00:00
2024-11-16,9OjZUPHBM9g,kids on instagram 😂 #shorts,"Oct 6, 2024",30,0:00:00
2024-11-17,9OjZUPHBM9g,kids on instagram 😂 #shorts,"Oct 6, 2024",30,0:00:00
2024-11-18,9OjZUPHBM9g,kids on instagram 😂 #shorts,"Oct 6, 2024",30,0:00:00
2024-11-19,9OjZUPHBM9g,kids on instagram 😂 #shorts,"Oct 6, 2024",30,0:00:00
2024-11-20,9OjZUPHBM9g,kids on instagram 😂 #shorts,"Oct 6, 2024",30,0:00:00
2024-11-21,9OjZUPHBM9g,kids on instagram 😂 #shorts,"Oct 6, 2024",30,0:00:00
2024-11-22,9OjZUPHBM9g,kids on instagram 😂 #shorts,"Oct 6, 2024",30,0:00:00
2024-11-23,9OjZUPHBM9g,kids on instagram 😂 #shorts,"Oct 6, 2024",30,0:00:00
2024-11-24,9OjZUPHBM9g,kids on instagram 😂 #shorts,"Oct 6, 2024",30,0:00:00
2024-11-25,9OjZUPHBM9g,kids on instagram 😂 #shorts,"Oct 6, 2024",30,0:00:00
2024-11-26,9OjZUPHBM9g,kids on instagram 😂 #shorts,"Oct 6, 2024",30,0:00:00
2024-11-27,9OjZUPHBM9g,kids on instagram 😂 #shorts,"Oct 6, 2024",30,0:00:00
2024-11-28,9OjZUPHBM9g,kids on instagram 😂 #shorts,"Oct 6, 2024",30,0:00:00
2024-11-29,9OjZUPHBM9g,kids on instagram 😂 #shorts,"Oct 6, 2024",30,0:00:00
2024-11-30,9OjZUPHBM9g,kids on instagram 😂 #shorts,"Oct 6, 2024",30,0:00:00
2024-12-01,9OjZUPHBM9g,kids on instagram 😂 #shorts,"Oct 6, 2024",30,0:00:00
2024-12-02,9OjZUPHBM9g,kids on instagram 😂 #shorts,"Oct 6, 2024",30,0:00:00
2024-12-03,9OjZUPHBM9g,kids on instagram 😂 #shorts,"Oct 6, 2024",30,0:00:00
2024-12-04,9OjZUPHBM9g,kids on instagram 😂 #shorts,"Oct 6, 2024",30,0:00:00
2024-12-05,9OjZUPHBM9g,kids on instagram 😂 #shorts,"Oct 6, 2024",30,0:00:00
2024-12-06,9OjZUPHBM9g,kids on instagram 😂 #shorts,"Oct 6, 2024",30,0:00:00
2024-12-07,9OjZUPHBM9g,kids on instagram 😂 #shorts,"Oct 6, 2024",30,0:00:00
2024-12-08,9OjZUPHBM9g,kids on instagram 😂 #shorts,"Oct 6, 2024",30,0:00:00
2024-12-09,9OjZUPHBM9g,kids on instagram 😂 #shorts,"Oct 6, 2024",30,0:00:00
2024-12-10,9OjZUPHBM9g,kids on instagram 😂 #shorts,"Oct 6, 2024",30,0:00:00
2024-12-11,9OjZUPHBM9g,kids on instagram 😂 #shorts,"Oct 6, 2024",30,0:00:00
2024-12-12,9OjZUPHBM9g,kids on instagram 😂 #shorts,"Oct 6, 2024",30,0:00:00
2024-12-13,9OjZUPHBM9g,kids on instagram 😂 #shorts,"Oct 6, 2024",30,0:00:00
2024-12-14,9OjZUPHBM9g,kids on instagram 😂 #shorts,"Oct 6, 2024",30,0:00:00
2024-12-15,9OjZUPHBM9g,kids on instagram 😂 #shorts,"Oct 6, 2024",30,0:00:00
2024-12-16,9OjZUPHBM9g,kids on instagram 😂 #shorts,"Oct 6, 2024",30,0:00:00
2024-12-17,9OjZUPHBM9g,kids on instagram 😂 #shorts,"Oct 6, 2024",30,0:00:00
2024-12-18,9OjZUPHBM9g,kids on instagram 😂 #shorts,"Oct 6, 2024",30,0:00:00
2024-12-19,9OjZUPHBM9g,kids on instagram 😂 #shorts,"Oct 6, 2024",30,0:00:00
2024-12-20,9OjZUPHBM9g,kids on instagram 😂 #shorts,"Oct 6, 2024",30,0:00:00
2024-12-21,9OjZUPHBM9g,kids on instagram 😂 #shorts,"Oct 6, 2024",30,0:00:00
2024-12-22,9OjZUPHBM9g,kids on instagram 😂 #shorts,"Oct 6, 2024",30,0:00:00
2024-12-23,9OjZUPHBM9g,kids on instagram 😂 #shorts,"Oct 6, 2024",30,0:00:00
2024-12-24,9OjZUPHBM9g,kids on instagram 😂 #shorts,"Oct 6, 2024",30,0:00:00
2024-12-25,9OjZUPHBM9g,kids on instagram 😂 #shorts,"Oct 6, 2024",30,0:00:00
2024-12-26,9OjZUPHBM9g,kids on instagram 😂 #shorts,"Oct 6, 2024",30,0:00:00
2024-12-27,9OjZUPHBM9g,kids on instagram 😂 #shorts,"Oct 6, 2024",30,0:00:00
2024-12-28,9OjZUPHBM9g,kids on instagram 😂 #shorts,"Oct 6, 2024",30,0:00:00
2024-12-29,9OjZUPHBM9g,kids on instagram 😂 #shorts,"Oct 6, 2024",30,0:00:00
2024-12-30,9OjZUPHBM9g,kids on instagram 😂 #shorts,"Oct 6, 2024",30,0:00:00
2024-12-31,9OjZUPHBM9g,kids on instagram 😂 #shorts,"Oct 6, 2024",30,0:00:00
2025-01-01,9OjZUPHBM9g,kids on instagram 😂 #shorts,"Oct 6, 2024",30,0:00:00
2025-01-02,9OjZUPHBM9g,kids on instagram 😂 #shorts,"Oct 6, 2024",30,0:00:00
2025-01-03,9OjZUPHBM9g,kids on instagram 😂 #shorts,"Oct 6, 2024",30,0:00:00
2025-01-04,9OjZUPHBM9g,kids on instagram 😂 #shorts,"Oct 6, 2024",30,0:00:00
2025-01-05,9OjZUPHBM9g,kids on instagram 😂 #shorts,"Oct 6, 2024",30,0:00:00
2025-01-06,9OjZUPHBM9g,kids on instagram 😂 #shorts,"Oct 6, 2024",30,0:00:00
2025-01-07,9OjZUPHBM9g,kids on instagram 😂 #shorts,"Oct 6, 2024",30,0:00:00
2025-01-08,9OjZUPHBM9g,kids on instagram 😂 #shorts,"Oct 6, 2024",30,0:00:00
2025-01-09,9OjZUPHBM9g,kids on instagram 😂 #shorts,"Oct 6, 2024",30,0:00:00
2025-01-10,9OjZUPHBM9g,kids on instagram 😂 #shorts,"Oct 6, 2024",30,0:00:00
2025-01-11,9OjZUPHBM9g,kids on instagram 😂 #shorts,"Oct 6, 2024",30,0:00:00
2025-01-12,9OjZUPHBM9g,kids on instagram 😂 #shorts,"Oct 6, 2024",30,0:00:00
2025-01-13,9OjZUPHBM9g,kids on instagram 😂 #shorts,"Oct 6, 2024",30,0:00:00
2025-01-14,9OjZUPHBM9g,kids on instagram 😂 #shorts,"Oct 6, 2024",30,0:00:00
2025-01-15,9OjZUPHBM9g,kids on instagram 😂 #shorts,"Oct 6, 2024",30,0:00:00
2025-01-16,9OjZUPHBM9g,kids on instagram 😂 #shorts,"Oct 6, 2024",30,0:00:00
2025-01-17,9OjZUPHBM9g,kids on instagram 😂 #shorts,"Oct 6, 2024",30,0:00:00
2025-01-18,9OjZUPHBM9g,kids on instagram 😂 #shorts,"Oct 6, 2024",30,0:00:00
2025-01-19,9OjZUPHBM9g,kids on instagram 😂 #shorts,"Oct 6, 2024",30,0:00:00
2025-01-20,9OjZUPHBM9g,kids on instagram 😂 #shorts,"Oct 6, 2024",30,0:00:00
2025-01-21,9OjZUPHBM9g,kids on instagram 😂 #shorts,"Oct 6, 2024",30,0:00:00
2025-01-22,9OjZUPHBM9g,kids on instagram 😂 #shorts,"Oct 6, 2024",30,0:00:00
2025-01-23,9OjZUPHBM9g,kids on instagram 😂 #shorts,"Oct 6, 2024",30,0:00:00
2025-01-24,9OjZUPHBM9g,kids on instagram 😂 #shorts,"Oct 6, 2024",30,0:00:00
2025-01-25,9OjZUPHBM9g,kids on instagram 😂 #shorts,"Oct 6, 2024",30,0:00:00
2025-01-26,9OjZUPHBM9g,kids on instagram 😂 #shorts,"Oct 6, 2024",30,0:00:00
2025-01-27,9OjZUPHBM9g,kids on instagram 😂 #shorts,"Oct 6, 2024",30,0:00:00
2025-01-28,9OjZUPHBM9g,kids on instagram 😂 #shorts,"Oct 6, 2024",30,0:00:00
2025-01-29,9OjZUPHBM9g,kids on instagram 😂 #shorts,"Oct 6, 2024",30,0:00:00
2025-01-30,9OjZUPHBM9g,kids on instagram 😂 #shorts,"Oct 6, 2024",30,0:00:00
2025-01-31,9OjZUPHBM9g,kids on instagram 😂 #shorts,"Oct 6, 2024",30,0:00:00
2025-02-01,9OjZUPHBM9g,kids on instagram 😂 #shorts,"Oct 6, 2024",30,0:00:00
2025-02-02,9OjZUPHBM9g,kids on instagram 😂 #shorts,"Oct 6, 2024",30,0:00:00
2025-02-03,9OjZUPHBM9g,kids on instagram 😂 #shorts,"Oct 6, 2024",30,0:00:00
2025-02-04,9OjZUPHBM9g,kids on instagram 😂 #shorts,"Oct 6, 2024",30,0:00:00
2025-02-05,9OjZUPHBM9g,kids on instagram 😂 #shorts,"Oct 6, 2024",30,0:00:00
2025-02-06,9OjZUPHBM9g,kids on instagram 😂 #shorts,"Oct 6, 2024",30,0:00:00
2025-02-07,9OjZUPHBM9g,kids on instagram 😂 #shorts,"Oct 6, 2024",30,0:00:00
2025-02-08,9OjZUPHBM9g,kids on instagram 😂 #shorts,"Oct 6, 2024",30,0:00:00
2025-02-09,9OjZUPHBM9g,kids on instagram 😂 #shorts,"Oct 6, 2024",30,0:00:00
2025-02-10,9OjZUPHBM9g,kids on instagram 😂 #shorts,"Oct 6, 2024",30,0:00:00
2025-02-11,9OjZUPHBM9g,kids on instagram 😂 #shorts,"Oct 6, 2024",30,0:00:00
2025-02-12,9OjZUPHBM9g,kids on instagram 😂 #shorts,"Oct 6, 2024",30,0:00:00
2025-02-13,9OjZUPHBM9g,kids on instagram 😂 #shorts,"Oct 6, 2024",30,0:00:00
2025-02-14,9OjZUPHBM9g,kids on instagram 😂 #shorts,"Oct 6, 2024",30,0:00:00
2025-02-15,9OjZUPHBM9g,kids on instagram 😂 #shorts,"Oct 6, 2024",30,0:00:00
2025-02-16,9OjZUPHBM9g,kids on instagram 😂 #shorts,"Oct 6, 2024",30,0:00:00
2025-02-17,9OjZUPHBM9g,kids on instagram 😂 #shorts,"Oct 6, 2024",30,0:00:00
2025-02-18,9OjZUPHBM9g,kids on instagram 😂 #shorts,"Oct 6, 2024",30,0:00:00
2025-02-19,9OjZUPHBM9g,kids on instagram 😂 #shorts,"Oct 6, 2024",30,0:00:00
2025-02-20,9OjZUPHBM9g,kids on instagram 😂 #shorts,"Oct 6, 2024",30,0:00:00
2025-02-21,9OjZUPHBM9g,kids on instagram 😂 #shorts,"Oct 6, 2024",30,0:00:00
2025-02-22,9OjZUPHBM9g,kids on instagram 😂 #shorts,"Oct 6, 2024",30,0:00:00
2025-02-23,9OjZUPHBM9g,kids on instagram 😂 #shorts,"Oct 6, 2024",30,0:00:00
2025-02-24,9OjZUPHBM9g,kids on instagram 😂 #shorts,"Oct 6, 2024",30,0:00:00
2025-02-25,9OjZUPHBM9g,kids on instagram 😂 #shorts,"Oct 6, 2024",30,0:00:00
2025-02-26,9OjZUPHBM9g,kids on instagram 😂 #shorts,"Oct 6, 2024",30,0:00:00
2025-02-27,9OjZUPHBM9g,kids on instagram 😂 #shorts,"Oct 6, 2024",30,0:00:00
2025-02-28,9OjZUPHBM9g,kids on instagram 😂 #shorts,"Oct 6, 2024",30,0:00:00
2025-03-01,9OjZUPHBM9g,kids on instagram 😂 #shorts,"Oct 6, 2024",30,0:00:00
2025-03-02,9OjZUPHBM9g,kids on instagram 😂 #shorts,"Oct 6, 2024",30,0:00:00
2025-03-03,9OjZUPHBM9g,kids on instagram 😂 #shorts,"Oct 6, 2024",30,0:00:00
2025-03-04,9OjZUPHBM9g,kids on instagram 😂 #shorts,"Oct 6, 2024",30,0:00:00
2025-03-05,9OjZUPHBM9g,kids on instagram 😂 #shorts,"Oct 6, 2024",30,0:00:00
2025-03-06,9OjZUPHBM9g,kids on instagram 😂 #shorts,"Oct 6, 2024",30,0:00:00
2025-03-07,9OjZUPHBM9g,kids on instagram 😂 #shorts,"Oct 6, 2024",30,0:00:00
2025-03-08,9OjZUPHBM9g,kids on instagram 😂 #shorts,"Oct 6, 2024",30,0:00:00
2025-03-09,9OjZUPHBM9g,kids on instagram 😂 #shorts,"Oct 6, 2024",30,0:00:00
2025-03-10,9OjZUPHBM9g,kids on instagram 😂 #shorts,"Oct 6, 2024",30,0:00:00
2025-03-11,9OjZUPHBM9g,kids on instagram 😂 #shorts,"Oct 6, 2024",30,0:00:00
2025-03-12,9OjZUPHBM9g,kids on instagram 😂 #shorts,"Oct 6, 2024",30,0:00:00
2025-03-13,9OjZUPHBM9g,kids on instagram 😂 #shorts,"Oct 6, 2024",30,0:00:00
2025-03-14,9OjZUPHBM9g,kids on instagram 😂 #shorts,"Oct 6, 2024",30,0:00:00
2025-03-15,9OjZUPHBM9g,kids on instagram 😂 #shorts,"Oct 6, 2024",30,0:00:00
2025-03-16,9OjZUPHBM9g,kids on instagram 😂 #shorts,"Oct 6, 2024",30,0:00:00
2025-03-17,9OjZUPHBM9g,kids on instagram 😂 #shorts,"Oct 6, 2024",30,0:00:00
2025-03-18,9OjZUPHBM9g,kids on instagram 😂 #shorts,"Oct 6, 2024",30,0:00:00
2025-03-19,9OjZUPHBM9g,kids on instagram 😂 #shorts,"Oct 6, 2024",30,0:00:00
2025-03-20,9OjZUPHBM9g,kids on instagram 😂 #shorts,"Oct 6, 2024",30,0:00:00
2025-03-21,9OjZUPHBM9g,kids on instagram 😂 #shorts,"Oct 6, 2024",30,0:00:00
2025-03-22,9OjZUPHBM9g,kids on instagram 😂 #shorts,"Oct 6, 2024",30,0:00:00
2025-03-23,9OjZUPHBM9g,kids on instagram 😂 #shorts,"Oct 6, 2024",30,0:00:00
2025-03-24,9OjZUPHBM9g,kids on instagram 😂 #shorts,"Oct 6, 2024",30,0:00:00
2025-03-25,9OjZUPHBM9g,kids on instagram 😂 #shorts,"Oct 6, 2024",30,0:00:00
2025-03-26,9OjZUPHBM9g,kids on instagram 😂 #shorts,"Oct 6, 2024",30,0:00:00
2025-03-27,9OjZUPHBM9g,kids on instagram 😂 #shorts,"Oct 6, 2024",30,0:00:00
2025-03-28,9OjZUPHBM9g,kids on instagram 😂 #shorts,"Oct 6, 2024",30,0:00:00
2025-03-29,9OjZUPHBM9g,kids on instagram 😂 #shorts,"Oct 6, 2024",30,0:00:00
2025-03-30,9OjZUPHBM9g,kids on instagram 😂 #shorts,"Oct 6, 2024",30,0:00:00
2025-03-31,9OjZUPHBM9g,kids on instagram 😂 #shorts,"Oct 6, 2024",30,0:00:00
2025-04-01,9OjZUPHBM9g,kids on instagram 😂 #shorts,"Oct 6, 2024",30,0:00:00
2025-04-02,9OjZUPHBM9g,kids on instagram 😂 #shorts,"Oct 6, 2024",30,0:00:00
2025-04-03,9OjZUPHBM9g,kids on instagram 😂 #shorts,"Oct 6, 2024",30,0:00:00
2025-04-04,9OjZUPHBM9g,kids on instagram 😂 #shorts,"Oct 6, 2024",30,0:00:00
2025-04-05,9OjZUPHBM9g,kids on instagram 😂 #shorts,"Oct 6, 2024",30,0:00:00
2025-04-06,9OjZUPHBM9g,kids on instagram 😂 #shorts,"Oct 6, 2024",30,0:00:00
2025-04-07,9OjZUPHBM9g,kids on instagram 😂 #shorts,"Oct 6, 2024",30,0:00:00
2025-04-08,9OjZUPHBM9g,kids on instagram 😂 #shorts,"Oct 6, 2024",30,0:00:00
2025-04-09,9OjZUPHBM9g,kids on instagram 😂 #shorts,"Oct 6, 2024",30,0:00:00
2025-04-10,9OjZUPHBM9g,kids on instagram 😂 #shorts,"Oct 6, 2024",30,0:00:00
2025-04-11,9OjZUPHBM9g,kids on instagram 😂 #shorts,"Oct 6, 2024",30,0:00:00
2025-04-12,9OjZUPHBM9g,kids on instagram 😂 #shorts,"Oct 6, 2024",30,0:00:00
2025-04-13,9OjZUPHBM9g,kids on instagram 😂 #shorts,"Oct 6, 2024",30,0:00:00
2025-04-14,9OjZUPHBM9g,kids on instagram 😂 #shorts,"Oct 6, 2024",30,0:00:00
2025-04-15,9OjZUPHBM9g,kids on instagram 😂 #shorts,"Oct 6, 2024",30,0:00:00
2025-04-16,9OjZUPHBM9g,kids on instagram 😂 #shorts,"Oct 6, 2024",30,0:00:00
2025-04-17,9OjZUPHBM9g,kids on instagram 😂 #shorts,"Oct 6, 2024",30,0:00:00
2025-04-18,9OjZUPHBM9g,kids on instagram 😂 #shorts,"Oct 6, 2024",30,0:00:00
2025-04-19,9OjZUPHBM9g,kids on instagram 😂 #shorts,"Oct 6, 2024",30,0:00:00
2025-04-20,9OjZUPHBM9g,kids on instagram 😂 #shorts,"Oct 6, 2024",30,0:00:00
2025-04-21,9OjZUPHBM9g,kids on instagram 😂 #shorts,"Oct 6, 2024",30,0:00:00
2025-04-22,9OjZUPHBM9g,kids on instagram 😂 #shorts,"Oct 6, 2024",30,0:00:00
2025-04-23,9OjZUPHBM9g,kids on instagram 😂 #shorts,"Oct 6, 2024",30,0:00:00
2025-04-24,9OjZUPHBM9g,kids on instagram 😂 #shorts,"Oct 6, 2024",30,0:00:00
2025-04-25,9OjZUPHBM9g,kids on instagram 😂 #shorts,"Oct 6, 2024",30,0:00:00
2025-04-26,9OjZUPHBM9g,kids on instagram 😂 #shorts,"Oct 6, 2024",30,0:00:00
2025-04-27,9OjZUPHBM9g,kids on instagram 😂 #shorts,"Oct 6, 2024",30,0:00:00
2025-04-28,9OjZUPHBM9g,kids on instagram 😂 #shorts,"Oct 6, 2024",30,0:00:00
2025-04-29,9OjZUPHBM9g,kids on instagram 😂 #shorts,"Oct 6, 2024",30,0:00:00
2025-04-30,9OjZUPHBM9g,kids on instagram 😂 #shorts,"Oct 6, 2024",30,0:00:00
2025-05-01,9OjZUPHBM9g,kids on instagram 😂 #shorts,"Oct 6, 2024",30,0:00:00
2025-05-02,9OjZUPHBM9g,kids on instagram 😂 #shorts,"Oct 6, 2024",30,0:00:00
2025-05-03,9OjZUPHBM9g,kids on instagram 😂 #shorts,"Oct 6, 2024",30,0:00:00
2025-05-04,9OjZUPHBM9g,kids on instagram 😂 #shorts,"Oct 6, 2024",30,0:00:00
2025-05-05,9OjZUPHBM9g,kids on instagram 😂 #shorts,"Oct 6, 2024",30,0:00:00
2025-05-06,9OjZUPHBM9g,kids on instagram 😂 #shorts,"Oct 6, 2024",30,0:00:00
2025-05-07,9OjZUPHBM9g,kids on instagram 😂 #shorts,"Oct 6, 2024",30,0:00:00
2025-05-08,9OjZUPHBM9g,kids on instagram 😂 #shorts,"Oct 6, 2024",30,0:00:00
2025-05-09,9OjZUPHBM9g,kids on instagram 😂 #shorts,"Oct 6, 2024",30,0:00:00
2025-05-10,9OjZUPHBM9g,kids on instagram 😂 #shorts,"Oct 6, 2024",30,0:00:00
2025-05-11,9OjZUPHBM9g,kids on instagram 😂 #shorts,"Oct 6, 2024",30,0:00:00
2025-05-12,9OjZUPHBM9g,kids on instagram 😂 #shorts,"Oct 6, 2024",30,0:00:00
2025-05-13,9OjZUPHBM9g,kids on instagram 😂 #shorts,"Oct 6, 2024",30,0:00:00
2025-05-14,9OjZUPHBM9g,kids on instagram 😂 #shorts,"Oct 6, 2024",30,0:00:00
2025-05-15,9OjZUPHBM9g,kids on instagram 😂 #shorts,"Oct 6, 2024",30,0:00:00
2025-05-16,9OjZUPHBM9g,kids on instagram 😂 #shorts,"Oct 6, 2024",30,0:00:00
2025-05-17,9OjZUPHBM9g,kids on instagram 😂 #shorts,"Oct 6, 2024",30,0:00:00
2025-05-18,9OjZUPHBM9g,kids on instagram 😂 #shorts,"Oct 6, 2024",30,0:00:00
2025-05-19,9OjZUPHBM9g,kids on instagram 😂 #shorts,"Oct 6, 2024",30,0:00:00
2025-05-20,9OjZUPHBM9g,kids on instagram 😂 #shorts,"Oct 6, 2024",30,0:00:00
2025-05-21,9OjZUPHBM9g,kids on instagram 😂 #shorts,"Oct 6, 2024",30,0:00:00
2025-05-22,9OjZUPHBM9g,kids on instagram 😂 #shorts,"Oct 6, 2024",30,0:00:00
2025-05-23,9OjZUPHBM9g,kids on instagram 😂 #shorts,"Oct 6, 2024",30,0:00:00
2025-05-24,9OjZUPHBM9g,kids on instagram 😂 #shorts,"Oct 6, 2024",30,0:00:00
2025-05-25,9OjZUPHBM9g,kids on instagram 😂 #shorts,"Oct 6, 2024",30,0:00:00
2025-05-26,9OjZUPHBM9g,kids on instagram 😂 #shorts,"Oct 6, 2024",30,0:00:00
2025-05-27,9OjZUPHBM9g,kids on instagram 😂 #shorts,"Oct 6, 2024",30,0:00:00
2025-05-28,9OjZUPHBM9g,kids on instagram 😂 #shorts,"Oct 6, 2024",30,0:00:00
2025-05-29,9OjZUPHBM9g,kids on instagram 😂 #shorts,"Oct 6, 2024",30,0:00:00
2025-05-30,9OjZUPHBM9g,kids on instagram 😂 #shorts,"Oct 6, 2024",30,0:00:00
2025-05-31,9OjZUPHBM9g,kids on instagram 😂 #shorts,"Oct 6, 2024",30,0:00:00
2025-06-01,9OjZUPHBM9g,kids on instagram 😂 #shorts,"Oct 6, 2024",30,0:00:00
2025-06-02,9OjZUPHBM9g,kids on instagram 😂 #shorts,"Oct 6, 2024",30,0:00:00
2025-06-03,9OjZUPHBM9g,kids on instagram 😂 #shorts,"Oct 6, 2024",30,0:00:00
2025-06-04,9OjZUPHBM9g,kids on instagram 😂 #shorts,"Oct 6, 2024",30,0:00:00
2025-06-05,9OjZUPHBM9g,kids on instagram 😂 #shorts,"Oct 6, 2024",30,0:00:00
2025-06-06,9OjZUPHBM9g,kids on instagram 😂 #shorts,"Oct 6, 2024",30,0:00:00
2025-06-07,9OjZUPHBM9g,kids on instagram 😂 #shorts,"Oct 6, 2024",30,0:00:00
2025-06-08,9OjZUPHBM9g,kids on instagram 😂 #shorts,"Oct 6, 2024",30,0:00:00
2025-06-09,9OjZUPHBM9g,kids on instagram 😂 #shorts,"Oct 6, 2024",30,0:00:00
2025-06-10,9OjZUPHBM9g,kids on instagram 😂 #shorts,"Oct 6, 2024",30,0:00:00
2025-06-11,9OjZUPHBM9g,kids on instagram 😂 #shorts,"Oct 6, 2024",30,0:00:00
2025-06-12,9OjZUPHBM9g,kids on instagram 😂 #shorts,"Oct 6, 2024",30,0:00:00
2025-06-13,9OjZUPHBM9g,kids on instagram 😂 #shorts,"Oct 6, 2024",30,0:00:00
2025-06-14,9OjZUPHBM9g,kids on instagram 😂 #shorts,"Oct 6, 2024",30,0:00:00
2025-06-15,9OjZUPHBM9g,kids on instagram 😂 #shorts,"Oct 6, 2024",30,0:00:00
2025-06-16,9OjZUPHBM9g,kids on instagram 😂 #shorts,"Oct 6, 2024",30,0:00:00
2025-06-17,9OjZUPHBM9g,kids on instagram 😂 #shorts,"Oct 6, 2024",30,0:00:00
2025-06-18,9OjZUPHBM9g,kids on instagram 😂 #shorts,"Oct 6, 2024",30,0:00:00
2025-06-19,9OjZUPHBM9g,kids on instagram 😂 #shorts,"Oct 6, 2024",30,0:00:00
2025-06-20,9OjZUPHBM9g,kids on instagram 😂 #shorts,"Oct 6, 2024",30,0:00:00
2025-06-21,9OjZUPHBM9g,kids on instagram 😂 #shorts,"Oct 6, 2024",30,0:00:00
2025-06-22,9OjZUPHBM9g,kids on instagram 😂 #shorts,"Oct 6, 2024",30,0:00:00
2025-06-23,9OjZUPHBM9g,kids on instagram 😂 #shorts,"Oct 6, 2024",30,0:00:00
2025-06-24,9OjZUPHBM9g,kids on instagram 😂 #shorts,"Oct 6, 2024",30,0:00:00
2025-06-25,9OjZUPHBM9g,kids on instagram 😂 #shorts,"Oct 6, 2024",30,0:00:00
2025-06-26,9OjZUPHBM9g,kids on instagram 😂 #shorts,"Oct 6, 2024",30,0:00:00
2025-06-27,9OjZUPHBM9g,kids on instagram 😂 #shorts,"Oct 6, 2024",30,0:00:00
2025-06-28,9OjZUPHBM9g,kids on instagram 😂 #shorts,"Oct 6, 2024",30,0:00:00
2025-06-29,9OjZUPHBM9g,kids on instagram 😂 #shorts,"Oct 6, 2024",30,0:00:00
2025-06-30,9OjZUPHBM9g,kids on instagram 😂 #shorts,"Oct 6, 2024",30,0:00:00
2025-07-01,9OjZUPHBM9g,kids on instagram 😂 #shorts,"Oct 6, 2024",30,0:00:00
2025-07-02,9OjZUPHBM9g,kids on instagram 😂 #shorts,"Oct 6, 2024",30,0:00:00
2025-07-03,9OjZUPHBM9g,kids on instagram 😂 #shorts,"Oct 6, 2024",30,0:00:00
2025-07-04,9OjZUPHBM9g,kids on instagram 😂 #shorts,"Oct 6, 2024",30,0:00:00
2025-07-05,9OjZUPHBM9g,kids on instagram 😂 #shorts,"Oct 6, 2024",30,0:00:00
2025-07-06,9OjZUPHBM9g,kids on instagram 😂 #shorts,"Oct 6, 2024",30,0:00:00
2025-07-07,9OjZUPHBM9g,kids on instagram 😂 #shorts,"Oct 6, 2024",30,0:00:00
2025-07-08,9OjZUPHBM9g,kids on instagram 😂 #shorts,"Oct 6, 2024",30,0:00:00
2025-07-09,9OjZUPHBM9g,kids on instagram 😂 #shorts,"Oct 6, 2024",30,0:00:00
2025-07-10,9OjZUPHBM9g,kids on instagram 😂 #shorts,"Oct 6, 2024",30,0:00:00
2025-07-11,9OjZUPHBM9g,kids on instagram 😂 #shorts,"Oct 6, 2024",30,0:00:00
2025-07-12,9OjZUPHBM9g,kids on instagram 😂 #shorts,"Oct 6, 2024",30,0:00:00
2025-07-13,9OjZUPHBM9g,kids on instagram 😂 #shorts,"Oct 6, 2024",30,0:00:00
2025-07-14,9OjZUPHBM9g,kids on instagram 😂 #shorts,"Oct 6, 2024",30,0:00:00
2025-07-15,9OjZUPHBM9g,kids on instagram 😂 #shorts,"Oct 6, 2024",30,0:00:00
2025-07-16,9OjZUPHBM9g,kids on instagram 😂 #shorts,"Oct 6, 2024",30,0:00:00
2025-07-17,9OjZUPHBM9g,kids on instagram 😂 #shorts,"Oct 6, 2024",30,0:00:00
2025-07-18,9OjZUPHBM9g,kids on instagram 😂 #shorts,"Oct 6, 2024",30,0:00:00
2025-07-19,9OjZUPHBM9g,kids on instagram 😂 #shorts,"Oct 6, 2024",30,0:00:00
2025-07-20,9OjZUPHBM9g,kids on instagram 😂 #shorts,"Oct 6, 2024",30,0:00:00
2025-07-21,9OjZUPHBM9g,kids on instagram 😂 #shorts,"Oct 6, 2024",30,0:00:00
2025-07-22,9OjZUPHBM9g,kids on instagram 😂 #shorts,"Oct 6, 2024",30,0:00:00
2025-07-23,9OjZUPHBM9g,kids on instagram 😂 #shorts,"Oct 6, 2024",30,0:00:00
2025-07-24,9OjZUPHBM9g,kids on instagram 😂 #shorts,"Oct 6, 2024",30,0:00:00
2025-07-25,9OjZUPHBM9g,kids on instagram 😂 #shorts,"Oct 6, 2024",30,0:00:00
2025-07-26,9OjZUPHBM9g,kids on instagram 😂 #shorts,"Oct 6, 2024",30,0:00:00
2025-07-27,9OjZUPHBM9g,kids on instagram 😂 #shorts,"Oct 6, 2024",30,0:00:00
2025-07-28,9OjZUPHBM9g,kids on instagram 😂 #shorts,"Oct 6, 2024",30,0:00:00
2025-07-29,9OjZUPHBM9g,kids on instagram 😂 #shorts,"Oct 6, 2024",30,0:00:00
2025-07-30,9OjZUPHBM9g,kids on instagram 😂 #shorts,"Oct 6, 2024",30,0:00:00
2025-07-31,9OjZUPHBM9g,kids on instagram 😂 #shorts,"Oct 6, 2024",30,0:00:00
2025-08-01,9OjZUPHBM9g,kids on instagram 😂 #shorts,"Oct 6, 2024",30,0:00:00
2025-08-02,9OjZUPHBM9g,kids on instagram 😂 #shorts,"Oct 6, 2024",30,0:00:00
2025-08-03,9OjZUPHBM9g,kids on instagram 😂 #shorts,"Oct 6, 2024",30,0:00:00
2025-08-04,9OjZUPHBM9g,kids on instagram 😂 #shorts,"Oct 6, 2024",30,0:00:00
2025-08-05,9OjZUPHBM9g,kids on instagram 😂 #shorts,"Oct 6, 2024",30,0:00:00
2025-08-06,9OjZUPHBM9g,kids on instagram 😂 #shorts,"Oct 6, 2024",30,0:00:00
2025-08-07,9OjZUPHBM9g,kids on instagram 😂 #shorts,"Oct 6, 2024",30,0:00:00
2025-08-08,9OjZUPHBM9g,kids on instagram 😂 #shorts,"Oct 6, 2024",30,0:00:00
2025-08-09,9OjZUPHBM9g,kids on instagram 😂 #shorts,"Oct 6, 2024",30,0:00:00
2025-08-10,9OjZUPHBM9g,kids on instagram 😂 #shorts,"Oct 6, 2024",30,0:00:00
2025-08-11,9OjZUPHBM9g,kids on instagram 😂 #shorts,"Oct 6, 2024",30,0:00:00
2025-08-12,9OjZUPHBM9g,kids on instagram 😂 #shorts,"Oct 6, 2024",30,0:00:00
2025-08-13,9OjZUPHBM9g,kids on instagram 😂 #shorts,"Oct 6, 2024",30,0:00:00
2025-08-14,9OjZUPHBM9g,kids on instagram 😂 #shorts,"Oct 6, 2024",30,0:00:00
2025-08-15,9OjZUPHBM9g,kids on instagram 😂 #shorts,"Oct 6, 2024",30,0:00:00
2025-08-16,9OjZUPHBM9g,kids on instagram 😂 #shorts,"Oct 6, 2024",30,0:00:00
2025-08-17,9OjZUPHBM9g,kids on instagram 😂 #shorts,"Oct 6, 2024",30,0:00:00
2025-08-18,9OjZUPHBM9g,kids on instagram 😂 #shorts,"Oct 6, 2024",30,0:00:00
2025-08-19,9OjZUPHBM9g,kids on instagram 😂 #shorts,"Oct 6, 2024",30,0:00:00
2025-08-20,9OjZUPHBM9g,kids on instagram 😂 #shorts,"Oct 6, 2024",30,0:00:00
2025-08-21,9OjZUPHBM9g,kids on instagram 😂 #shorts,"Oct 6, 2024",30,0:00:00
2025-08-22,9OjZUPHBM9g,kids on instagram 😂 #shorts,"Oct 6, 2024",30,0:00:00
2025-08-23,9OjZUPHBM9g,kids on instagram 😂 #shorts,"Oct 6, 2024",30,0:00:00
2025-08-24,9OjZUPHBM9g,kids on instagram 😂 #shorts,"Oct 6, 2024",30,0:00:00
2025-08-25,9OjZUPHBM9g,kids on instagram 😂 #shorts,"Oct 6, 2024",30,0:00:00
2025-08-26,9OjZUPHBM9g,kids on instagram 😂 #shorts,"Oct 6, 2024",30,0:00:00
2025-08-27,9OjZUPHBM9g,kids on instagram 😂 #shorts,"Oct 6, 2024",30,0:00:00
2025-08-28,9OjZUPHBM9g,kids on instagram 😂 #shorts,"Oct 6, 2024",30,0:00:00
2025-08-29,9OjZUPHBM9g,kids on instagram 😂 #shorts,"Oct 6, 2024",30,0:00:00
2025-08-30,9OjZUPHBM9g,kids on instagram 😂 #shorts,"Oct 6, 2024",30,0:00:00
2025-08-31,9OjZUPHBM9g,kids on instagram 😂 #shorts,"Oct 6, 2024",30,0:00:00
2025-09-01,9OjZUPHBM9g,kids on instagram 😂 #shorts,"Oct 6, 2024",30,0:00:00
2025-09-02,9OjZUPHBM9g,kids on instagram 😂 #shorts,"Oct 6, 2024",30,0:00:00
2025-09-03,9OjZUPHBM9g,kids on instagram 😂 #shorts,"Oct 6, 2024",30,0:00:00
2025-09-04,9OjZUPHBM9g,kids on instagram 😂 #shorts,"Oct 6, 2024",30,0:00:00
2025-09-05,9OjZUPHBM9g,kids on instagram 😂 #shorts,"Oct 6, 2024",30,0:00:00
2025-09-06,9OjZUPHBM9g,kids on instagram 😂 #shorts,"Oct 6, 2024",30,0:00:00
2025-09-07,9OjZUPHBM9g,kids on instagram 😂 #shorts,"Oct 6, 2024",30,0:00:00
2025-09-08,9OjZUPHBM9g,kids on instagram 😂 #shorts,"Oct 6, 2024",30,0:00:00
2025-09-09,9OjZUPHBM9g,kids on instagram 😂 #shorts,"Oct 6, 2024",30,0:00:00
2025-09-10,9OjZUPHBM9g,kids on instagram 😂 #shorts,"Oct 6, 2024",30,0:00:00
2025-09-11,9OjZUPHBM9g,kids on instagram 😂 #shorts,"Oct 6, 2024",30,0:00:00
2025-09-12,9OjZUPHBM9g,kids on instagram 😂 #shorts,"Oct 6, 2024",30,0:00:00
2025-09-13,9OjZUPHBM9g,kids on instagram 😂 #shorts,"Oct 6, 2024",30,0:00:00
2025-09-14,9OjZUPHBM9g,kids on instagram 😂 #shorts,"Oct 6, 2024",30,0:00:00
2025-09-15,9OjZUPHBM9g,kids on instagram 😂 #shorts,"Oct 6, 2024",30,0:00:00
2025-09-16,9OjZUPHBM9g,kids on instagram 😂 #shorts,"Oct 6, 2024",30,0:00:00
2025-09-17,9OjZUPHBM9g,kids on instagram 😂 #shorts,"Oct 6, 2024",30,0:00:00
2025-09-18,9OjZUPHBM9g,kids on instagram 😂 #shorts,"Oct 6, 2024",30,0:00:00
2025-09-19,9OjZUPHBM9g,kids on instagram 😂 #shorts,"Oct 6, 2024",30,0:00:00
2025-09-20,9OjZUPHBM9g,kids on instagram 😂 #shorts,"Oct 6, 2024",30,0:00:00
2025-09-21,9OjZUPHBM9g,kids on instagram 😂 #shorts,"Oct 6, 2024",30,0:00:00
2025-09-22,9OjZUPHBM9g,kids on instagram 😂 #shorts,"Oct 6, 2024",30,0:00:00
2025-09-23,9OjZUPHBM9g,kids on instagram 😂 #shorts,"Oct 6, 2024",30,0:00:00
2025-09-24,9OjZUPHBM9g,kids on instagram 😂 #shorts,"Oct 6, 2024",30,0:00:00
2025-09-25,9OjZUPHBM9g,kids on instagram 😂 #shorts,"Oct 6, 2024",30,0:00:00
2025-09-26,9OjZUPHBM9g,kids on instagram 😂 #shorts,"Oct 6, 2024",30,0:00:00
2025-09-27,9OjZUPHBM9g,kids on instagram 😂 #shorts,"Oct 6, 2024",30,0:00:00
2025-09-28,9OjZUPHBM9g,kids on instagram 😂 #shorts,"Oct 6, 2024",30,0:00:00
2025-09-29,9OjZUPHBM9g,kids on instagram 😂 #shorts,"Oct 6, 2024",30,0:00:00
2025-09-30,9OjZUPHBM9g,kids on instagram 😂 #shorts,"Oct 6, 2024",30,0:00:00
2025-10-01,9OjZUPHBM9g,kids on instagram 😂 #shorts,"Oct 6, 2024",30,0:00:00
2025-10-02,9OjZUPHBM9g,kids on instagram 😂 #shorts,"Oct 6, 2024",30,0:00:00
2025-10-03,9OjZUPHBM9g,kids on instagram 😂 #shorts,"Oct 6, 2024",30,0:00:00
2025-10-04,9OjZUPHBM9g,kids on instagram 😂 #shorts,"Oct 6, 2024",30,0:00:00
2025-10-05,9OjZUPHBM9g,kids on instagram 😂 #shorts,"Oct 6, 2024",30,0:00:00
2025-10-06,9OjZUPHBM9g,kids on instagram 😂 #shorts,"Oct 6, 2024",30,0:00:00
2025-10-07,9OjZUPHBM9g,kids on instagram 😂 #shorts,"Oct 6, 2024",30,0:00:00
2025-10-08,9OjZUPHBM9g,kids on instagram 😂 #shorts,"Oct 6, 2024",30,0:00:00
2025-10-09,9OjZUPHBM9g,kids on instagram 😂 #shorts,"Oct 6, 2024",30,0:00:00
2025-10-10,9OjZUPHBM9g,kids on instagram 😂 #shorts,"Oct 6, 2024",30,0:00:00
2025-10-11,9OjZUPHBM9g,kids on instagram 😂 #shorts,"Oct 6, 2024",30,0:00:00
2025-10-12,9OjZUPHBM9g,kids on instagram 😂 #shorts,"Oct 6, 2024",30,0:00:00
2025-10-13,9OjZUPHBM9g,kids on instagram 😂 #shorts,"Oct 6, 2024",30,0:00:00
2025-10-14,9OjZUPHBM9g,kids on instagram 😂 #shorts,"Oct 6, 2024",30,0:00:00
2025-10-15,9OjZUPHBM9g,kids on instagram 😂 #shorts,"Oct 6, 2024",30,0:00:00
2025-10-16,9OjZUPHBM9g,kids on instagram 😂 #shorts,"Oct 6, 2024",30,0:00:00
2025-10-17,9OjZUPHBM9g,kids on instagram 😂 #shorts,"Oct 6, 2024",30,0:00:00
2025-10-18,9OjZUPHBM9g,kids on instagram 😂 #shorts,"Oct 6, 2024",30,0:00:00
2025-10-19,9OjZUPHBM9g,kids on instagram 😂 #shorts,"Oct 6, 2024",30,0:00:00
2025-10-20,9OjZUPHBM9g,kids on instagram 😂 #shorts,"Oct 6, 2024",30,0:00:00
2025-10-21,9OjZUPHBM9g,kids on instagram 😂 #shorts,"Oct 6, 2024",30,0:00:00
2025-10-22,9OjZUPHBM9g,kids on instagram 😂 #shorts,"Oct 6, 2024",30,0:00:00
2025-10-23,9OjZUPHBM9g,kids on instagram 😂 #shorts,"Oct 6, 2024",30,0:00:00
2025-10-24,9OjZUPHBM9g,kids on instagram 😂 #shorts,"Oct 6, 2024",30,0:00:00
2025-10-25,9OjZUPHBM9g,kids on instagram 😂 #shorts,"Oct 6, 2024",30,0:00:00
2025-10-26,9OjZUPHBM9g,kids on instagram 😂 #shorts,"Oct 6, 2024",30,0:00:00
2025-10-27,9OjZUPHBM9g,kids on instagram 😂 #shorts,"Oct 6, 2024",30,0:00:00
2025-10-28,9OjZUPHBM9g,kids on instagram 😂 #shorts,"Oct 6, 2024",30,0:00:00
2025-10-29,9OjZUPHBM9g,kids on instagram 😂 #shorts,"Oct 6, 2024",30,0:00:00
2025-10-30,9OjZUPHBM9g,kids on instagram 😂 #shorts,"Oct 6, 2024",30,0:00:00
2025-10-31,9OjZUPHBM9g,kids on instagram 😂 #shorts,"Oct 6, 2024",30,0:00:00
2025-11-01,9OjZUPHBM9g,kids on instagram 😂 #shorts,"Oct 6, 2024",30,0:00:00
2025-11-02,9OjZUPHBM9g,kids on instagram 😂 #shorts,"Oct 6, 2024",30,0:00:00
2025-11-03,9OjZUPHBM9g,kids on instagram 😂 #shorts,"Oct 6, 2024",30,0:00:00
2025-11-04,9OjZUPHBM9g,kids on instagram 😂 #shorts,"Oct 6, 2024",30,0:00:00
2025-11-05,9OjZUPHBM9g,kids on instagram 😂 #shorts,"Oct 6, 2024",30,0:00:00
2025-11-06,9OjZUPHBM9g,kids on instagram 😂 #shorts,"Oct 6, 2024",30,0:00:00
2025-11-07,9OjZUPHBM9g,kids on instagram 😂 #shorts,"Oct 6, 2024",30,0:00:00
2025-11-08,9OjZUPHBM9g,kids on instagram 😂 #shorts,"Oct 6, 2024",30,0:00:00
2025-11-09,9OjZUPHBM9g,kids on instagram 😂 #shorts,"Oct 6, 2024",30,0:00:00
2025-11-10,9OjZUPHBM9g,kids on instagram 😂 #shorts,"Oct 6, 2024",30,0:00:00
2025-11-11,9OjZUPHBM9g,kids on instagram 😂 #shorts,"Oct 6, 2024",30,0:00:00
2025-11-12,9OjZUPHBM9g,kids on instagram 😂 #shorts,"Oct 6, 2024",30,0:00:00
2025-11-13,9OjZUPHBM9g,kids on instagram 😂 #shorts,"Oct 6, 2024",30,0:00:00
2025-11-14,9OjZUPHBM9g,kids on instagram 😂 #shorts,"Oct 6, 2024",30,0:00:00
2025-11-15,9OjZUPHBM9g,kids on instagram 😂 #shorts,"Oct 6, 2024",30,0:00:00
2025-11-16,9OjZUPHBM9g,kids on instagram 😂 #shorts,"Oct 6, 2024",30,0:00:00
2025-11-17,9OjZUPHBM9g,kids on instagram 😂 #shorts,"Oct 6, 2024",30,0:00:00
2025-11-18,9OjZUPHBM9g,kids on instagram 😂 #shorts,"Oct 6, 2024",30,0:00:00
2025-11-19,9OjZUPHBM9g,kids on instagram 😂 #shorts,"Oct 6, 2024",30,0:00:00
2025-11-20,9OjZUPHBM9g,kids on instagram 😂 #shorts,"Oct 6, 2024",30,0:00:00
2025-11-21,9OjZUPHBM9g,kids on instagram 😂 #shorts,"Oct 6, 2024",30,0:00:00
2025-11-22,9OjZUPHBM9g,kids on instagram 😂 #shorts,"Oct 6, 2024",30,0:00:00
2025-11-23,9OjZUPHBM9g,kids on instagram 😂 #shorts,"Oct 6, 2024",30,0:00:00
2025-11-24,9OjZUPHBM9g,kids on instagram 😂 #shorts,"Oct 6, 2024",30,0:00:00
2025-11-25,9OjZUPHBM9g,kids on instagram 😂 #shorts,"Oct 6, 2024",30,0:00:00
2025-11-26,9OjZUPHBM9g,kids on instagram 😂 #shorts,"Oct 6, 2024",30,0:00:00
2025-11-27,9OjZUPHBM9g,kids on instagram 😂 #shorts,"Oct 6, 2024",30,0:00:00
2025-11-28,9OjZUPHBM9g,kids on instagram 😂 #shorts,"Oct 6, 2024",30,0:00:00
2025-11-29,9OjZUPHBM9g,kids on instagram 😂 #shorts,"Oct 6, 2024",30,0:00:00
2025-11-30,9OjZUPHBM9g,kids on instagram 😂 #shorts,"Oct 6, 2024",30,0:00:00
2025-12-01,9OjZUPHBM9g,kids on instagram 😂 #shorts,"Oct 6, 2024",30,0:00:00
2025-12-02,9OjZUPHBM9g,kids on instagram 😂 #shorts,"Oct 6, 2024",30,0:00:00
2025-12-03,9OjZUPHBM9g,kids on instagram 😂 #shorts,"Oct 6, 2024",30,0:00:00
2025-12-04,9OjZUPHBM9g,kids on instagram 😂 #shorts,"Oct 6, 2024",30,0:00:00
2025-12-05,9OjZUPHBM9g,kids on instagram 😂 #shorts,"Oct 6, 2024",30,0:00:00
2025-12-06,9OjZUPHBM9g,kids on instagram 😂 #shorts,"Oct 6, 2024",30,0:00:00
2025-12-07,9OjZUPHBM9g,kids on instagram 😂 #shorts,"Oct 6, 2024",30,0:00:00
2025-12-08,9OjZUPHBM9g,kids on instagram 😂 #shorts,"Oct 6, 2024",30,0:00:00
2025-12-09,9OjZUPHBM9g,kids on instagram 😂 #shorts,"Oct 6, 2024",30,0:00:00
2025-12-10,9OjZUPHBM9g,kids on instagram 😂 #shorts,"Oct 6, 2024",30,0:00:00
2025-12-11,9OjZUPHBM9g,kids on instagram 😂 #shorts,"Oct 6, 2024",30,0:00:00
2025-12-12,9OjZUPHBM9g,kids on instagram 😂 #shorts,"Oct 6, 2024",30,0:00:00
2025-12-13,9OjZUPHBM9g,kids on instagram 😂 #shorts,"Oct 6, 2024",30,0:00:00
2025-12-14,9OjZUPHBM9g,kids on instagram 😂 #shorts,"Oct 6, 2024",30,0:00:00
2025-12-15,9OjZUPHBM9g,kids on instagram 😂 #shorts,"Oct 6, 2024",30,0:00:00
2025-12-16,9OjZUPHBM9g,kids on instagram 😂 #shorts,"Oct 6, 2024",30,0:00:00
2025-12-17,9OjZUPHBM9g,kids on instagram 😂 #shorts,"Oct 6, 2024",30,0:00:00
2025-12-18,9OjZUPHBM9g,kids on instagram 😂 #shorts,"Oct 6, 2024",30,0:00:00
2025-12-19,9OjZUPHBM9g,kids on instagram 😂 #shorts,"Oct 6, 2024",30,0:00:00
2025-12-20,9OjZUPHBM9g,kids on instagram 😂 #shorts,"Oct 6, 2024",30,0:00:00
2025-12-21,9OjZUPHBM9g,kids on instagram 😂 #shorts,"Oct 6, 2024",30,0:00:00
2025-12-22,9OjZUPHBM9g,kids on instagram 😂 #shorts,"Oct 6, 2024",30,0:00:00
2025-12-23,9OjZUPHBM9g,kids on instagram 😂 #shorts,"Oct 6, 2024",30,0:00:00
2025-12-24,9OjZUPHBM9g,kids on instagram 😂 #shorts,"Oct 6, 2024",30,0:00:00
2025-12-25,9OjZUPHBM9g,kids on instagram 😂 #shorts,"Oct 6, 2024",30,0:00:00
2025-12-26,9OjZUPHBM9g,kids on instagram 😂 #shorts,"Oct 6, 2024",30,0:00:00
2025-12-27,9OjZUPHBM9g,kids on instagram 😂 #shorts,"Oct 6, 2024",30,0:00:00
2025-12-28,9OjZUPHBM9g,kids on instagram 😂 #shorts,"Oct 6, 2024",30,0:00:00
2025-12-29,9OjZUPHBM9g,kids on instagram 😂 #shorts,"Oct 6, 2024",30,0:00:00
2025-12-30,9OjZUPHBM9g,kids on instagram 😂 #shorts,"Oct 6, 2024",30,0:00:00
2025-12-31,9OjZUPHBM9g,kids on instagram 😂 #shorts,"Oct 6, 2024",30,0:00:00
2026-01-01,9OjZUPHBM9g,kids on instagram 😂 #shorts,"Oct 6, 2024",30,0:00:00
2026-01-02,9OjZUPHBM9g,kids on instagram 😂 #shorts,"Oct 6, 2024",30,0:00:00
2026-01-03,9OjZUPHBM9g,kids on instagram 😂 #shorts,"Oct 6, 2024",30,0:00:00
2026-01-04,9OjZUPHBM9g,kids on instagram 😂 #shorts,"Oct 6, 2024",30,0:00:00
2026-01-05,9OjZUPHBM9g,kids on instagram 😂 #shorts,"Oct 6, 2024",30,0:00:00
2026-01-06,9OjZUPHBM9g,kids on instagram 😂 #shorts,"Oct 6, 2024",30,0:00:00
2026-01-07,9OjZUPHBM9g,kids on instagram 😂 #shorts,"Oct 6, 2024",30,0:00:00
2026-01-08,9OjZUPHBM9g,kids on instagram 😂 #shorts,"Oct 6, 2024",30,0:00:00
2026-01-09,9OjZUPHBM9g,kids on instagram 😂 #shorts,"Oct 6, 2024",30,0:00:00
2026-01-10,9OjZUPHBM9g,kids on instagram 😂 #shorts,"Oct 6, 2024",30,0:00:00
2026-01-11,9OjZUPHBM9g,kids on instagram 😂 #shorts,"Oct 6, 2024",30,0:00:00
2026-01-12,9OjZUPHBM9g,kids on instagram 😂 #shorts,"Oct 6, 2024",30,0:00:00
2026-01-13,9OjZUPHBM9g,kids on instagram 😂 #shorts,"Oct 6, 2024",30,0:00:00
2026-01-14,9OjZUPHBM9g,kids on instagram 😂 #shorts,"Oct 6, 2024",30,0:00:00
2026-01-15,9OjZUPHBM9g,kids on instagram 😂 #shorts,"Oct 6, 2024",30,0:00:00
2026-01-16,9OjZUPHBM9g,kids on instagram 😂 #shorts,"Oct 6, 2024",30,0:00:00
2026-01-17,9OjZUPHBM9g,kids on instagram 😂 #shorts,"Oct 6, 2024",30,0:00:00
2026-01-18,9OjZUPHBM9g,kids on instagram 😂 #shorts,"Oct 6, 2024",30,0:00:00
2026-01-19,9OjZUPHBM9g,kids on instagram 😂 #shorts,"Oct 6, 2024",30,0:00:00
2026-01-20,9OjZUPHBM9g,kids on instagram 😂 #shorts,"Oct 6, 2024",30,0:00:00
2026-01-21,9OjZUPHBM9g,kids on instagram 😂 #shorts,"Oct 6, 2024",30,0:00:00
2026-01-22,9OjZUPHBM9g,kids on instagram 😂 #shorts,"Oct 6, 2024",30,0:00:00
2026-01-23,9OjZUPHBM9g,kids on instagram 😂 #shorts,"Oct 6, 2024",30,0:00:00
2026-01-24,9OjZUPHBM9g,kids on instagram 😂 #shorts,"Oct 6, 2024",30,0:00:00
2026-01-25,9OjZUPHBM9g,kids on instagram 😂 #shorts,"Oct 6, 2024",30,0:00:00
2026-01-26,9OjZUPHBM9g,kids on instagram 😂 #shorts,"Oct 6, 2024",30,0:00:00
2026-01-27,9OjZUPHBM9g,kids on instagram 😂 #shorts,"Oct 6, 2024",30,0:00:00
2026-01-28,9OjZUPHBM9g,kids on instagram 😂 #shorts,"Oct 6, 2024",30,0:00:00
2026-01-29,9OjZUPHBM9g,kids on instagram 😂 #shorts,"Oct 6, 2024",30,0:00:00
2026-01-30,9OjZUPHBM9g,kids on instagram 😂 #shorts,"Oct 6, 2024",30,0:00:00
2026-01-31,9OjZUPHBM9g,kids on instagram 😂 #shorts,"Oct 6, 2024",30,0:00:00
2026-02-01,9OjZUPHBM9g,kids on instagram 😂 #shorts,"Oct 6, 2024",30,0:00:00
2026-02-02,9OjZUPHBM9g,kids on instagram 😂 #shorts,"Oct 6, 2024",30,0:00:00
2026-02-03,9OjZUPHBM9g,kids on instagram 😂 #shorts,"Oct 6, 2024",30,0:00:00
2026-02-04,9OjZUPHBM9g,kids on instagram 😂 #shorts,"Oct 6, 2024",30,0:00:00
2026-02-05,9OjZUPHBM9g,kids on instagram 😂 #shorts,"Oct 6, 2024",30,0:00:00
2026-02-06,9OjZUPHBM9g,kids on instagram 😂 #shorts,"Oct 6, 2024",30,0:00:00
2026-02-07,9OjZUPHBM9g,kids on instagram 😂 #shorts,"Oct 6, 2024",30,0:00:00
2026-02-08,9OjZUPHBM9g,kids on instagram 😂 #shorts,"Oct 6, 2024",30,0:00:00
2026-02-09,9OjZUPHBM9g,kids on instagram 😂 #shorts,"Oct 6, 2024",30,0:00:00
2026-02-10,9OjZUPHBM9g,kids on instagram 😂 #shorts,"Oct 6, 2024",30,0:00:00
2026-02-11,9OjZUPHBM9g,kids on instagram 😂 #shorts,"Oct 6, 2024",30,0:00:00
2026-02-12,9OjZUPHBM9g,kids on instagram 😂 #shorts,"Oct 6, 2024",30,0:00:00
2026-02-13,9OjZUPHBM9g,kids on instagram 😂 #shorts,"Oct 6, 2024",30,0:00:00
2026-02-14,9OjZUPHBM9g,kids on instagram 😂 #shorts,"Oct 6, 2024",30,0:00:00
2026-02-15,9OjZUPHBM9g,kids on instagram 😂 #shorts,"Oct 6, 2024",30,0:00:00
2026-02-16,9OjZUPHBM9g,kids on instagram 😂 #shorts,"Oct 6, 2024",30,0:00:00
2026-02-17,9OjZUPHBM9g,kids on instagram 😂 #shorts,"Oct 6, 2024",30,0:00:00
2026-02-18,9OjZUPHBM9g,kids on instagram 😂 #shorts,"Oct 6, 2024",30,0:00:00
2026-02-19,9OjZUPHBM9g,kids on instagram 😂 #shorts,"Oct 6, 2024",30,0:00:00
2026-02-20,9OjZUPHBM9g,kids on instagram 😂 #shorts,"Oct 6, 2024",30,0:00:00
2026-02-21,9OjZUPHBM9g,kids on instagram 😂 #shorts,"Oct 6, 2024",30,0:00:00
2026-02-22,9OjZUPHBM9g,kids on instagram 😂 #shorts,"Oct 6, 2024",30,0:00:00
2026-02-23,9OjZUPHBM9g,kids on instagram 😂 #shorts,"Oct 6, 2024",30,0:00:00
2026-02-24,9OjZUPHBM9g,kids on instagram 😂 #shorts,"Oct 6, 2024",30,0:00:00
2026-02-25,9OjZUPHBM9g,kids on instagram 😂 #shorts,"Oct 6, 2024",30,0:00:00
2026-02-26,9OjZUPHBM9g,kids on instagram 😂 #shorts,"Oct 6, 2024",30,0:00:00
2026-02-27,9OjZUPHBM9g,kids on instagram 😂 #shorts,"Oct 6, 2024",30,0:00:00
2026-02-28,9OjZUPHBM9g,kids on instagram 😂 #shorts,"Oct 6, 2024",30,0:00:00
2026-03-01,9OjZUPHBM9g,kids on instagram 😂 #shorts,"Oct 6, 2024",30,0:00:00
2026-03-02,9OjZUPHBM9g,kids on instagram 😂 #shorts,"Oct 6, 2024",30,0:00:00
2026-03-03,9OjZUPHBM9g,kids on instagram 😂 #shorts,"Oct 6, 2024",30,0:00:00
2026-03-04,9OjZUPHBM9g,kids on instagram 😂 #shorts,"Oct 6, 2024",30,0:00:00
2026-03-05,9OjZUPHBM9g,kids on instagram 😂 #shorts,"Oct 6, 2024",30,0:00:00
2026-03-06,9OjZUPHBM9g,kids on instagram 😂 #shorts,"Oct 6, 2024",30,0:00:00
2026-03-07,9OjZUPHBM9g,kids on instagram 😂 #shorts,"Oct 6, 2024",30,0:00:00
2026-03-08,9OjZUPHBM9g,kids on instagram 😂 #shorts,"Oct 6, 2024",30,0:00:00
2026-03-09,9OjZUPHBM9g,kids on instagram 😂 #shorts,"Oct 6, 2024",30,0:00:00
2026-03-10,9OjZUPHBM9g,kids on instagram 😂 #shorts,"Oct 6, 2024",30,0:00:00
2026-03-11,9OjZUPHBM9g,kids on instagram 😂 #shorts,"Oct 6, 2024",30,0:00:00
2026-03-12,9OjZUPHBM9g,kids on instagram 😂 #shorts,"Oct 6, 2024",30,0:00:00
2026-03-13,9OjZUPHBM9g,kids on instagram 😂 #shorts,"Oct 6, 2024",30,0:00:00
2026-03-14,9OjZUPHBM9g,kids on instagram 😂 #shorts,"Oct 6, 2024",30,0:00:00
2026-03-15,9OjZUPHBM9g,kids on instagram 😂 #shorts,"Oct 6, 2024",30,0:00:00
2026-03-16,9OjZUPHBM9g,kids on instagram 😂 #shorts,"Oct 6, 2024",30,0:00:00
2026-03-17,9OjZUPHBM9g,kids on instagram 😂 #shorts,"Oct 6, 2024",30,0:00:00
2026-03-18,9OjZUPHBM9g,kids on instagram 😂 #shorts,"Oct 6, 2024",30,0:00:00
2026-03-19,9OjZUPHBM9g,kids on instagram 😂 #shorts,"Oct 6, 2024",30,0:00:00
2026-03-20,9OjZUPHBM9g,kids on instagram 😂 #shorts,"Oct 6, 2024",30,0:00:00
2026-03-21,9OjZUPHBM9g,kids on instagram 😂 #shorts,"Oct 6, 2024",30,0:00:00
2026-03-22,9OjZUPHBM9g,kids on instagram 😂 #shorts,"Oct 6, 2024",30,0:00:00
2026-03-23,9OjZUPHBM9g,kids on instagram 😂 #shorts,"Oct 6, 2024",30,0:00:00
2026-03-24,9OjZUPHBM9g,kids on instagram 😂 #shorts,"Oct 6, 2024",30,0:00:00
2026-03-25,9OjZUPHBM9g,kids on instagram 😂 #shorts,"Oct 6, 2024",30,0:00:00
2026-03-26,9OjZUPHBM9g,kids on instagram 😂 #shorts,"Oct 6, 2024",30,0:00:00
2026-03-27,9OjZUPHBM9g,kids on instagram 😂 #shorts,"Oct 6, 2024",30,0:00:00
2026-03-28,9OjZUPHBM9g,kids on instagram 😂 #shorts,"Oct 6, 2024",30,0:00:00
2026-03-29,9OjZUPHBM9g,kids on instagram 😂 #shorts,"Oct 6, 2024",30,0:00:00
2026-03-30,9OjZUPHBM9g,kids on instagram 😂 #shorts,"Oct 6, 2024",30,0:00:00
2026-03-31,9OjZUPHBM9g,kids on instagram 😂 #shorts,"Oct 6, 2024",30,0:00:00
2026-04-01,9OjZUPHBM9g,kids on instagram 😂 #shorts,"Oct 6, 2024",30,0:00:00
2026-04-02,9OjZUPHBM9g,kids on instagram 😂 #shorts,"Oct 6, 2024",30,0:00:00
2026-04-03,9OjZUPHBM9g,kids on instagram 😂 #shorts,"Oct 6, 2024",30,0:00:00
2026-04-04,9OjZUPHBM9g,kids on instagram 😂 #shorts,"Oct 6, 2024",30,0:00:00
2026-04-05,9OjZUPHBM9g,kids on instagram 😂 #shorts,"Oct 6, 2024",30,0:00:00
2026-04-06,9OjZUPHBM9g,kids on instagram 😂 #shorts,"Oct 6, 2024",30,0:00:00
2026-04-07,9OjZUPHBM9g,kids on instagram 😂 #shorts,"Oct 6, 2024",30,0:00:00
2026-04-08,9OjZUPHBM9g,kids on instagram 😂 #shorts,"Oct 6, 2024",30,0:00:00
2026-04-09,9OjZUPHBM9g,kids on instagram 😂 #shorts,"Oct 6, 2024",30,0:00:00
2026-04-10,9OjZUPHBM9g,kids on instagram 😂 #shorts,"Oct 6, 2024",30,0:00:00
2026-04-11,9OjZUPHBM9g,kids on instagram 😂 #shorts,"Oct 6, 2024",30,0:00:00
2026-04-12,9OjZUPHBM9g,kids on instagram 😂 #shorts,"Oct 6, 2024",30,0:00:00
2026-04-13,9OjZUPHBM9g,kids on instagram 😂 #shorts,"Oct 6, 2024",30,0:00:00
2026-04-14,9OjZUPHBM9g,kids on instagram 😂 #shorts,"Oct 6, 2024",30,0:00:00
2026-04-15,9OjZUPHBM9g,kids on instagram 😂 #shorts,"Oct 6, 2024",30,0:00:00
2026-04-16,9OjZUPHBM9g,kids on instagram 😂 #shorts,"Oct 6, 2024",30,0:00:00
2026-04-17,9OjZUPHBM9g,kids on instagram 😂 #shorts,"Oct 6, 2024",30,0:00:00
2026-04-18,9OjZUPHBM9g,kids on instagram 😂 #shorts,"Oct 6, 2024",30,0:00:00
2026-04-19,9OjZUPHBM9g,kids on instagram 😂 #shorts,"Oct 6, 2024",30,0:00:00
2026-04-20,9OjZUPHBM9g,kids on instagram 😂 #shorts,"Oct 6, 2024",30,0:00:00
2026-04-21,9OjZUPHBM9g,kids on instagram 😂 #shorts,"Oct 6, 2024",30,0:00:00
2026-04-22,9OjZUPHBM9g,kids on instagram 😂 #shorts,"Oct 6, 2024",30,0:00:00
2026-04-23,9OjZUPHBM9g,kids on instagram 😂 #shorts,"Oct 6, 2024",30,0:00:00
2026-04-24,9OjZUPHBM9g,kids on instagram 😂 #shorts,"Oct 6, 2024",30,0:00:00
2026-04-25,9OjZUPHBM9g,kids on instagram 😂 #shorts,"Oct 6, 2024",30,0:00:00
2026-04-26,9OjZUPHBM9g,kids on instagram 😂 #shorts,"Oct 6, 2024",30,0:00:00
2026-04-27,9OjZUPHBM9g,kids on instagram 😂 #shorts,"Oct 6, 2024",30,0:00:00
2026-04-28,9OjZUPHBM9g,kids on instagram 😂 #shorts,"Oct 6, 2024",30,0:00:00
2026-04-29,9OjZUPHBM9g,kids on instagram 😂 #shorts,"Oct 6, 2024",30,0:00:00
2026-04-30,9OjZUPHBM9g,kids on instagram 😂 #shorts,"Oct 6, 2024",30,0:00:00
2026-05-01,9OjZUPHBM9g,kids on instagram 😂 #shorts,"Oct 6, 2024",30,0:00:00
2026-05-02,9OjZUPHBM9g,kids on instagram 😂 #shorts,"Oct 6, 2024",30,0:00:00
2026-05-03,9OjZUPHBM9g,kids on instagram 😂 #shorts,"Oct 6, 2024",30,0:00:00
2026-05-04,9OjZUPHBM9g,kids on instagram 😂 #shorts,"Oct 6, 2024",30,0:00:00
2026-05-05,9OjZUPHBM9g,kids on instagram 😂 #shorts,"Oct 6, 2024",30,0:00:00
2026-05-06,9OjZUPHBM9g,kids on instagram 😂 #shorts,"Oct 6, 2024",30,0:00:00
2026-05-07,9OjZUPHBM9g,kids on instagram 😂 #shorts,"Oct 6, 2024",30,0:00:00
2026-05-08,9OjZUPHBM9g,kids on instagram 😂 #shorts,"Oct 6, 2024",30,0:00:00
2026-05-09,9OjZUPHBM9g,kids on instagram 😂 #shorts,"Oct 6, 2024",30,0:00:00
2026-05-10,9OjZUPHBM9g,kids on instagram 😂 #shorts,"Oct 6, 2024",30,0:00:00
2026-05-11,9OjZUPHBM9g,kids on instagram 😂 #shorts,"Oct 6, 2024",30,0:00:00
2026-05-12,9OjZUPHBM9g,kids on instagram 😂 #shorts,"Oct 6, 2024",30,0:00:00
2026-05-13,9OjZUPHBM9g,kids on instagram 😂 #shorts,"Oct 6, 2024",30,0:00:00
2026-05-14,9OjZUPHBM9g,kids on instagram 😂 #shorts,"Oct 6, 2024",30,0:00:00
2026-05-15,9OjZUPHBM9g,kids on instagram 😂 #shorts,"Oct 6, 2024",30,0:00:00
2026-05-16,9OjZUPHBM9g,kids on instagram 😂 #shorts,"Oct 6, 2024",30,0:00:00
2026-05-17,9OjZUPHBM9g,kids on instagram 😂 #shorts,"Oct 6, 2024",30,0:00:00
2026-05-18,9OjZUPHBM9g,kids on instagram 😂 #shorts,"Oct 6, 2024",30,0:00:00
2026-05-19,9OjZUPHBM9g,kids on instagram 😂 #shorts,"Oct 6, 2024",30,0:00:00
2026-05-20,9OjZUPHBM9g,kids on instagram 😂 #shorts,"Oct 6, 2024",30,0:00:00
2026-05-21,9OjZUPHBM9g,kids on instagram 😂 #shorts,"Oct 6, 2024",30,0:00:00
2026-05-22,9OjZUPHBM9g,kids on instagram 😂 #shorts,"Oct 6, 2024",30,0:00:00
2026-05-23,9OjZUPHBM9g,kids on instagram 😂 #shorts,"Oct 6, 2024",30,0:00:00
2026-05-24,9OjZUPHBM9g,kids on instagram 😂 #shorts,"Oct 6, 2024",30,0:00:00
2026-05-25,9OjZUPHBM9g,kids on instagram 😂 #shorts,"Oct 6, 2024",30,0:00:00
2026-05-26,9OjZUPHBM9g,kids on instagram 😂 #shorts,"Oct 6, 2024",30,0:00:00
2026-05-27,9OjZUPHBM9g,kids on instagram 😂 #shorts,"Oct 6, 2024",30,0:00:00
2026-05-28,9OjZUPHBM9g,kids on instagram 😂 #shorts,"Oct 6, 2024",30,0:00:00
2026-05-29,9OjZUPHBM9g,kids on instagram 😂 #shorts,"Oct 6, 2024",30,0:00:00
2026-05-30,9OjZUPHBM9g,kids on instagram 😂 #shorts,"Oct 6, 2024",30,0:00:00
2026-05-31,9OjZUPHBM9g,kids on instagram 😂 #shorts,"Oct 6, 2024",30,0:00:00
2026-06-01,9OjZUPHBM9g,kids on instagram 😂 #shorts,"Oct 6, 2024",30,0:00:00
2026-06-02,9OjZUPHBM9g,kids on instagram 😂 #shorts,"Oct 6, 2024",30,0:00:00
2026-06-03,9OjZUPHBM9g,kids on instagram 😂 #shorts,"Oct 6, 2024",30,0:00:00
2026-06-04,9OjZUPHBM9g,kids on instagram 😂 #shorts,"Oct 6, 2024",30,0:00:00
2026-06-05,9OjZUPHBM9g,kids on instagram 😂 #shorts,"Oct 6, 2024",30,0:00:00
2026-06-06,9OjZUPHBM9g,kids on instagram 😂 #shorts,"Oct 6, 2024",30,0:00:00
2026-06-07,9OjZUPHBM9g,kids on instagram 😂 #shorts,"Oct 6, 2024",30,0:00:00
2026-06-08,9OjZUPHBM9g,kids on instagram 😂 #shorts,"Oct 6, 2024",30,0:00:00
2026-06-09,9OjZUPHBM9g,kids on instagram 😂 #shorts,"Oct 6, 2024",30,0:00:00
2026-06-10,9OjZUPHBM9g,kids on instagram 😂 #shorts,"Oct 6, 2024",30,0:00:00
2026-06-11,9OjZUPHBM9g,kids on instagram 😂 #shorts,"Oct 6, 2024",30,0:00:00
2026-06-12,9OjZUPHBM9g,kids on instagram 😂 #shorts,"Oct 6, 2024",30,0:00:00
2026-06-13,9OjZUPHBM9g,kids on instagram 😂 #shorts,"Oct 6, 2024",30,0:00:00
2026-06-14,9OjZUPHBM9g,kids on instagram 😂 #shorts,"Oct 6, 2024",30,0:00:00
2026-06-15,9OjZUPHBM9g,kids on instagram 😂 #shorts,"Oct 6, 2024",30,0:00:00
2026-06-16,9OjZUPHBM9g,kids on instagram 😂 #shorts,"Oct 6, 2024",30,0:00:00
2026-06-17,9OjZUPHBM9g,kids on instagram 😂 #shorts,"Oct 6, 2024",30,0:00:00
2026-06-18,9OjZUPHBM9g,kids on instagram 😂 #shorts,"Oct 6, 2024",30,0:00:00
2026-06-19,9OjZUPHBM9g,kids on instagram 😂 #shorts,"Oct 6, 2024",30,0:00:00
2026-06-20,9OjZUPHBM9g,kids on instagram 😂 #shorts,"Oct 6, 2024",30,0:00:00
2026-06-21,9OjZUPHBM9g,kids on instagram 😂 #shorts,"Oct 6, 2024",30,0:00:00
2026-06-22,9OjZUPHBM9g,kids on instagram 😂 #shorts,"Oct 6, 2024",30,0:00:00
2026-06-23,9OjZUPHBM9g,kids on instagram 😂 #shorts,"Oct 6, 2024",30,0:00:00
2026-06-24,9OjZUPHBM9g,kids on instagram 😂 #shorts,"Oct 6, 2024",30,0:00:00
2023-06-24,BV4cpH3lDt0,Best Makeup 🤣,"Oct 2, 2025",29,0:00:00
2023-06-25,BV4cpH3lDt0,Best Makeup 🤣,"Oct 2, 2025",29,0:00:00
2023-06-26,BV4cpH3lDt0,Best Makeup 🤣,"Oct 2, 2025",29,0:00:00
2023-06-27,BV4cpH3lDt0,Best Makeup 🤣,"Oct 2, 2025",29,0:00:00
2023-06-28,BV4cpH3lDt0,Best Makeup 🤣,"Oct 2, 2025",29,0:00:00
2023-06-29,BV4cpH3lDt0,Best Makeup 🤣,"Oct 2, 2025",29,0:00:00
2023-06-30,BV4cpH3lDt0,Best Makeup 🤣,"Oct 2, 2025",29,0:00:00
2023-07-01,BV4cpH3lDt0,Best Makeup 🤣,"Oct 2, 2025",29,0:00:00
2023-07-02,BV4cpH3lDt0,Best Makeup 🤣,"Oct 2, 2025",29,0:00:00
2023-07-03,BV4cpH3lDt0,Best Makeup 🤣,"Oct 2, 2025",29,0:00:00
2023-07-04,BV4cpH3lDt0,Best Makeup 🤣,"Oct 2, 2025",29,0:00:00
2023-07-05,BV4cpH3lDt0,Best Makeup 🤣,"Oct 2, 2025",29,0:00:00
2023-07-06,BV4cpH3lDt0,Best Makeup 🤣,"Oct 2, 2025",29,0:00:00
2023-07-07,BV4cpH3lDt0,Best Makeup 🤣,"Oct 2, 2025",29,0:00:00
2023-07-08,BV4cpH3lDt0,Best Makeup 🤣,"Oct 2, 2025",29,0:00:00
2023-07-09,BV4cpH3lDt0,Best Makeup 🤣,"Oct 2, 2025",29,0:00:00
2023-07-10,BV4cpH3lDt0,Best Makeup 🤣,"Oct 2, 2025",29,0:00:00
2023-07-11,BV4cpH3lDt0,Best Makeup 🤣,"Oct 2, 2025",29,0:00:00
2023-07-12,BV4cpH3lDt0,Best Makeup 🤣,"Oct 2, 2025",29,0:00:00
2023-07-13,BV4cpH3lDt0,Best Makeup 🤣,"Oct 2, 2025",29,0:00:00
2023-07-14,BV4cpH3lDt0,Best Makeup 🤣,"Oct 2, 2025",29,0:00:00
2023-07-15,BV4cpH3lDt0,Best Makeup 🤣,"Oct 2, 2025",29,0:00:00
2023-07-16,BV4cpH3lDt0,Best Makeup 🤣,"Oct 2, 2025",29,0:00:00
2023-07-17,BV4cpH3lDt0,Best Makeup 🤣,"Oct 2, 2025",29,0:00:00
2023-07-18,BV4cpH3lDt0,Best Makeup 🤣,"Oct 2, 2025",29,0:00:00
2023-07-19,BV4cpH3lDt0,Best Makeup 🤣,"Oct 2, 2025",29,0:00:00
2023-07-20,BV4cpH3lDt0,Best Makeup 🤣,"Oct 2, 2025",29,0:00:00
2023-07-21,BV4cpH3lDt0,Best Makeup 🤣,"Oct 2, 2025",29,0:00:00
2023-07-22,BV4cpH3lDt0,Best Makeup 🤣,"Oct 2, 2025",29,0:00:00
2023-07-23,BV4cpH3lDt0,Best Makeup 🤣,"Oct 2, 2025",29,0:00:00
2023-07-24,BV4cpH3lDt0,Best Makeup 🤣,"Oct 2, 2025",29,0:00:00
2023-07-25,BV4cpH3lDt0,Best Makeup 🤣,"Oct 2, 2025",29,0:00:00
2023-07-26,BV4cpH3lDt0,Best Makeup 🤣,"Oct 2, 2025",29,0:00:00
2023-07-27,BV4cpH3lDt0,Best Makeup 🤣,"Oct 2, 2025",29,0:00:00
2023-07-28,BV4cpH3lDt0,Best Makeup 🤣,"Oct 2, 2025",29,0:00:00
2023-07-29,BV4cpH3lDt0,Best Makeup 🤣,"Oct 2, 2025",29,0:00:00
2023-07-30,BV4cpH3lDt0,Best Makeup 🤣,"Oct 2, 2025",29,0:00:00
2023-07-31,BV4cpH3lDt0,Best Makeup 🤣,"Oct 2, 2025",29,0:00:00
2023-08-01,BV4cpH3lDt0,Best Makeup 🤣,"Oct 2, 2025",29,0:00:00
2023-08-02,BV4cpH3lDt0,Best Makeup 🤣,"Oct 2, 2025",29,0:00:00
2023-08-03,BV4cpH3lDt0,Best Makeup 🤣,"Oct 2, 2025",29,0:00:00
2023-08-04,BV4cpH3lDt0,Best Makeup 🤣,"Oct 2, 2025",29,0:00:00
2023-08-05,BV4cpH3lDt0,Best Makeup 🤣,"Oct 2, 2025",29,0:00:00
2023-08-06,BV4cpH3lDt0,Best Makeup 🤣,"Oct 2, 2025",29,0:00:00
2023-08-07,BV4cpH3lDt0,Best Makeup 🤣,"Oct 2, 2025",29,0:00:00
2023-08-08,BV4cpH3lDt0,Best Makeup 🤣,"Oct 2, 2025",29,0:00:00
2023-08-09,BV4cpH3lDt0,Best Makeup 🤣,"Oct 2, 2025",29,0:00:00
2023-08-10,BV4cpH3lDt0,Best Makeup 🤣,"Oct 2, 2025",29,0:00:00
2023-08-11,BV4cpH3lDt0,Best Makeup 🤣,"Oct 2, 2025",29,0:00:00
2023-08-12,BV4cpH3lDt0,Best Makeup 🤣,"Oct 2, 2025",29,0:00:00
2023-08-13,BV4cpH3lDt0,Best Makeup 🤣,"Oct 2, 2025",29,0:00:00
2023-08-14,BV4cpH3lDt0,Best Makeup 🤣,"Oct 2, 2025",29,0:00:00
2023-08-15,BV4cpH3lDt0,Best Makeup 🤣,"Oct 2, 2025",29,0:00:00
2023-08-16,BV4cpH3lDt0,Best Makeup 🤣,"Oct 2, 2025",29,0:00:00
2023-08-17,BV4cpH3lDt0,Best Makeup 🤣,"Oct 2, 2025",29,0:00:00
2023-08-18,BV4cpH3lDt0,Best Makeup 🤣,"Oct 2, 2025",29,0:00:00
2023-08-19,BV4cpH3lDt0,Best Makeup 🤣,"Oct 2, 2025",29,0:00:00
2023-08-20,BV4cpH3lDt0,Best Makeup 🤣,"Oct 2, 2025",29,0:00:00
2023-08-21,BV4cpH3lDt0,Best Makeup 🤣,"Oct 2, 2025",29,0:00:00
2023-08-22,BV4cpH3lDt0,Best Makeup 🤣,"Oct 2, 2025",29,0:00:00
2023-08-23,BV4cpH3lDt0,Best Makeup 🤣,"Oct 2, 2025",29,0:00:00
2023-08-24,BV4cpH3lDt0,Best Makeup 🤣,"Oct 2, 2025",29,0:00:00
2023-08-25,BV4cpH3lDt0,Best Makeup 🤣,"Oct 2, 2025",29,0:00:00
2023-08-26,BV4cpH3lDt0,Best Makeup 🤣,"Oct 2, 2025",29,0:00:00
2023-08-27,BV4cpH3lDt0,Best Makeup 🤣,"Oct 2, 2025",29,0:00:00
2023-08-28,BV4cpH3lDt0,Best Makeup 🤣,"Oct 2, 2025",29,0:00:00
2023-08-29,BV4cpH3lDt0,Best Makeup 🤣,"Oct 2, 2025",29,0:00:00
2023-08-30,BV4cpH3lDt0,Best Makeup 🤣,"Oct 2, 2025",29,0:00:00
2023-08-31,BV4cpH3lDt0,Best Makeup 🤣,"Oct 2, 2025",29,0:00:00
2023-09-01,BV4cpH3lDt0,Best Makeup 🤣,"Oct 2, 2025",29,0:00:00
2023-09-02,BV4cpH3lDt0,Best Makeup 🤣,"Oct 2, 2025",29,0:00:00
2023-09-03,BV4cpH3lDt0,Best Makeup 🤣,"Oct 2, 2025",29,0:00:00
2023-09-04,BV4cpH3lDt0,Best Makeup 🤣,"Oct 2, 2025",29,0:00:00
2023-09-05,BV4cpH3lDt0,Best Makeup 🤣,"Oct 2, 2025",29,0:00:00
2023-09-06,BV4cpH3lDt0,Best Makeup 🤣,"Oct 2, 2025",29,0:00:00
2023-09-07,BV4cpH3lDt0,Best Makeup 🤣,"Oct 2, 2025",29,0:00:00
2023-09-08,BV4cpH3lDt0,Best Makeup 🤣,"Oct 2, 2025",29,0:00:00
2023-09-09,BV4cpH3lDt0,Best Makeup 🤣,"Oct 2, 2025",29,0:00:00
2023-09-10,BV4cpH3lDt0,Best Makeup 🤣,"Oct 2, 2025",29,0:00:00
2023-09-11,BV4cpH3lDt0,Best Makeup 🤣,"Oct 2, 2025",29,0:00:00
2023-09-12,BV4cpH3lDt0,Best Makeup 🤣,"Oct 2, 2025",29,0:00:00
2023-09-13,BV4cpH3lDt0,Best Makeup 🤣,"Oct 2, 2025",29,0:00:00
2023-09-14,BV4cpH3lDt0,Best Makeup 🤣,"Oct 2, 2025",29,0:00:00
2023-09-15,BV4cpH3lDt0,Best Makeup 🤣,"Oct 2, 2025",29,0:00:00
2023-09-16,BV4cpH3lDt0,Best Makeup 🤣,"Oct 2, 2025",29,0:00:00
2023-09-17,BV4cpH3lDt0,Best Makeup 🤣,"Oct 2, 2025",29,0:00:00
2023-09-18,BV4cpH3lDt0,Best Makeup 🤣,"Oct 2, 2025",29,0:00:00
2023-09-19,BV4cpH3lDt0,Best Makeup 🤣,"Oct 2, 2025",29,0:00:00
2023-09-20,BV4cpH3lDt0,Best Makeup 🤣,"Oct 2, 2025",29,0:00:00
2023-09-21,BV4cpH3lDt0,Best Makeup 🤣,"Oct 2, 2025",29,0:00:00
2023-09-22,BV4cpH3lDt0,Best Makeup 🤣,"Oct 2, 2025",29,0:00:00
2023-09-23,BV4cpH3lDt0,Best Makeup 🤣,"Oct 2, 2025",29,0:00:00
2023-09-24,BV4cpH3lDt0,Best Makeup 🤣,"Oct 2, 2025",29,0:00:00
2023-09-25,BV4cpH3lDt0,Best Makeup 🤣,"Oct 2, 2025",29,0:00:00
2023-09-26,BV4cpH3lDt0,Best Makeup 🤣,"Oct 2, 2025",29,0:00:00
2023-09-27,BV4cpH3lDt0,Best Makeup 🤣,"Oct 2, 2025",29,0:00:00
2023-09-28,BV4cpH3lDt0,Best Makeup 🤣,"Oct 2, 2025",29,0:00:00
2023-09-29,BV4cpH3lDt0,Best Makeup 🤣,"Oct 2, 2025",29,0:00:00
2023-09-30,BV4cpH3lDt0,Best Makeup 🤣,"Oct 2, 2025",29,0:00:00
2023-10-01,BV4cpH3lDt0,Best Makeup 🤣,"Oct 2, 2025",29,0:00:00
2023-10-02,BV4cpH3lDt0,Best Makeup 🤣,"Oct 2, 2025",29,0:00:00
2023-10-03,BV4cpH3lDt0,Best Makeup 🤣,"Oct 2, 2025",29,0:00:00
2023-10-04,BV4cpH3lDt0,Best Makeup 🤣,"Oct 2, 2025",29,0:00:00
2023-10-05,BV4cpH3lDt0,Best Makeup 🤣,"Oct 2, 2025",29,0:00:00
2023-10-06,BV4cpH3lDt0,Best Makeup 🤣,"Oct 2, 2025",29,0:00:00
2023-10-07,BV4cpH3lDt0,Best Makeup 🤣,"Oct 2, 2025",29,0:00:00
2023-10-08,BV4cpH3lDt0,Best Makeup 🤣,"Oct 2, 2025",29,0:00:00
2023-10-09,BV4cpH3lDt0,Best Makeup 🤣,"Oct 2, 2025",29,0:00:00
2023-10-10,BV4cpH3lDt0,Best Makeup 🤣,"Oct 2, 2025",29,0:00:00
2023-10-11,BV4cpH3lDt0,Best Makeup 🤣,"Oct 2, 2025",29,0:00:00
2023-10-12,BV4cpH3lDt0,Best Makeup 🤣,"Oct 2, 2025",29,0:00:00
2023-10-13,BV4cpH3lDt0,Best Makeup 🤣,"Oct 2, 2025",29,0:00:00
2023-10-14,BV4cpH3lDt0,Best Makeup 🤣,"Oct 2, 2025",29,0:00:00
2023-10-15,BV4cpH3lDt0,Best Makeup 🤣,"Oct 2, 2025",29,0:00:00
2023-10-16,BV4cpH3lDt0,Best Makeup 🤣,"Oct 2, 2025",29,0:00:00
2023-10-17,BV4cpH3lDt0,Best Makeup 🤣,"Oct 2, 2025",29,0:00:00
2023-10-18,BV4cpH3lDt0,Best Makeup 🤣,"Oct 2, 2025",29,0:00:00
2023-10-19,BV4cpH3lDt0,Best Makeup 🤣,"Oct 2, 2025",29,0:00:00
2023-10-20,BV4cpH3lDt0,Best Makeup 🤣,"Oct 2, 2025",29,0:00:00
2023-10-21,BV4cpH3lDt0,Best Makeup 🤣,"Oct 2, 2025",29,0:00:00
2023-10-22,BV4cpH3lDt0,Best Makeup 🤣,"Oct 2, 2025",29,0:00:00
2023-10-23,BV4cpH3lDt0,Best Makeup 🤣,"Oct 2, 2025",29,0:00:00
2023-10-24,BV4cpH3lDt0,Best Makeup 🤣,"Oct 2, 2025",29,0:00:00
2023-10-25,BV4cpH3lDt0,Best Makeup 🤣,"Oct 2, 2025",29,0:00:00
2023-10-26,BV4cpH3lDt0,Best Makeup 🤣,"Oct 2, 2025",29,0:00:00
2023-10-27,BV4cpH3lDt0,Best Makeup 🤣,"Oct 2, 2025",29,0:00:00
2023-10-28,BV4cpH3lDt0,Best Makeup 🤣,"Oct 2, 2025",29,0:00:00
2023-10-29,BV4cpH3lDt0,Best Makeup 🤣,"Oct 2, 2025",29,0:00:00
2023-10-30,BV4cpH3lDt0,Best Makeup 🤣,"Oct 2, 2025",29,0:00:00
2023-10-31,BV4cpH3lDt0,Best Makeup 🤣,"Oct 2, 2025",29,0:00:00
2023-11-01,BV4cpH3lDt0,Best Makeup 🤣,"Oct 2, 2025",29,0:00:00
2023-11-02,BV4cpH3lDt0,Best Makeup 🤣,"Oct 2, 2025",29,0:00:00
2023-11-03,BV4cpH3lDt0,Best Makeup 🤣,"Oct 2, 2025",29,0:00:00
2023-11-04,BV4cpH3lDt0,Best Makeup 🤣,"Oct 2, 2025",29,0:00:00
2023-11-05,BV4cpH3lDt0,Best Makeup 🤣,"Oct 2, 2025",29,0:00:00
2023-11-06,BV4cpH3lDt0,Best Makeup 🤣,"Oct 2, 2025",29,0:00:00
2023-11-07,BV4cpH3lDt0,Best Makeup 🤣,"Oct 2, 2025",29,0:00:00
2023-11-08,BV4cpH3lDt0,Best Makeup 🤣,"Oct 2, 2025",29,0:00:00
2023-11-09,BV4cpH3lDt0,Best Makeup 🤣,"Oct 2, 2025",29,0:00:00
2023-11-10,BV4cpH3lDt0,Best Makeup 🤣,"Oct 2, 2025",29,0:00:00
2023-11-11,BV4cpH3lDt0,Best Makeup 🤣,"Oct 2, 2025",29,0:00:00
2023-11-12,BV4cpH3lDt0,Best Makeup 🤣,"Oct 2, 2025",29,0:00:00
2023-11-13,BV4cpH3lDt0,Best Makeup 🤣,"Oct 2, 2025",29,0:00:00
2023-11-14,BV4cpH3lDt0,Best Makeup 🤣,"Oct 2, 2025",29,0:00:00
2023-11-15,BV4cpH3lDt0,Best Makeup 🤣,"Oct 2, 2025",29,0:00:00
2023-11-16,BV4cpH3lDt0,Best Makeup 🤣,"Oct 2, 2025",29,0:00:00
2023-11-17,BV4cpH3lDt0,Best Makeup 🤣,"Oct 2, 2025",29,0:00:00
2023-11-18,BV4cpH3lDt0,Best Makeup 🤣,"Oct 2, 2025",29,0:00:00
2023-11-19,BV4cpH3lDt0,Best Makeup 🤣,"Oct 2, 2025",29,0:00:00
2023-11-20,BV4cpH3lDt0,Best Makeup 🤣,"Oct 2, 2025",29,0:00:00
2023-11-21,BV4cpH3lDt0,Best Makeup 🤣,"Oct 2, 2025",29,0:00:00
2023-11-22,BV4cpH3lDt0,Best Makeup 🤣,"Oct 2, 2025",29,0:00:00
2023-11-23,BV4cpH3lDt0,Best Makeup 🤣,"Oct 2, 2025",29,0:00:00
2023-11-24,BV4cpH3lDt0,Best Makeup 🤣,"Oct 2, 2025",29,0:00:00
2023-11-25,BV4cpH3lDt0,Best Makeup 🤣,"Oct 2, 2025",29,0:00:00
2023-11-26,BV4cpH3lDt0,Best Makeup 🤣,"Oct 2, 2025",29,0:00:00
2023-11-27,BV4cpH3lDt0,Best Makeup 🤣,"Oct 2, 2025",29,0:00:00
2023-11-28,BV4cpH3lDt0,Best Makeup 🤣,"Oct 2, 2025",29,0:00:00
2023-11-29,BV4cpH3lDt0,Best Makeup 🤣,"Oct 2, 2025",29,0:00:00
2023-11-30,BV4cpH3lDt0,Best Makeup 🤣,"Oct 2, 2025",29,0:00:00
2023-12-01,BV4cpH3lDt0,Best Makeup 🤣,"Oct 2, 2025",29,0:00:00
2023-12-02,BV4cpH3lDt0,Best Makeup 🤣,"Oct 2, 2025",29,0:00:00
2023-12-03,BV4cpH3lDt0,Best Makeup 🤣,"Oct 2, 2025",29,0:00:00
2023-12-04,BV4cpH3lDt0,Best Makeup 🤣,"Oct 2, 2025",29,0:00:00
2023-12-05,BV4cpH3lDt0,Best Makeup 🤣,"Oct 2, 2025",29,0:00:00
2023-12-06,BV4cpH3lDt0,Best Makeup 🤣,"Oct 2, 2025",29,0:00:00
2023-12-07,BV4cpH3lDt0,Best Makeup 🤣,"Oct 2, 2025",29,0:00:00
2023-12-08,BV4cpH3lDt0,Best Makeup 🤣,"Oct 2, 2025",29,0:00:00
2023-12-09,BV4cpH3lDt0,Best Makeup 🤣,"Oct 2, 2025",29,0:00:00
2023-12-10,BV4cpH3lDt0,Best Makeup 🤣,"Oct 2, 2025",29,0:00:00
2023-12-11,BV4cpH3lDt0,Best Makeup 🤣,"Oct 2, 2025",29,0:00:00
2023-12-12,BV4cpH3lDt0,Best Makeup 🤣,"Oct 2, 2025",29,0:00:00
2023-12-13,BV4cpH3lDt0,Best Makeup 🤣,"Oct 2, 2025",29,0:00:00
2023-12-14,BV4cpH3lDt0,Best Makeup 🤣,"Oct 2, 2025",29,0:00:00
2023-12-15,BV4cpH3lDt0,Best Makeup 🤣,"Oct 2, 2025",29,0:00:00
2023-12-16,BV4cpH3lDt0,Best Makeup 🤣,"Oct 2, 2025",29,0:00:00
2023-12-17,BV4cpH3lDt0,Best Makeup 🤣,"Oct 2, 2025",29,0:00:00
2023-12-18,BV4cpH3lDt0,Best Makeup 🤣,"Oct 2, 2025",29,0:00:00
2023-12-19,BV4cpH3lDt0,Best Makeup 🤣,"Oct 2, 2025",29,0:00:00
2023-12-20,BV4cpH3lDt0,Best Makeup 🤣,"Oct 2, 2025",29,0:00:00
2023-12-21,BV4cpH3lDt0,Best Makeup 🤣,"Oct 2, 2025",29,0:00:00
2023-12-22,BV4cpH3lDt0,Best Makeup 🤣,"Oct 2, 2025",29,0:00:00
2023-12-23,BV4cpH3lDt0,Best Makeup 🤣,"Oct 2, 2025",29,0:00:00
2023-12-24,BV4cpH3lDt0,Best Makeup 🤣,"Oct 2, 2025",29,0:00:00
2023-12-25,BV4cpH3lDt0,Best Makeup 🤣,"Oct 2, 2025",29,0:00:00
2023-12-26,BV4cpH3lDt0,Best Makeup 🤣,"Oct 2, 2025",29,0:00:00
2023-12-27,BV4cpH3lDt0,Best Makeup 🤣,"Oct 2, 2025",29,0:00:00
2023-12-28,BV4cpH3lDt0,Best Makeup 🤣,"Oct 2, 2025",29,0:00:00
2023-12-29,BV4cpH3lDt0,Best Makeup 🤣,"Oct 2, 2025",29,0:00:00
2023-12-30,BV4cpH3lDt0,Best Makeup 🤣,"Oct 2, 2025",29,0:00:00
2023-12-31,BV4cpH3lDt0,Best Makeup 🤣,"Oct 2, 2025",29,0:00:00
2024-01-01,BV4cpH3lDt0,Best Makeup 🤣,"Oct 2, 2025",29,0:00:00
2024-01-02,BV4cpH3lDt0,Best Makeup 🤣,"Oct 2, 2025",29,0:00:00
2024-01-03,BV4cpH3lDt0,Best Makeup 🤣,"Oct 2, 2025",29,0:00:00
2024-01-04,BV4cpH3lDt0,Best Makeup 🤣,"Oct 2, 2025",29,0:00:00
2024-01-05,BV4cpH3lDt0,Best Makeup 🤣,"Oct 2, 2025",29,0:00:00
2024-01-06,BV4cpH3lDt0,Best Makeup 🤣,"Oct 2, 2025",29,0:00:00
2024-01-07,BV4cpH3lDt0,Best Makeup 🤣,"Oct 2, 2025",29,0:00:00
2024-01-08,BV4cpH3lDt0,Best Makeup 🤣,"Oct 2, 2025",29,0:00:00
2024-01-09,BV4cpH3lDt0,Best Makeup 🤣,"Oct 2, 2025",29,0:00:00
2024-01-10,BV4cpH3lDt0,Best Makeup 🤣,"Oct 2, 2025",29,0:00:00
2024-01-11,BV4cpH3lDt0,Best Makeup 🤣,"Oct 2, 2025",29,0:00:00
2024-01-12,BV4cpH3lDt0,Best Makeup 🤣,"Oct 2, 2025",29,0:00:00
2024-01-13,BV4cpH3lDt0,Best Makeup 🤣,"Oct 2, 2025",29,0:00:00
2024-01-14,BV4cpH3lDt0,Best Makeup 🤣,"Oct 2, 2025",29,0:00:00
2024-01-15,BV4cpH3lDt0,Best Makeup 🤣,"Oct 2, 2025",29,0:00:00
2024-01-16,BV4cpH3lDt0,Best Makeup 🤣,"Oct 2, 2025",29,0:00:00
2024-01-17,BV4cpH3lDt0,Best Makeup 🤣,"Oct 2, 2025",29,0:00:00
2024-01-18,BV4cpH3lDt0,Best Makeup 🤣,"Oct 2, 2025",29,0:00:00
2024-01-19,BV4cpH3lDt0,Best Makeup 🤣,"Oct 2, 2025",29,0:00:00
2024-01-20,BV4cpH3lDt0,Best Makeup 🤣,"Oct 2, 2025",29,0:00:00
2024-01-21,BV4cpH3lDt0,Best Makeup 🤣,"Oct 2, 2025",29,0:00:00
2024-01-22,BV4cpH3lDt0,Best Makeup 🤣,"Oct 2, 2025",29,0:00:00
2024-01-23,BV4cpH3lDt0,Best Makeup 🤣,"Oct 2, 2025",29,0:00:00
2024-01-24,BV4cpH3lDt0,Best Makeup 🤣,"Oct 2, 2025",29,0:00:00
2024-01-25,BV4cpH3lDt0,Best Makeup 🤣,"Oct 2, 2025",29,0:00:00
2024-01-26,BV4cpH3lDt0,Best Makeup 🤣,"Oct 2, 2025",29,0:00:00
2024-01-27,BV4cpH3lDt0,Best Makeup 🤣,"Oct 2, 2025",29,0:00:00
2024-01-28,BV4cpH3lDt0,Best Makeup 🤣,"Oct 2, 2025",29,0:00:00
2024-01-29,BV4cpH3lDt0,Best Makeup 🤣,"Oct 2, 2025",29,0:00:00
2024-01-30,BV4cpH3lDt0,Best Makeup 🤣,"Oct 2, 2025",29,0:00:00
2024-01-31,BV4cpH3lDt0,Best Makeup 🤣,"Oct 2, 2025",29,0:00:00
2024-02-01,BV4cpH3lDt0,Best Makeup 🤣,"Oct 2, 2025",29,0:00:00
2024-02-02,BV4cpH3lDt0,Best Makeup 🤣,"Oct 2, 2025",29,0:00:00
2024-02-03,BV4cpH3lDt0,Best Makeup 🤣,"Oct 2, 2025",29,0:00:00
2024-02-04,BV4cpH3lDt0,Best Makeup 🤣,"Oct 2, 2025",29,0:00:00
2024-02-05,BV4cpH3lDt0,Best Makeup 🤣,"Oct 2, 2025",29,0:00:00
2024-02-06,BV4cpH3lDt0,Best Makeup 🤣,"Oct 2, 2025",29,0:00:00
2024-02-07,BV4cpH3lDt0,Best Makeup 🤣,"Oct 2, 2025",29,0:00:00
2024-02-08,BV4cpH3lDt0,Best Makeup 🤣,"Oct 2, 2025",29,0:00:00
2024-02-09,BV4cpH3lDt0,Best Makeup 🤣,"Oct 2, 2025",29,0:00:00
2024-02-10,BV4cpH3lDt0,Best Makeup 🤣,"Oct 2, 2025",29,0:00:00
2024-02-11,BV4cpH3lDt0,Best Makeup 🤣,"Oct 2, 2025",29,0:00:00
2024-02-12,BV4cpH3lDt0,Best Makeup 🤣,"Oct 2, 2025",29,0:00:00
2024-02-13,BV4cpH3lDt0,Best Makeup 🤣,"Oct 2, 2025",29,0:00:00
2024-02-14,BV4cpH3lDt0,Best Makeup 🤣,"Oct 2, 2025",29,0:00:00
2024-02-15,BV4cpH3lDt0,Best Makeup 🤣,"Oct 2, 2025",29,0:00:00
2024-02-16,BV4cpH3lDt0,Best Makeup 🤣,"Oct 2, 2025",29,0:00:00
2024-02-17,BV4cpH3lDt0,Best Makeup 🤣,"Oct 2, 2025",29,0:00:00
2024-02-18,BV4cpH3lDt0,Best Makeup 🤣,"Oct 2, 2025",29,0:00:00
2024-02-19,BV4cpH3lDt0,Best Makeup 🤣,"Oct 2, 2025",29,0:00:00
2024-02-20,BV4cpH3lDt0,Best Makeup 🤣,"Oct 2, 2025",29,0:00:00
2024-02-21,BV4cpH3lDt0,Best Makeup 🤣,"Oct 2, 2025",29,0:00:00
2024-02-22,BV4cpH3lDt0,Best Makeup 🤣,"Oct 2, 2025",29,0:00:00
2024-02-23,BV4cpH3lDt0,Best Makeup 🤣,"Oct 2, 2025",29,0:00:00
2024-02-24,BV4cpH3lDt0,Best Makeup 🤣,"Oct 2, 2025",29,0:00:00
2024-02-25,BV4cpH3lDt0,Best Makeup 🤣,"Oct 2, 2025",29,0:00:00
2024-02-26,BV4cpH3lDt0,Best Makeup 🤣,"Oct 2, 2025",29,0:00:00
2024-02-27,BV4cpH3lDt0,Best Makeup 🤣,"Oct 2, 2025",29,0:00:00
2024-02-28,BV4cpH3lDt0,Best Makeup 🤣,"Oct 2, 2025",29,0:00:00
2024-02-29,BV4cpH3lDt0,Best Makeup 🤣,"Oct 2, 2025",29,0:00:00
2024-03-01,BV4cpH3lDt0,Best Makeup 🤣,"Oct 2, 2025",29,0:00:00
2024-03-02,BV4cpH3lDt0,Best Makeup 🤣,"Oct 2, 2025",29,0:00:00
2024-03-03,BV4cpH3lDt0,Best Makeup 🤣,"Oct 2, 2025",29,0:00:00
2024-03-04,BV4cpH3lDt0,Best Makeup 🤣,"Oct 2, 2025",29,0:00:00
2024-03-05,BV4cpH3lDt0,Best Makeup 🤣,"Oct 2, 2025",29,0:00:00
2024-03-06,BV4cpH3lDt0,Best Makeup 🤣,"Oct 2, 2025",29,0:00:00
2024-03-07,BV4cpH3lDt0,Best Makeup 🤣,"Oct 2, 2025",29,0:00:00
2024-03-08,BV4cpH3lDt0,Best Makeup 🤣,"Oct 2, 2025",29,0:00:00
2024-03-09,BV4cpH3lDt0,Best Makeup 🤣,"Oct 2, 2025",29,0:00:00
2024-03-10,BV4cpH3lDt0,Best Makeup 🤣,"Oct 2, 2025",29,0:00:00
2024-03-11,BV4cpH3lDt0,Best Makeup 🤣,"Oct 2, 2025",29,0:00:00
2024-03-12,BV4cpH3lDt0,Best Makeup 🤣,"Oct 2, 2025",29,0:00:00
2024-03-13,BV4cpH3lDt0,Best Makeup 🤣,"Oct 2, 2025",29,0:00:00
2024-03-14,BV4cpH3lDt0,Best Makeup 🤣,"Oct 2, 2025",29,0:00:00
2024-03-15,BV4cpH3lDt0,Best Makeup 🤣,"Oct 2, 2025",29,0:00:00
2024-03-16,BV4cpH3lDt0,Best Makeup 🤣,"Oct 2, 2025",29,0:00:00
2024-03-17,BV4cpH3lDt0,Best Makeup 🤣,"Oct 2, 2025",29,0:00:00
2024-03-18,BV4cpH3lDt0,Best Makeup 🤣,"Oct 2, 2025",29,0:00:00
2024-03-19,BV4cpH3lDt0,Best Makeup 🤣,"Oct 2, 2025",29,0:00:00
2024-03-20,BV4cpH3lDt0,Best Makeup 🤣,"Oct 2, 2025",29,0:00:00
2024-03-21,BV4cpH3lDt0,Best Makeup 🤣,"Oct 2, 2025",29,0:00:00
2024-03-22,BV4cpH3lDt0,Best Makeup 🤣,"Oct 2, 2025",29,0:00:00
2024-03-23,BV4cpH3lDt0,Best Makeup 🤣,"Oct 2, 2025",29,0:00:00
2024-03-24,BV4cpH3lDt0,Best Makeup 🤣,"Oct 2, 2025",29,0:00:00
2024-03-25,BV4cpH3lDt0,Best Makeup 🤣,"Oct 2, 2025",29,0:00:00
2024-03-26,BV4cpH3lDt0,Best Makeup 🤣,"Oct 2, 2025",29,0:00:00
2024-03-27,BV4cpH3lDt0,Best Makeup 🤣,"Oct 2, 2025",29,0:00:00
2024-03-28,BV4cpH3lDt0,Best Makeup 🤣,"Oct 2, 2025",29,0:00:00
2024-03-29,BV4cpH3lDt0,Best Makeup 🤣,"Oct 2, 2025",29,0:00:00
2024-03-30,BV4cpH3lDt0,Best Makeup 🤣,"Oct 2, 2025",29,0:00:00
2024-03-31,BV4cpH3lDt0,Best Makeup 🤣,"Oct 2, 2025",29,0:00:00
2024-04-01,BV4cpH3lDt0,Best Makeup 🤣,"Oct 2, 2025",29,0:00:00
2024-04-02,BV4cpH3lDt0,Best Makeup 🤣,"Oct 2, 2025",29,0:00:00
2024-04-03,BV4cpH3lDt0,Best Makeup 🤣,"Oct 2, 2025",29,0:00:00
2024-04-04,BV4cpH3lDt0,Best Makeup 🤣,"Oct 2, 2025",29,0:00:00
2024-04-05,BV4cpH3lDt0,Best Makeup 🤣,"Oct 2, 2025",29,0:00:00
2024-04-06,BV4cpH3lDt0,Best Makeup 🤣,"Oct 2, 2025",29,0:00:00
2024-04-07,BV4cpH3lDt0,Best Makeup 🤣,"Oct 2, 2025",29,0:00:00
2024-04-08,BV4cpH3lDt0,Best Makeup 🤣,"Oct 2, 2025",29,0:00:00
2024-04-09,BV4cpH3lDt0,Best Makeup 🤣,"Oct 2, 2025",29,0:00:00
2024-04-10,BV4cpH3lDt0,Best Makeup 🤣,"Oct 2, 2025",29,0:00:00
2024-04-11,BV4cpH3lDt0,Best Makeup 🤣,"Oct 2, 2025",29,0:00:00
2024-04-12,BV4cpH3lDt0,Best Makeup 🤣,"Oct 2, 2025",29,0:00:00
2024-04-13,BV4cpH3lDt0,Best Makeup 🤣,"Oct 2, 2025",29,0:00:00
2024-04-14,BV4cpH3lDt0,Best Makeup 🤣,"Oct 2, 2025",29,0:00:00
2024-04-15,BV4cpH3lDt0,Best Makeup 🤣,"Oct 2, 2025",29,0:00:00
2024-04-16,BV4cpH3lDt0,Best Makeup 🤣,"Oct 2, 2025",29,0:00:00
2024-04-17,BV4cpH3lDt0,Best Makeup 🤣,"Oct 2, 2025",29,0:00:00
2024-04-18,BV4cpH3lDt0,Best Makeup 🤣,"Oct 2, 2025",29,0:00:00
2024-04-19,BV4cpH3lDt0,Best Makeup 🤣,"Oct 2, 2025",29,0:00:00
2024-04-20,BV4cpH3lDt0,Best Makeup 🤣,"Oct 2, 2025",29,0:00:00
2024-04-21,BV4cpH3lDt0,Best Makeup 🤣,"Oct 2, 2025",29,0:00:00
2024-04-22,BV4cpH3lDt0,Best Makeup 🤣,"Oct 2, 2025",29,0:00:00
2024-04-23,BV4cpH3lDt0,Best Makeup 🤣,"Oct 2, 2025",29,0:00:00
2024-04-24,BV4cpH3lDt0,Best Makeup 🤣,"Oct 2, 2025",29,0:00:00
2024-04-25,BV4cpH3lDt0,Best Makeup 🤣,"Oct 2, 2025",29,0:00:00
2024-04-26,BV4cpH3lDt0,Best Makeup 🤣,"Oct 2, 2025",29,0:00:00
2024-04-27,BV4cpH3lDt0,Best Makeup 🤣,"Oct 2, 2025",29,0:00:00
2024-04-28,BV4cpH3lDt0,Best Makeup 🤣,"Oct 2, 2025",29,0:00:00
2024-04-29,BV4cpH3lDt0,Best Makeup 🤣,"Oct 2, 2025",29,0:00:00
2024-04-30,BV4cpH3lDt0,Best Makeup 🤣,"Oct 2, 2025",29,0:00:00
2024-05-01,BV4cpH3lDt0,Best Makeup 🤣,"Oct 2, 2025",29,0:00:00
2024-05-02,BV4cpH3lDt0,Best Makeup 🤣,"Oct 2, 2025",29,0:00:00
2024-05-03,BV4cpH3lDt0,Best Makeup 🤣,"Oct 2, 2025",29,0:00:00
2024-05-04,BV4cpH3lDt0,Best Makeup 🤣,"Oct 2, 2025",29,0:00:00
2024-05-05,BV4cpH3lDt0,Best Makeup 🤣,"Oct 2, 2025",29,0:00:00
2024-05-06,BV4cpH3lDt0,Best Makeup 🤣,"Oct 2, 2025",29,0:00:00
2024-05-07,BV4cpH3lDt0,Best Makeup 🤣,"Oct 2, 2025",29,0:00:00
2024-05-08,BV4cpH3lDt0,Best Makeup 🤣,"Oct 2, 2025",29,0:00:00
2024-05-09,BV4cpH3lDt0,Best Makeup 🤣,"Oct 2, 2025",29,0:00:00
2024-05-10,BV4cpH3lDt0,Best Makeup 🤣,"Oct 2, 2025",29,0:00:00
2024-05-11,BV4cpH3lDt0,Best Makeup 🤣,"Oct 2, 2025",29,0:00:00
2024-05-12,BV4cpH3lDt0,Best Makeup 🤣,"Oct 2, 2025",29,0:00:00
2024-05-13,BV4cpH3lDt0,Best Makeup 🤣,"Oct 2, 2025",29,0:00:00
2024-05-14,BV4cpH3lDt0,Best Makeup 🤣,"Oct 2, 2025",29,0:00:00
2024-05-15,BV4cpH3lDt0,Best Makeup 🤣,"Oct 2, 2025",29,0:00:00
2024-05-16,BV4cpH3lDt0,Best Makeup 🤣,"Oct 2, 2025",29,0:00:00
2024-05-17,BV4cpH3lDt0,Best Makeup 🤣,"Oct 2, 2025",29,0:00:00
2024-05-18,BV4cpH3lDt0,Best Makeup 🤣,"Oct 2, 2025",29,0:00:00
2024-05-19,BV4cpH3lDt0,Best Makeup 🤣,"Oct 2, 2025",29,0:00:00
2024-05-20,BV4cpH3lDt0,Best Makeup 🤣,"Oct 2, 2025",29,0:00:00
2024-05-21,BV4cpH3lDt0,Best Makeup 🤣,"Oct 2, 2025",29,0:00:00
2024-05-22,BV4cpH3lDt0,Best Makeup 🤣,"Oct 2, 2025",29,0:00:00
2024-05-23,BV4cpH3lDt0,Best Makeup 🤣,"Oct 2, 2025",29,0:00:00
2024-05-24,BV4cpH3lDt0,Best Makeup 🤣,"Oct 2, 2025",29,0:00:00
2024-05-25,BV4cpH3lDt0,Best Makeup 🤣,"Oct 2, 2025",29,0:00:00
2024-05-26,BV4cpH3lDt0,Best Makeup 🤣,"Oct 2, 2025",29,0:00:00
2024-05-27,BV4cpH3lDt0,Best Makeup 🤣,"Oct 2, 2025",29,0:00:00
2024-05-28,BV4cpH3lDt0,Best Makeup 🤣,"Oct 2, 2025",29,0:00:00
2024-05-29,BV4cpH3lDt0,Best Makeup 🤣,"Oct 2, 2025",29,0:00:00
2024-05-30,BV4cpH3lDt0,Best Makeup 🤣,"Oct 2, 2025",29,0:00:00
2024-05-31,BV4cpH3lDt0,Best Makeup 🤣,"Oct 2, 2025",29,0:00:00
2024-06-01,BV4cpH3lDt0,Best Makeup 🤣,"Oct 2, 2025",29,0:00:00
2024-06-02,BV4cpH3lDt0,Best Makeup 🤣,"Oct 2, 2025",29,0:00:00
2024-06-03,BV4cpH3lDt0,Best Makeup 🤣,"Oct 2, 2025",29,0:00:00
2024-06-04,BV4cpH3lDt0,Best Makeup 🤣,"Oct 2, 2025",29,0:00:00
2024-06-05,BV4cpH3lDt0,Best Makeup 🤣,"Oct 2, 2025",29,0:00:00
2024-06-06,BV4cpH3lDt0,Best Makeup 🤣,"Oct 2, 2025",29,0:00:00
2024-06-07,BV4cpH3lDt0,Best Makeup 🤣,"Oct 2, 2025",29,0:00:00
2024-06-08,BV4cpH3lDt0,Best Makeup 🤣,"Oct 2, 2025",29,0:00:00
2024-06-09,BV4cpH3lDt0,Best Makeup 🤣,"Oct 2, 2025",29,0:00:00
2024-06-10,BV4cpH3lDt0,Best Makeup 🤣,"Oct 2, 2025",29,0:00:00
2024-06-11,BV4cpH3lDt0,Best Makeup 🤣,"Oct 2, 2025",29,0:00:00
2024-06-12,BV4cpH3lDt0,Best Makeup 🤣,"Oct 2, 2025",29,0:00:00
2024-06-13,BV4cpH3lDt0,Best Makeup 🤣,"Oct 2, 2025",29,0:00:00
2024-06-14,BV4cpH3lDt0,Best Makeup 🤣,"Oct 2, 2025",29,0:00:00
2024-06-15,BV4cpH3lDt0,Best Makeup 🤣,"Oct 2, 2025",29,0:00:00
2024-06-16,BV4cpH3lDt0,Best Makeup 🤣,"Oct 2, 2025",29,0:00:00
2024-06-17,BV4cpH3lDt0,Best Makeup 🤣,"Oct 2, 2025",29,0:00:00
2024-06-18,BV4cpH3lDt0,Best Makeup 🤣,"Oct 2, 2025",29,0:00:00
2024-06-19,BV4cpH3lDt0,Best Makeup 🤣,"Oct 2, 2025",29,0:00:00
2024-06-20,BV4cpH3lDt0,Best Makeup 🤣,"Oct 2, 2025",29,0:00:00
2024-06-21,BV4cpH3lDt0,Best Makeup 🤣,"Oct 2, 2025",29,0:00:00
2024-06-22,BV4cpH3lDt0,Best Makeup 🤣,"Oct 2, 2025",29,0:00:00
2024-06-23,BV4cpH3lDt0,Best Makeup 🤣,"Oct 2, 2025",29,0:00:00
2024-06-24,BV4cpH3lDt0,Best Makeup 🤣,"Oct 2, 2025",29,0:00:00
2024-06-25,BV4cpH3lDt0,Best Makeup 🤣,"Oct 2, 2025",29,0:00:00
2024-06-26,BV4cpH3lDt0,Best Makeup 🤣,"Oct 2, 2025",29,0:00:00
2024-06-27,BV4cpH3lDt0,Best Makeup 🤣,"Oct 2, 2025",29,0:00:00
2024-06-28,BV4cpH3lDt0,Best Makeup 🤣,"Oct 2, 2025",29,0:00:00
2024-06-29,BV4cpH3lDt0,Best Makeup 🤣,"Oct 2, 2025",29,0:00:00
2024-06-30,BV4cpH3lDt0,Best Makeup 🤣,"Oct 2, 2025",29,0:00:00
2024-07-01,BV4cpH3lDt0,Best Makeup 🤣,"Oct 2, 2025",29,0:00:00
2024-07-02,BV4cpH3lDt0,Best Makeup 🤣,"Oct 2, 2025",29,0:00:00
2024-07-03,BV4cpH3lDt0,Best Makeup 🤣,"Oct 2, 2025",29,0:00:00
2024-07-04,BV4cpH3lDt0,Best Makeup 🤣,"Oct 2, 2025",29,0:00:00
2024-07-05,BV4cpH3lDt0,Best Makeup 🤣,"Oct 2, 2025",29,0:00:00
2024-07-06,BV4cpH3lDt0,Best Makeup 🤣,"Oct 2, 2025",29,0:00:00
2024-07-07,BV4cpH3lDt0,Best Makeup 🤣,"Oct 2, 2025",29,0:00:00
2024-07-08,BV4cpH3lDt0,Best Makeup 🤣,"Oct 2, 2025",29,0:00:00
2024-07-09,BV4cpH3lDt0,Best Makeup 🤣,"Oct 2, 2025",29,0:00:00
2024-07-10,BV4cpH3lDt0,Best Makeup 🤣,"Oct 2, 2025",29,0:00:00
2024-07-11,BV4cpH3lDt0,Best Makeup 🤣,"Oct 2, 2025",29,0:00:00
2024-07-12,BV4cpH3lDt0,Best Makeup 🤣,"Oct 2, 2025",29,0:00:00
2024-07-13,BV4cpH3lDt0,Best Makeup 🤣,"Oct 2, 2025",29,0:00:00
2024-07-14,BV4cpH3lDt0,Best Makeup 🤣,"Oct 2, 2025",29,0:00:00
2024-07-15,BV4cpH3lDt0,Best Makeup 🤣,"Oct 2, 2025",29,0:00:00
2024-07-16,BV4cpH3lDt0,Best Makeup 🤣,"Oct 2, 2025",29,0:00:00
2024-07-17,BV4cpH3lDt0,Best Makeup 🤣,"Oct 2, 2025",29,0:00:00
2024-07-18,BV4cpH3lDt0,Best Makeup 🤣,"Oct 2, 2025",29,0:00:00
2024-07-19,BV4cpH3lDt0,Best Makeup 🤣,"Oct 2, 2025",29,0:00:00
2024-07-20,BV4cpH3lDt0,Best Makeup 🤣,"Oct 2, 2025",29,0:00:00
2024-07-21,BV4cpH3lDt0,Best Makeup 🤣,"Oct 2, 2025",29,0:00:00
2024-07-22,BV4cpH3lDt0,Best Makeup 🤣,"Oct 2, 2025",29,0:00:00
2024-07-23,BV4cpH3lDt0,Best Makeup 🤣,"Oct 2, 2025",29,0:00:00
2024-07-24,BV4cpH3lDt0,Best Makeup 🤣,"Oct 2, 2025",29,0:00:00
2024-07-25,BV4cpH3lDt0,Best Makeup 🤣,"Oct 2, 2025",29,0:00:00
2024-07-26,BV4cpH3lDt0,Best Makeup 🤣,"Oct 2, 2025",29,0:00:00
2024-07-27,BV4cpH3lDt0,Best Makeup 🤣,"Oct 2, 2025",29,0:00:00
2024-07-28,BV4cpH3lDt0,Best Makeup 🤣,"Oct 2, 2025",29,0:00:00
2024-07-29,BV4cpH3lDt0,Best Makeup 🤣,"Oct 2, 2025",29,0:00:00
2024-07-30,BV4cpH3lDt0,Best Makeup 🤣,"Oct 2, 2025",29,0:00:00
2024-07-31,BV4cpH3lDt0,Best Makeup 🤣,"Oct 2, 2025",29,0:00:00
2024-08-01,BV4cpH3lDt0,Best Makeup 🤣,"Oct 2, 2025",29,0:00:00
2024-08-02,BV4cpH3lDt0,Best Makeup 🤣,"Oct 2, 2025",29,0:00:00
2024-08-03,BV4cpH3lDt0,Best Makeup 🤣,"Oct 2, 2025",29,0:00:00
2024-08-04,BV4cpH3lDt0,Best Makeup 🤣,"Oct 2, 2025",29,0:00:00
2024-08-05,BV4cpH3lDt0,Best Makeup 🤣,"Oct 2, 2025",29,0:00:00
2024-08-06,BV4cpH3lDt0,Best Makeup 🤣,"Oct 2, 2025",29,0:00:00
2024-08-07,BV4cpH3lDt0,Best Makeup 🤣,"Oct 2, 2025",29,0:00:00
2024-08-08,BV4cpH3lDt0,Best Makeup 🤣,"Oct 2, 2025",29,0:00:00
2024-08-09,BV4cpH3lDt0,Best Makeup 🤣,"Oct 2, 2025",29,0:00:00
2024-08-10,BV4cpH3lDt0,Best Makeup 🤣,"Oct 2, 2025",29,0:00:00
2024-08-11,BV4cpH3lDt0,Best Makeup 🤣,"Oct 2, 2025",29,0:00:00
2024-08-12,BV4cpH3lDt0,Best Makeup 🤣,"Oct 2, 2025",29,0:00:00
2024-08-13,BV4cpH3lDt0,Best Makeup 🤣,"Oct 2, 2025",29,0:00:00
2024-08-14,BV4cpH3lDt0,Best Makeup 🤣,"Oct 2, 2025",29,0:00:00
2024-08-15,BV4cpH3lDt0,Best Makeup 🤣,"Oct 2, 2025",29,0:00:00
2024-08-16,BV4cpH3lDt0,Best Makeup 🤣,"Oct 2, 2025",29,0:00:00
2024-08-17,BV4cpH3lDt0,Best Makeup 🤣,"Oct 2, 2025",29,0:00:00
2024-08-18,BV4cpH3lDt0,Best Makeup 🤣,"Oct 2, 2025",29,0:00:00
2024-08-19,BV4cpH3lDt0,Best Makeup 🤣,"Oct 2, 2025",29,0:00:00
2024-08-20,BV4cpH3lDt0,Best Makeup 🤣,"Oct 2, 2025",29,0:00:00
2024-08-21,BV4cpH3lDt0,Best Makeup 🤣,"Oct 2, 2025",29,0:00:00
2024-08-22,BV4cpH3lDt0,Best Makeup 🤣,"Oct 2, 2025",29,0:00:00
2024-08-23,BV4cpH3lDt0,Best Makeup 🤣,"Oct 2, 2025",29,0:00:00
2024-08-24,BV4cpH3lDt0,Best Makeup 🤣,"Oct 2, 2025",29,0:00:00
2024-08-25,BV4cpH3lDt0,Best Makeup 🤣,"Oct 2, 2025",29,0:00:00
2024-08-26,BV4cpH3lDt0,Best Makeup 🤣,"Oct 2, 2025",29,0:00:00
2024-08-27,BV4cpH3lDt0,Best Makeup 🤣,"Oct 2, 2025",29,0:00:00
2024-08-28,BV4cpH3lDt0,Best Makeup 🤣,"Oct 2, 2025",29,0:00:00
2024-08-29,BV4cpH3lDt0,Best Makeup 🤣,"Oct 2, 2025",29,0:00:00
2024-08-30,BV4cpH3lDt0,Best Makeup 🤣,"Oct 2, 2025",29,0:00:00
2024-08-31,BV4cpH3lDt0,Best Makeup 🤣,"Oct 2, 2025",29,0:00:00
2024-09-01,BV4cpH3lDt0,Best Makeup 🤣,"Oct 2, 2025",29,0:00:00
2024-09-02,BV4cpH3lDt0,Best Makeup 🤣,"Oct 2, 2025",29,0:00:00
2024-09-03,BV4cpH3lDt0,Best Makeup 🤣,"Oct 2, 2025",29,0:00:00
2024-09-04,BV4cpH3lDt0,Best Makeup 🤣,"Oct 2, 2025",29,0:00:00
2024-09-05,BV4cpH3lDt0,Best Makeup 🤣,"Oct 2, 2025",29,0:00:00
2024-09-06,BV4cpH3lDt0,Best Makeup 🤣,"Oct 2, 2025",29,0:00:00
2024-09-07,BV4cpH3lDt0,Best Makeup 🤣,"Oct 2, 2025",29,0:00:00
2024-09-08,BV4cpH3lDt0,Best Makeup 🤣,"Oct 2, 2025",29,0:00:00
2024-09-09,BV4cpH3lDt0,Best Makeup 🤣,"Oct 2, 2025",29,0:00:00
2024-09-10,BV4cpH3lDt0,Best Makeup 🤣,"Oct 2, 2025",29,0:00:00
2024-09-11,BV4cpH3lDt0,Best Makeup 🤣,"Oct 2, 2025",29,0:00:00
2024-09-12,BV4cpH3lDt0,Best Makeup 🤣,"Oct 2, 2025",29,0:00:00
2024-09-13,BV4cpH3lDt0,Best Makeup 🤣,"Oct 2, 2025",29,0:00:00
2024-09-14,BV4cpH3lDt0,Best Makeup 🤣,"Oct 2, 2025",29,0:00:00
2024-09-15,BV4cpH3lDt0,Best Makeup 🤣,"Oct 2, 2025",29,0:00:00
2024-09-16,BV4cpH3lDt0,Best Makeup 🤣,"Oct 2, 2025",29,0:00:00
2024-09-17,BV4cpH3lDt0,Best Makeup 🤣,"Oct 2, 2025",29,0:00:00
2024-09-18,BV4cpH3lDt0,Best Makeup 🤣,"Oct 2, 2025",29,0:00:00
2024-09-19,BV4cpH3lDt0,Best Makeup 🤣,"Oct 2, 2025",29,0:00:00
2024-09-20,BV4cpH3lDt0,Best Makeup 🤣,"Oct 2, 2025",29,0:00:00
2024-09-21,BV4cpH3lDt0,Best Makeup 🤣,"Oct 2, 2025",29,0:00:00
2024-09-22,BV4cpH3lDt0,Best Makeup 🤣,"Oct 2, 2025",29,0:00:00
2024-09-23,BV4cpH3lDt0,Best Makeup 🤣,"Oct 2, 2025",29,0:00:00
2024-09-24,BV4cpH3lDt0,Best Makeup 🤣,"Oct 2, 2025",29,0:00:00
2024-09-25,BV4cpH3lDt0,Best Makeup 🤣,"Oct 2, 2025",29,0:00:00
2024-09-26,BV4cpH3lDt0,Best Makeup 🤣,"Oct 2, 2025",29,0:00:00
2024-09-27,BV4cpH3lDt0,Best Makeup 🤣,"Oct 2, 2025",29,0:00:00
2024-09-28,BV4cpH3lDt0,Best Makeup 🤣,"Oct 2, 2025",29,0:00:00
2024-09-29,BV4cpH3lDt0,Best Makeup 🤣,"Oct 2, 2025",29,0:00:00
2024-09-30,BV4cpH3lDt0,Best Makeup 🤣,"Oct 2, 2025",29,0:00:00
2024-10-01,BV4cpH3lDt0,Best Makeup 🤣,"Oct 2, 2025",29,0:00:00
2024-10-02,BV4cpH3lDt0,Best Makeup 🤣,"Oct 2, 2025",29,0:00:00
2024-10-03,BV4cpH3lDt0,Best Makeup 🤣,"Oct 2, 2025",29,0:00:00
2024-10-04,BV4cpH3lDt0,Best Makeup 🤣,"Oct 2, 2025",29,0:00:00
2024-10-05,BV4cpH3lDt0,Best Makeup 🤣,"Oct 2, 2025",29,0:00:00
2024-10-06,BV4cpH3lDt0,Best Makeup 🤣,"Oct 2, 2025",29,0:00:00
2024-10-07,BV4cpH3lDt0,Best Makeup 🤣,"Oct 2, 2025",29,0:00:00
2024-10-08,BV4cpH3lDt0,Best Makeup 🤣,"Oct 2, 2025",29,0:00:00
2024-10-09,BV4cpH3lDt0,Best Makeup 🤣,"Oct 2, 2025",29,0:00:00
2024-10-10,BV4cpH3lDt0,Best Makeup 🤣,"Oct 2, 2025",29,0:00:00
2024-10-11,BV4cpH3lDt0,Best Makeup 🤣,"Oct 2, 2025",29,0:00:00
2024-10-12,BV4cpH3lDt0,Best Makeup 🤣,"Oct 2, 2025",29,0:00:00
2024-10-13,BV4cpH3lDt0,Best Makeup 🤣,"Oct 2, 2025",29,0:00:00
2024-10-14,BV4cpH3lDt0,Best Makeup 🤣,"Oct 2, 2025",29,0:00:00
2024-10-15,BV4cpH3lDt0,Best Makeup 🤣,"Oct 2, 2025",29,0:00:00
2024-10-16,BV4cpH3lDt0,Best Makeup 🤣,"Oct 2, 2025",29,0:00:00
2024-10-17,BV4cpH3lDt0,Best Makeup 🤣,"Oct 2, 2025",29,0:00:00
2024-10-18,BV4cpH3lDt0,Best Makeup 🤣,"Oct 2, 2025",29,0:00:00
2024-10-19,BV4cpH3lDt0,Best Makeup 🤣,"Oct 2, 2025",29,0:00:00
2024-10-20,BV4cpH3lDt0,Best Makeup 🤣,"Oct 2, 2025",29,0:00:00
2024-10-21,BV4cpH3lDt0,Best Makeup 🤣,"Oct 2, 2025",29,0:00:00
2024-10-22,BV4cpH3lDt0,Best Makeup 🤣,"Oct 2, 2025",29,0:00:00
2024-10-23,BV4cpH3lDt0,Best Makeup 🤣,"Oct 2, 2025",29,0:00:00
2024-10-24,BV4cpH3lDt0,Best Makeup 🤣,"Oct 2, 2025",29,0:00:00
2024-10-25,BV4cpH3lDt0,Best Makeup 🤣,"Oct 2, 2025",29,0:00:00
2024-10-26,BV4cpH3lDt0,Best Makeup 🤣,"Oct 2, 2025",29,0:00:00
2024-10-27,BV4cpH3lDt0,Best Makeup 🤣,"Oct 2, 2025",29,0:00:00
2024-10-28,BV4cpH3lDt0,Best Makeup 🤣,"Oct 2, 2025",29,0:00:00
2024-10-29,BV4cpH3lDt0,Best Makeup 🤣,"Oct 2, 2025",29,0:00:00
2024-10-30,BV4cpH3lDt0,Best Makeup 🤣,"Oct 2, 2025",29,0:00:00
2024-10-31,BV4cpH3lDt0,Best Makeup 🤣,"Oct 2, 2025",29,0:00:00
2024-11-01,BV4cpH3lDt0,Best Makeup 🤣,"Oct 2, 2025",29,0:00:00
2024-11-02,BV4cpH3lDt0,Best Makeup 🤣,"Oct 2, 2025",29,0:00:00
2024-11-03,BV4cpH3lDt0,Best Makeup 🤣,"Oct 2, 2025",29,0:00:00
2024-11-04,BV4cpH3lDt0,Best Makeup 🤣,"Oct 2, 2025",29,0:00:00
2024-11-05,BV4cpH3lDt0,Best Makeup 🤣,"Oct 2, 2025",29,0:00:00
2024-11-06,BV4cpH3lDt0,Best Makeup 🤣,"Oct 2, 2025",29,0:00:00
2024-11-07,BV4cpH3lDt0,Best Makeup 🤣,"Oct 2, 2025",29,0:00:00
2024-11-08,BV4cpH3lDt0,Best Makeup 🤣,"Oct 2, 2025",29,0:00:00
2024-11-09,BV4cpH3lDt0,Best Makeup 🤣,"Oct 2, 2025",29,0:00:00
2024-11-10,BV4cpH3lDt0,Best Makeup 🤣,"Oct 2, 2025",29,0:00:00
2024-11-11,BV4cpH3lDt0,Best Makeup 🤣,"Oct 2, 2025",29,0:00:00
2024-11-12,BV4cpH3lDt0,Best Makeup 🤣,"Oct 2, 2025",29,0:00:00
2024-11-13,BV4cpH3lDt0,Best Makeup 🤣,"Oct 2, 2025",29,0:00:00
2024-11-14,BV4cpH3lDt0,Best Makeup 🤣,"Oct 2, 2025",29,0:00:00
2024-11-15,BV4cpH3lDt0,Best Makeup 🤣,"Oct 2, 2025",29,0:00:00
2024-11-16,BV4cpH3lDt0,Best Makeup 🤣,"Oct 2, 2025",29,0:00:00
2024-11-17,BV4cpH3lDt0,Best Makeup 🤣,"Oct 2, 2025",29,0:00:00
2024-11-18,BV4cpH3lDt0,Best Makeup 🤣,"Oct 2, 2025",29,0:00:00
2024-11-19,BV4cpH3lDt0,Best Makeup 🤣,"Oct 2, 2025",29,0:00:00
2024-11-20,BV4cpH3lDt0,Best Makeup 🤣,"Oct 2, 2025",29,0:00:00
2024-11-21,BV4cpH3lDt0,Best Makeup 🤣,"Oct 2, 2025",29,0:00:00
2024-11-22,BV4cpH3lDt0,Best Makeup 🤣,"Oct 2, 2025",29,0:00:00
2024-11-23,BV4cpH3lDt0,Best Makeup 🤣,"Oct 2, 2025",29,0:00:00
2024-11-24,BV4cpH3lDt0,Best Makeup 🤣,"Oct 2, 2025",29,0:00:00
2024-11-25,BV4cpH3lDt0,Best Makeup 🤣,"Oct 2, 2025",29,0:00:00
2024-11-26,BV4cpH3lDt0,Best Makeup 🤣,"Oct 2, 2025",29,0:00:00
2024-11-27,BV4cpH3lDt0,Best Makeup 🤣,"Oct 2, 2025",29,0:00:00
2024-11-28,BV4cpH3lDt0,Best Makeup 🤣,"Oct 2, 2025",29,0:00:00
2024-11-29,BV4cpH3lDt0,Best Makeup 🤣,"Oct 2, 2025",29,0:00:00
2024-11-30,BV4cpH3lDt0,Best Makeup 🤣,"Oct 2, 2025",29,0:00:00
2024-12-01,BV4cpH3lDt0,Best Makeup 🤣,"Oct 2, 2025",29,0:00:00
2024-12-02,BV4cpH3lDt0,Best Makeup 🤣,"Oct 2, 2025",29,0:00:00
2024-12-03,BV4cpH3lDt0,Best Makeup 🤣,"Oct 2, 2025",29,0:00:00
2024-12-04,BV4cpH3lDt0,Best Makeup 🤣,"Oct 2, 2025",29,0:00:00
2024-12-05,BV4cpH3lDt0,Best Makeup 🤣,"Oct 2, 2025",29,0:00:00
2024-12-06,BV4cpH3lDt0,Best Makeup 🤣,"Oct 2, 2025",29,0:00:00
2024-12-07,BV4cpH3lDt0,Best Makeup 🤣,"Oct 2, 2025",29,0:00:00
2024-12-08,BV4cpH3lDt0,Best Makeup 🤣,"Oct 2, 2025",29,0:00:00
2024-12-09,BV4cpH3lDt0,Best Makeup 🤣,"Oct 2, 2025",29,0:00:00
2024-12-10,BV4cpH3lDt0,Best Makeup 🤣,"Oct 2, 2025",29,0:00:00
2024-12-11,BV4cpH3lDt0,Best Makeup 🤣,"Oct 2, 2025",29,0:00:00
2024-12-12,BV4cpH3lDt0,Best Makeup 🤣,"Oct 2, 2025",29,0:00:00
2024-12-13,BV4cpH3lDt0,Best Makeup 🤣,"Oct 2, 2025",29,0:00:00
2024-12-14,BV4cpH3lDt0,Best Makeup 🤣,"Oct 2, 2025",29,0:00:00
2024-12-15,BV4cpH3lDt0,Best Makeup 🤣,"Oct 2, 2025",29,0:00:00
2024-12-16,BV4cpH3lDt0,Best Makeup 🤣,"Oct 2, 2025",29,0:00:00
2024-12-17,BV4cpH3lDt0,Best Makeup 🤣,"Oct 2, 2025",29,0:00:00
2024-12-18,BV4cpH3lDt0,Best Makeup 🤣,"Oct 2, 2025",29,0:00:00
2024-12-19,BV4cpH3lDt0,Best Makeup 🤣,"Oct 2, 2025",29,0:00:00
2024-12-20,BV4cpH3lDt0,Best Makeup 🤣,"Oct 2, 2025",29,0:00:00
2024-12-21,BV4cpH3lDt0,Best Makeup 🤣,"Oct 2, 2025",29,0:00:00
2024-12-22,BV4cpH3lDt0,Best Makeup 🤣,"Oct 2, 2025",29,0:00:00
2024-12-23,BV4cpH3lDt0,Best Makeup 🤣,"Oct 2, 2025",29,0:00:00
2024-12-24,BV4cpH3lDt0,Best Makeup 🤣,"Oct 2, 2025",29,0:00:00
2024-12-25,BV4cpH3lDt0,Best Makeup 🤣,"Oct 2, 2025",29,0:00:00
2024-12-26,BV4cpH3lDt0,Best Makeup 🤣,"Oct 2, 2025",29,0:00:00
2024-12-27,BV4cpH3lDt0,Best Makeup 🤣,"Oct 2, 2025",29,0:00:00
2024-12-28,BV4cpH3lDt0,Best Makeup 🤣,"Oct 2, 2025",29,0:00:00
2024-12-29,BV4cpH3lDt0,Best Makeup 🤣,"Oct 2, 2025",29,0:00:00
2024-12-30,BV4cpH3lDt0,Best Makeup 🤣,"Oct 2, 2025",29,0:00:00
2024-12-31,BV4cpH3lDt0,Best Makeup 🤣,"Oct 2, 2025",29,0:00:00
2025-01-01,BV4cpH3lDt0,Best Makeup 🤣,"Oct 2, 2025",29,0:00:00
2025-01-02,BV4cpH3lDt0,Best Makeup 🤣,"Oct 2, 2025",29,0:00:00
2025-01-03,BV4cpH3lDt0,Best Makeup 🤣,"Oct 2, 2025",29,0:00:00
2025-01-04,BV4cpH3lDt0,Best Makeup 🤣,"Oct 2, 2025",29,0:00:00
2025-01-05,BV4cpH3lDt0,Best Makeup 🤣,"Oct 2, 2025",29,0:00:00
2025-01-06,BV4cpH3lDt0,Best Makeup 🤣,"Oct 2, 2025",29,0:00:00
2025-01-07,BV4cpH3lDt0,Best Makeup 🤣,"Oct 2, 2025",29,0:00:00
2025-01-08,BV4cpH3lDt0,Best Makeup 🤣,"Oct 2, 2025",29,0:00:00
2025-01-09,BV4cpH3lDt0,Best Makeup 🤣,"Oct 2, 2025",29,0:00:00
2025-01-10,BV4cpH3lDt0,Best Makeup 🤣,"Oct 2, 2025",29,0:00:00
2025-01-11,BV4cpH3lDt0,Best Makeup 🤣,"Oct 2, 2025",29,0:00:00
2025-01-12,BV4cpH3lDt0,Best Makeup 🤣,"Oct 2, 2025",29,0:00:00
2025-01-13,BV4cpH3lDt0,Best Makeup 🤣,"Oct 2, 2025",29,0:00:00
2025-01-14,BV4cpH3lDt0,Best Makeup 🤣,"Oct 2, 2025",29,0:00:00
2025-01-15,BV4cpH3lDt0,Best Makeup 🤣,"Oct 2, 2025",29,0:00:00
2025-01-16,BV4cpH3lDt0,Best Makeup 🤣,"Oct 2, 2025",29,0:00:00
2025-01-17,BV4cpH3lDt0,Best Makeup 🤣,"Oct 2, 2025",29,0:00:00
2025-01-18,BV4cpH3lDt0,Best Makeup 🤣,"Oct 2, 2025",29,0:00:00
2025-01-19,BV4cpH3lDt0,Best Makeup 🤣,"Oct 2, 2025",29,0:00:00
2025-01-20,BV4cpH3lDt0,Best Makeup 🤣,"Oct 2, 2025",29,0:00:00
2025-01-21,BV4cpH3lDt0,Best Makeup 🤣,"Oct 2, 2025",29,0:00:00
2025-01-22,BV4cpH3lDt0,Best Makeup 🤣,"Oct 2, 2025",29,0:00:00
2025-01-23,BV4cpH3lDt0,Best Makeup 🤣,"Oct 2, 2025",29,0:00:00
2025-01-24,BV4cpH3lDt0,Best Makeup 🤣,"Oct 2, 2025",29,0:00:00
2025-01-25,BV4cpH3lDt0,Best Makeup 🤣,"Oct 2, 2025",29,0:00:00
2025-01-26,BV4cpH3lDt0,Best Makeup 🤣,"Oct 2, 2025",29,0:00:00
2025-01-27,BV4cpH3lDt0,Best Makeup 🤣,"Oct 2, 2025",29,0:00:00
2025-01-28,BV4cpH3lDt0,Best Makeup 🤣,"Oct 2, 2025",29,0:00:00
2025-01-29,BV4cpH3lDt0,Best Makeup 🤣,"Oct 2, 2025",29,0:00:00
2025-01-30,BV4cpH3lDt0,Best Makeup 🤣,"Oct 2, 2025",29,0:00:00
2025-01-31,BV4cpH3lDt0,Best Makeup 🤣,"Oct 2, 2025",29,0:00:00
2025-02-01,BV4cpH3lDt0,Best Makeup 🤣,"Oct 2, 2025",29,0:00:00
2025-02-02,BV4cpH3lDt0,Best Makeup 🤣,"Oct 2, 2025",29,0:00:00
2025-02-03,BV4cpH3lDt0,Best Makeup 🤣,"Oct 2, 2025",29,0:00:00
2025-02-04,BV4cpH3lDt0,Best Makeup 🤣,"Oct 2, 2025",29,0:00:00
2025-02-05,BV4cpH3lDt0,Best Makeup 🤣,"Oct 2, 2025",29,0:00:00
2025-02-06,BV4cpH3lDt0,Best Makeup 🤣,"Oct 2, 2025",29,0:00:00
2025-02-07,BV4cpH3lDt0,Best Makeup 🤣,"Oct 2, 2025",29,0:00:00
2025-02-08,BV4cpH3lDt0,Best Makeup 🤣,"Oct 2, 2025",29,0:00:00
2025-02-09,BV4cpH3lDt0,Best Makeup 🤣,"Oct 2, 2025",29,0:00:00
2025-02-10,BV4cpH3lDt0,Best Makeup 🤣,"Oct 2, 2025",29,0:00:00
2025-02-11,BV4cpH3lDt0,Best Makeup 🤣,"Oct 2, 2025",29,0:00:00
2025-02-12,BV4cpH3lDt0,Best Makeup 🤣,"Oct 2, 2025",29,0:00:00
2025-02-13,BV4cpH3lDt0,Best Makeup 🤣,"Oct 2, 2025",29,0:00:00
2025-02-14,BV4cpH3lDt0,Best Makeup 🤣,"Oct 2, 2025",29,0:00:00
2025-02-15,BV4cpH3lDt0,Best Makeup 🤣,"Oct 2, 2025",29,0:00:00
2025-02-16,BV4cpH3lDt0,Best Makeup 🤣,"Oct 2, 2025",29,0:00:00
2025-02-17,BV4cpH3lDt0,Best Makeup 🤣,"Oct 2, 2025",29,0:00:00
2025-02-18,BV4cpH3lDt0,Best Makeup 🤣,"Oct 2, 2025",29,0:00:00
2025-02-19,BV4cpH3lDt0,Best Makeup 🤣,"Oct 2, 2025",29,0:00:00
2025-02-20,BV4cpH3lDt0,Best Makeup 🤣,"Oct 2, 2025",29,0:00:00
2025-02-21,BV4cpH3lDt0,Best Makeup 🤣,"Oct 2, 2025",29,0:00:00
2025-02-22,BV4cpH3lDt0,Best Makeup 🤣,"Oct 2, 2025",29,0:00:00
2025-02-23,BV4cpH3lDt0,Best Makeup 🤣,"Oct 2, 2025",29,0:00:00
2025-02-24,BV4cpH3lDt0,Best Makeup 🤣,"Oct 2, 2025",29,0:00:00
2025-02-25,BV4cpH3lDt0,Best Makeup 🤣,"Oct 2, 2025",29,0:00:00
2025-02-26,BV4cpH3lDt0,Best Makeup 🤣,"Oct 2, 2025",29,0:00:00
2025-02-27,BV4cpH3lDt0,Best Makeup 🤣,"Oct 2, 2025",29,0:00:00
2025-02-28,BV4cpH3lDt0,Best Makeup 🤣,"Oct 2, 2025",29,0:00:00
2025-03-01,BV4cpH3lDt0,Best Makeup 🤣,"Oct 2, 2025",29,0:00:00
2025-03-02,BV4cpH3lDt0,Best Makeup 🤣,"Oct 2, 2025",29,0:00:00
2025-03-03,BV4cpH3lDt0,Best Makeup 🤣,"Oct 2, 2025",29,0:00:00
2025-03-04,BV4cpH3lDt0,Best Makeup 🤣,"Oct 2, 2025",29,0:00:00
2025-03-05,BV4cpH3lDt0,Best Makeup 🤣,"Oct 2, 2025",29,0:00:00
2025-03-06,BV4cpH3lDt0,Best Makeup 🤣,"Oct 2, 2025",29,0:00:00
2025-03-07,BV4cpH3lDt0,Best Makeup 🤣,"Oct 2, 2025",29,0:00:00
2025-03-08,BV4cpH3lDt0,Best Makeup 🤣,"Oct 2, 2025",29,0:00:00
2025-03-09,BV4cpH3lDt0,Best Makeup 🤣,"Oct 2, 2025",29,0:00:00
2025-03-10,BV4cpH3lDt0,Best Makeup 🤣,"Oct 2, 2025",29,0:00:00
2025-03-11,BV4cpH3lDt0,Best Makeup 🤣,"Oct 2, 2025",29,0:00:00
2025-03-12,BV4cpH3lDt0,Best Makeup 🤣,"Oct 2, 2025",29,0:00:00
2025-03-13,BV4cpH3lDt0,Best Makeup 🤣,"Oct 2, 2025",29,0:00:00
2025-03-14,BV4cpH3lDt0,Best Makeup 🤣,"Oct 2, 2025",29,0:00:00
2025-03-15,BV4cpH3lDt0,Best Makeup 🤣,"Oct 2, 2025",29,0:00:00
2025-03-16,BV4cpH3lDt0,Best Makeup 🤣,"Oct 2, 2025",29,0:00:00
2025-03-17,BV4cpH3lDt0,Best Makeup 🤣,"Oct 2, 2025",29,0:00:00
2025-03-18,BV4cpH3lDt0,Best Makeup 🤣,"Oct 2, 2025",29,0:00:00
2025-03-19,BV4cpH3lDt0,Best Makeup 🤣,"Oct 2, 2025",29,0:00:00
2025-03-20,BV4cpH3lDt0,Best Makeup 🤣,"Oct 2, 2025",29,0:00:00
2025-03-21,BV4cpH3lDt0,Best Makeup 🤣,"Oct 2, 2025",29,0:00:00
2025-03-22,BV4cpH3lDt0,Best Makeup 🤣,"Oct 2, 2025",29,0:00:00
2025-03-23,BV4cpH3lDt0,Best Makeup 🤣,"Oct 2, 2025",29,0:00:00
2025-03-24,BV4cpH3lDt0,Best Makeup 🤣,"Oct 2, 2025",29,0:00:00
2025-03-25,BV4cpH3lDt0,Best Makeup 🤣,"Oct 2, 2025",29,0:00:00
2025-03-26,BV4cpH3lDt0,Best Makeup 🤣,"Oct 2, 2025",29,0:00:00
2025-03-27,BV4cpH3lDt0,Best Makeup 🤣,"Oct 2, 2025",29,0:00:00
2025-03-28,BV4cpH3lDt0,Best Makeup 🤣,"Oct 2, 2025",29,0:00:00
2025-03-29,BV4cpH3lDt0,Best Makeup 🤣,"Oct 2, 2025",29,0:00:00
2025-03-30,BV4cpH3lDt0,Best Makeup 🤣,"Oct 2, 2025",29,0:00:00
2025-03-31,BV4cpH3lDt0,Best Makeup 🤣,"Oct 2, 2025",29,0:00:00
2025-04-01,BV4cpH3lDt0,Best Makeup 🤣,"Oct 2, 2025",29,0:00:00
2025-04-02,BV4cpH3lDt0,Best Makeup 🤣,"Oct 2, 2025",29,0:00:00
2025-04-03,BV4cpH3lDt0,Best Makeup 🤣,"Oct 2, 2025",29,0:00:00
2025-04-04,BV4cpH3lDt0,Best Makeup 🤣,"Oct 2, 2025",29,0:00:00
2025-04-05,BV4cpH3lDt0,Best Makeup 🤣,"Oct 2, 2025",29,0:00:00
2025-04-06,BV4cpH3lDt0,Best Makeup 🤣,"Oct 2, 2025",29,0:00:00
2025-04-07,BV4cpH3lDt0,Best Makeup 🤣,"Oct 2, 2025",29,0:00:00
2025-04-08,BV4cpH3lDt0,Best Makeup 🤣,"Oct 2, 2025",29,0:00:00
2025-04-09,BV4cpH3lDt0,Best Makeup 🤣,"Oct 2, 2025",29,0:00:00
2025-04-10,BV4cpH3lDt0,Best Makeup 🤣,"Oct 2, 2025",29,0:00:00
2025-04-11,BV4cpH3lDt0,Best Makeup 🤣,"Oct 2, 2025",29,0:00:00
2025-04-12,BV4cpH3lDt0,Best Makeup 🤣,"Oct 2, 2025",29,0:00:00
2025-04-13,BV4cpH3lDt0,Best Makeup 🤣,"Oct 2, 2025",29,0:00:00
2025-04-14,BV4cpH3lDt0,Best Makeup 🤣,"Oct 2, 2025",29,0:00:00
2025-04-15,BV4cpH3lDt0,Best Makeup 🤣,"Oct 2, 2025",29,0:00:00
2025-04-16,BV4cpH3lDt0,Best Makeup 🤣,"Oct 2, 2025",29,0:00:00
2025-04-17,BV4cpH3lDt0,Best Makeup 🤣,"Oct 2, 2025",29,0:00:00
2025-04-18,BV4cpH3lDt0,Best Makeup 🤣,"Oct 2, 2025",29,0:00:00
2025-04-19,BV4cpH3lDt0,Best Makeup 🤣,"Oct 2, 2025",29,0:00:00
2025-04-20,BV4cpH3lDt0,Best Makeup 🤣,"Oct 2, 2025",29,0:00:00
2025-04-21,BV4cpH3lDt0,Best Makeup 🤣,"Oct 2, 2025",29,0:00:00
2025-04-22,BV4cpH3lDt0,Best Makeup 🤣,"Oct 2, 2025",29,0:00:00
2025-04-23,BV4cpH3lDt0,Best Makeup 🤣,"Oct 2, 2025",29,0:00:00
2025-04-24,BV4cpH3lDt0,Best Makeup 🤣,"Oct 2, 2025",29,0:00:00
2025-04-25,BV4cpH3lDt0,Best Makeup 🤣,"Oct 2, 2025",29,0:00:00
2025-04-26,BV4cpH3lDt0,Best Makeup 🤣,"Oct 2, 2025",29,0:00:00
2025-04-27,BV4cpH3lDt0,Best Makeup 🤣,"Oct 2, 2025",29,0:00:00
2025-04-28,BV4cpH3lDt0,Best Makeup 🤣,"Oct 2, 2025",29,0:00:00
2025-04-29,BV4cpH3lDt0,Best Makeup 🤣,"Oct 2, 2025",29,0:00:00
2025-04-30,BV4cpH3lDt0,Best Makeup 🤣,"Oct 2, 2025",29,0:00:00
2025-05-01,BV4cpH3lDt0,Best Makeup 🤣,"Oct 2, 2025",29,0:00:00
2025-05-02,BV4cpH3lDt0,Best Makeup 🤣,"Oct 2, 2025",29,0:00:00
2025-05-03,BV4cpH3lDt0,Best Makeup 🤣,"Oct 2, 2025",29,0:00:00
2025-05-04,BV4cpH3lDt0,Best Makeup 🤣,"Oct 2, 2025",29,0:00:00
2025-05-05,BV4cpH3lDt0,Best Makeup 🤣,"Oct 2, 2025",29,0:00:00
2025-05-06,BV4cpH3lDt0,Best Makeup 🤣,"Oct 2, 2025",29,0:00:00
2025-05-07,BV4cpH3lDt0,Best Makeup 🤣,"Oct 2, 2025",29,0:00:00
2025-05-08,BV4cpH3lDt0,Best Makeup 🤣,"Oct 2, 2025",29,0:00:00
2025-05-09,BV4cpH3lDt0,Best Makeup 🤣,"Oct 2, 2025",29,0:00:00
2025-05-10,BV4cpH3lDt0,Best Makeup 🤣,"Oct 2, 2025",29,0:00:00
2025-05-11,BV4cpH3lDt0,Best Makeup 🤣,"Oct 2, 2025",29,0:00:00
2025-05-12,BV4cpH3lDt0,Best Makeup 🤣,"Oct 2, 2025",29,0:00:00
2025-05-13,BV4cpH3lDt0,Best Makeup 🤣,"Oct 2, 2025",29,0:00:00
2025-05-14,BV4cpH3lDt0,Best Makeup 🤣,"Oct 2, 2025",29,0:00:00
2025-05-15,BV4cpH3lDt0,Best Makeup 🤣,"Oct 2, 2025",29,0:00:00
2025-05-16,BV4cpH3lDt0,Best Makeup 🤣,"Oct 2, 2025",29,0:00:00
2025-05-17,BV4cpH3lDt0,Best Makeup 🤣,"Oct 2, 2025",29,0:00:00
2025-05-18,BV4cpH3lDt0,Best Makeup 🤣,"Oct 2, 2025",29,0:00:00
2025-05-19,BV4cpH3lDt0,Best Makeup 🤣,"Oct 2, 2025",29,0:00:00
2025-05-20,BV4cpH3lDt0,Best Makeup 🤣,"Oct 2, 2025",29,0:00:00
2025-05-21,BV4cpH3lDt0,Best Makeup 🤣,"Oct 2, 2025",29,0:00:00
2025-05-22,BV4cpH3lDt0,Best Makeup 🤣,"Oct 2, 2025",29,0:00:00
2025-05-23,BV4cpH3lDt0,Best Makeup 🤣,"Oct 2, 2025",29,0:00:00
2025-05-24,BV4cpH3lDt0,Best Makeup 🤣,"Oct 2, 2025",29,0:00:00
2025-05-25,BV4cpH3lDt0,Best Makeup 🤣,"Oct 2, 2025",29,0:00:00
2025-05-26,BV4cpH3lDt0,Best Makeup 🤣,"Oct 2, 2025",29,0:00:00
2025-05-27,BV4cpH3lDt0,Best Makeup 🤣,"Oct 2, 2025",29,0:00:00
2025-05-28,BV4cpH3lDt0,Best Makeup 🤣,"Oct 2, 2025",29,0:00:00
2025-05-29,BV4cpH3lDt0,Best Makeup 🤣,"Oct 2, 2025",29,0:00:00
2025-05-30,BV4cpH3lDt0,Best Makeup 🤣,"Oct 2, 2025",29,0:00:00
2025-05-31,BV4cpH3lDt0,Best Makeup 🤣,"Oct 2, 2025",29,0:00:00
2025-06-01,BV4cpH3lDt0,Best Makeup 🤣,"Oct 2, 2025",29,0:00:00
2025-06-02,BV4cpH3lDt0,Best Makeup 🤣,"Oct 2, 2025",29,0:00:00
2025-06-03,BV4cpH3lDt0,Best Makeup 🤣,"Oct 2, 2025",29,0:00:00
2025-06-04,BV4cpH3lDt0,Best Makeup 🤣,"Oct 2, 2025",29,0:00:00
2025-06-05,BV4cpH3lDt0,Best Makeup 🤣,"Oct 2, 2025",29,0:00:00
2025-06-06,BV4cpH3lDt0,Best Makeup 🤣,"Oct 2, 2025",29,0:00:00
2025-06-07,BV4cpH3lDt0,Best Makeup 🤣,"Oct 2, 2025",29,0:00:00
2025-06-08,BV4cpH3lDt0,Best Makeup 🤣,"Oct 2, 2025",29,0:00:00
2025-06-09,BV4cpH3lDt0,Best Makeup 🤣,"Oct 2, 2025",29,0:00:00
2025-06-10,BV4cpH3lDt0,Best Makeup 🤣,"Oct 2, 2025",29,0:00:00
2025-06-11,BV4cpH3lDt0,Best Makeup 🤣,"Oct 2, 2025",29,0:00:00
2025-06-12,BV4cpH3lDt0,Best Makeup 🤣,"Oct 2, 2025",29,0:00:00
2025-06-13,BV4cpH3lDt0,Best Makeup 🤣,"Oct 2, 2025",29,0:00:00
2025-06-14,BV4cpH3lDt0,Best Makeup 🤣,"Oct 2, 2025",29,0:00:00
2025-06-15,BV4cpH3lDt0,Best Makeup 🤣,"Oct 2, 2025",29,0:00:00
2025-06-16,BV4cpH3lDt0,Best Makeup 🤣,"Oct 2, 2025",29,0:00:00
2025-06-17,BV4cpH3lDt0,Best Makeup 🤣,"Oct 2, 2025",29,0:00:00
2025-06-18,BV4cpH3lDt0,Best Makeup 🤣,"Oct 2, 2025",29,0:00:00
2025-06-19,BV4cpH3lDt0,Best Makeup 🤣,"Oct 2, 2025",29,0:00:00
2025-06-20,BV4cpH3lDt0,Best Makeup 🤣,"Oct 2, 2025",29,0:00:00
2025-06-21,BV4cpH3lDt0,Best Makeup 🤣,"Oct 2, 2025",29,0:00:00
2025-06-22,BV4cpH3lDt0,Best Makeup 🤣,"Oct 2, 2025",29,0:00:00
2025-06-23,BV4cpH3lDt0,Best Makeup 🤣,"Oct 2, 2025",29,0:00:00
2025-06-24,BV4cpH3lDt0,Best Makeup 🤣,"Oct 2, 2025",29,0:00:00
2025-06-25,BV4cpH3lDt0,Best Makeup 🤣,"Oct 2, 2025",29,0:00:00
2025-06-26,BV4cpH3lDt0,Best Makeup 🤣,"Oct 2, 2025",29,0:00:00
2025-06-27,BV4cpH3lDt0,Best Makeup 🤣,"Oct 2, 2025",29,0:00:00
2025-06-28,BV4cpH3lDt0,Best Makeup 🤣,"Oct 2, 2025",29,0:00:00
2025-06-29,BV4cpH3lDt0,Best Makeup 🤣,"Oct 2, 2025",29,0:00:00
2025-06-30,BV4cpH3lDt0,Best Makeup 🤣,"Oct 2, 2025",29,0:00:00
2025-07-01,BV4cpH3lDt0,Best Makeup 🤣,"Oct 2, 2025",29,0:00:00
2025-07-02,BV4cpH3lDt0,Best Makeup 🤣,"Oct 2, 2025",29,0:00:00
2025-07-03,BV4cpH3lDt0,Best Makeup 🤣,"Oct 2, 2025",29,0:00:00
2025-07-04,BV4cpH3lDt0,Best Makeup 🤣,"Oct 2, 2025",29,0:00:00
2025-07-05,BV4cpH3lDt0,Best Makeup 🤣,"Oct 2, 2025",29,0:00:00
2025-07-06,BV4cpH3lDt0,Best Makeup 🤣,"Oct 2, 2025",29,0:00:00
2025-07-07,BV4cpH3lDt0,Best Makeup 🤣,"Oct 2, 2025",29,0:00:00
2025-07-08,BV4cpH3lDt0,Best Makeup 🤣,"Oct 2, 2025",29,0:00:00
2025-07-09,BV4cpH3lDt0,Best Makeup 🤣,"Oct 2, 2025",29,0:00:00
2025-07-10,BV4cpH3lDt0,Best Makeup 🤣,"Oct 2, 2025",29,0:00:00
2025-07-11,BV4cpH3lDt0,Best Makeup 🤣,"Oct 2, 2025",29,0:00:00
2025-07-12,BV4cpH3lDt0,Best Makeup 🤣,"Oct 2, 2025",29,0:00:00
2025-07-13,BV4cpH3lDt0,Best Makeup 🤣,"Oct 2, 2025",29,0:00:00
2025-07-14,BV4cpH3lDt0,Best Makeup 🤣,"Oct 2, 2025",29,0:00:00
2025-07-15,BV4cpH3lDt0,Best Makeup 🤣,"Oct 2, 2025",29,0:00:00
2025-07-16,BV4cpH3lDt0,Best Makeup 🤣,"Oct 2, 2025",29,0:00:00
2025-07-17,BV4cpH3lDt0,Best Makeup 🤣,"Oct 2, 2025",29,0:00:00
2025-07-18,BV4cpH3lDt0,Best Makeup 🤣,"Oct 2, 2025",29,0:00:00
2025-07-19,BV4cpH3lDt0,Best Makeup 🤣,"Oct 2, 2025",29,0:00:00
2025-07-20,BV4cpH3lDt0,Best Makeup 🤣,"Oct 2, 2025",29,0:00:00
2025-07-21,BV4cpH3lDt0,Best Makeup 🤣,"Oct 2, 2025",29,0:00:00
2025-07-22,BV4cpH3lDt0,Best Makeup 🤣,"Oct 2, 2025",29,0:00:00
2025-07-23,BV4cpH3lDt0,Best Makeup 🤣,"Oct 2, 2025",29,0:00:00
2025-07-24,BV4cpH3lDt0,Best Makeup 🤣,"Oct 2, 2025",29,0:00:00
2025-07-25,BV4cpH3lDt0,Best Makeup 🤣,"Oct 2, 2025",29,0:00:00
2025-07-26,BV4cpH3lDt0,Best Makeup 🤣,"Oct 2, 2025",29,0:00:00
2025-07-27,BV4cpH3lDt0,Best Makeup 🤣,"Oct 2, 2025",29,0:00:00
2025-07-28,BV4cpH3lDt0,Best Makeup 🤣,"Oct 2, 2025",29,0:00:00
2025-07-29,BV4cpH3lDt0,Best Makeup 🤣,"Oct 2, 2025",29,0:00:00
2025-07-30,BV4cpH3lDt0,Best Makeup 🤣,"Oct 2, 2025",29,0:00:00
2025-07-31,BV4cpH3lDt0,Best Makeup 🤣,"Oct 2, 2025",29,0:00:00
2025-08-01,BV4cpH3lDt0,Best Makeup 🤣,"Oct 2, 2025",29,0:00:00
2025-08-02,BV4cpH3lDt0,Best Makeup 🤣,"Oct 2, 2025",29,0:00:00
2025-08-03,BV4cpH3lDt0,Best Makeup 🤣,"Oct 2, 2025",29,0:00:00
2025-08-04,BV4cpH3lDt0,Best Makeup 🤣,"Oct 2, 2025",29,0:00:00
2025-08-05,BV4cpH3lDt0,Best Makeup 🤣,"Oct 2, 2025",29,0:00:00
2025-08-06,BV4cpH3lDt0,Best Makeup 🤣,"Oct 2, 2025",29,0:00:00
2025-08-07,BV4cpH3lDt0,Best Makeup 🤣,"Oct 2, 2025",29,0:00:00
2025-08-08,BV4cpH3lDt0,Best Makeup 🤣,"Oct 2, 2025",29,0:00:00
2025-08-09,BV4cpH3lDt0,Best Makeup 🤣,"Oct 2, 2025",29,0:00:00
2025-08-10,BV4cpH3lDt0,Best Makeup 🤣,"Oct 2, 2025",29,0:00:00
2025-08-11,BV4cpH3lDt0,Best Makeup 🤣,"Oct 2, 2025",29,0:00:00
2025-08-12,BV4cpH3lDt0,Best Makeup 🤣,"Oct 2, 2025",29,0:00:00
2025-08-13,BV4cpH3lDt0,Best Makeup 🤣,"Oct 2, 2025",29,0:00:00
2025-08-14,BV4cpH3lDt0,Best Makeup 🤣,"Oct 2, 2025",29,0:00:00
2025-08-15,BV4cpH3lDt0,Best Makeup 🤣,"Oct 2, 2025",29,0:00:00
2025-08-16,BV4cpH3lDt0,Best Makeup 🤣,"Oct 2, 2025",29,0:00:00
2025-08-17,BV4cpH3lDt0,Best Makeup 🤣,"Oct 2, 2025",29,0:00:00
2025-08-18,BV4cpH3lDt0,Best Makeup 🤣,"Oct 2, 2025",29,0:00:00
2025-08-19,BV4cpH3lDt0,Best Makeup 🤣,"Oct 2, 2025",29,0:00:00
2025-08-20,BV4cpH3lDt0,Best Makeup 🤣,"Oct 2, 2025",29,0:00:00
2025-08-21,BV4cpH3lDt0,Best Makeup 🤣,"Oct 2, 2025",29,0:00:00
2025-08-22,BV4cpH3lDt0,Best Makeup 🤣,"Oct 2, 2025",29,0:00:00
2025-08-23,BV4cpH3lDt0,Best Makeup 🤣,"Oct 2, 2025",29,0:00:00
2025-08-24,BV4cpH3lDt0,Best Makeup 🤣,"Oct 2, 2025",29,0:00:00
2025-08-25,BV4cpH3lDt0,Best Makeup 🤣,"Oct 2, 2025",29,0:00:00
2025-08-26,BV4cpH3lDt0,Best Makeup 🤣,"Oct 2, 2025",29,0:00:00
2025-08-27,BV4cpH3lDt0,Best Makeup 🤣,"Oct 2, 2025",29,0:00:00
2025-08-28,BV4cpH3lDt0,Best Makeup 🤣,"Oct 2, 2025",29,0:00:00
2025-08-29,BV4cpH3lDt0,Best Makeup 🤣,"Oct 2, 2025",29,0:00:00
2025-08-30,BV4cpH3lDt0,Best Makeup 🤣,"Oct 2, 2025",29,0:00:00
2025-08-31,BV4cpH3lDt0,Best Makeup 🤣,"Oct 2, 2025",29,0:00:00
2025-09-01,BV4cpH3lDt0,Best Makeup 🤣,"Oct 2, 2025",29,0:00:00
2025-09-02,BV4cpH3lDt0,Best Makeup 🤣,"Oct 2, 2025",29,0:00:00
2025-09-03,BV4cpH3lDt0,Best Makeup 🤣,"Oct 2, 2025",29,0:00:00
2025-09-04,BV4cpH3lDt0,Best Makeup 🤣,"Oct 2, 2025",29,0:00:00
2025-09-05,BV4cpH3lDt0,Best Makeup 🤣,"Oct 2, 2025",29,0:00:00
2025-09-06,BV4cpH3lDt0,Best Makeup 🤣,"Oct 2, 2025",29,0:00:00
2025-09-07,BV4cpH3lDt0,Best Makeup 🤣,"Oct 2, 2025",29,0:00:00
2025-09-08,BV4cpH3lDt0,Best Makeup 🤣,"Oct 2, 2025",29,0:00:00
2025-09-09,BV4cpH3lDt0,Best Makeup 🤣,"Oct 2, 2025",29,0:00:00
2025-09-10,BV4cpH3lDt0,Best Makeup 🤣,"Oct 2, 2025",29,0:00:00
2025-09-11,BV4cpH3lDt0,Best Makeup 🤣,"Oct 2, 2025",29,0:00:00
2025-09-12,BV4cpH3lDt0,Best Makeup 🤣,"Oct 2, 2025",29,0:00:00
2025-09-13,BV4cpH3lDt0,Best Makeup 🤣,"Oct 2, 2025",29,0:00:00
2025-09-14,BV4cpH3lDt0,Best Makeup 🤣,"Oct 2, 2025",29,0:00:00
2025-09-15,BV4cpH3lDt0,Best Makeup 🤣,"Oct 2, 2025",29,0:00:00
2025-09-16,BV4cpH3lDt0,Best Makeup 🤣,"Oct 2, 2025",29,0:00:00
2025-09-17,BV4cpH3lDt0,Best Makeup 🤣,"Oct 2, 2025",29,0:00:00
2025-09-18,BV4cpH3lDt0,Best Makeup 🤣,"Oct 2, 2025",29,0:00:00
2025-09-19,BV4cpH3lDt0,Best Makeup 🤣,"Oct 2, 2025",29,0:00:00
2025-09-20,BV4cpH3lDt0,Best Makeup 🤣,"Oct 2, 2025",29,0:00:00
2025-09-21,BV4cpH3lDt0,Best Makeup 🤣,"Oct 2, 2025",29,0:00:00
2025-09-22,BV4cpH3lDt0,Best Makeup 🤣,"Oct 2, 2025",29,0:00:00
2025-09-23,BV4cpH3lDt0,Best Makeup 🤣,"Oct 2, 2025",29,0:00:00
2025-09-24,BV4cpH3lDt0,Best Makeup 🤣,"Oct 2, 2025",29,0:00:00
2025-09-25,BV4cpH3lDt0,Best Makeup 🤣,"Oct 2, 2025",29,0:00:00
2025-09-26,BV4cpH3lDt0,Best Makeup 🤣,"Oct 2, 2025",29,0:00:00
2025-09-27,BV4cpH3lDt0,Best Makeup 🤣,"Oct 2, 2025",29,0:00:00
2025-09-28,BV4cpH3lDt0,Best Makeup 🤣,"Oct 2, 2025",29,0:00:00
2025-09-29,BV4cpH3lDt0,Best Makeup 🤣,"Oct 2, 2025",29,0:00:00
2025-09-30,BV4cpH3lDt0,Best Makeup 🤣,"Oct 2, 2025",29,0:00:00
2025-10-01,BV4cpH3lDt0,Best Makeup 🤣,"Oct 2, 2025",29,0:00:00
2025-10-02,BV4cpH3lDt0,Best Makeup 🤣,"Oct 2, 2025",29,0:00:27
2025-10-03,BV4cpH3lDt0,Best Makeup 🤣,"Oct 2, 2025",29,0:00:00
2025-10-04,BV4cpH3lDt0,Best Makeup 🤣,"Oct 2, 2025",29,0:00:00
2025-10-05,BV4cpH3lDt0,Best Makeup 🤣,"Oct 2, 2025",29,0:00:00
2025-10-06,BV4cpH3lDt0,Best Makeup 🤣,"Oct 2, 2025",29,0:00:00
2025-10-07,BV4cpH3lDt0,Best Makeup 🤣,"Oct 2, 2025",29,0:00:00
2025-10-08,BV4cpH3lDt0,Best Makeup 🤣,"Oct 2, 2025",29,0:00:00
2025-10-09,BV4cpH3lDt0,Best Makeup 🤣,"Oct 2, 2025",29,0:00:00
2025-10-10,BV4cpH3lDt0,Best Makeup 🤣,"Oct 2, 2025",29,0:00:00
2025-10-11,BV4cpH3lDt0,Best Makeup 🤣,"Oct 2, 2025",29,0:00:00
2025-10-12,BV4cpH3lDt0,Best Makeup 🤣,"Oct 2, 2025",29,0:00:00
2025-10-13,BV4cpH3lDt0,Best Makeup 🤣,"Oct 2, 2025",29,0:00:00
2025-10-14,BV4cpH3lDt0,Best Makeup 🤣,"Oct 2, 2025",29,0:00:00
2025-10-15,BV4cpH3lDt0,Best Makeup 🤣,"Oct 2, 2025",29,0:00:00
2025-10-16,BV4cpH3lDt0,Best Makeup 🤣,"Oct 2, 2025",29,0:00:00
2025-10-17,BV4cpH3lDt0,Best Makeup 🤣,"Oct 2, 2025",29,0:00:00
2025-10-18,BV4cpH3lDt0,Best Makeup 🤣,"Oct 2, 2025",29,0:00:00
2025-10-19,BV4cpH3lDt0,Best Makeup 🤣,"Oct 2, 2025",29,0:00:00
2025-10-20,BV4cpH3lDt0,Best Makeup 🤣,"Oct 2, 2025",29,0:00:00
2025-10-21,BV4cpH3lDt0,Best Makeup 🤣,"Oct 2, 2025",29,
2025-10-22,BV4cpH3lDt0,Best Makeup 🤣,"Oct 2, 2025",29,0:00:00
2025-10-23,BV4cpH3lDt0,Best Makeup 🤣,"Oct 2, 2025",29,0:00:00
2025-10-24,BV4cpH3lDt0,Best Makeup 🤣,"Oct 2, 2025",29,0:00:00
2025-10-25,BV4cpH3lDt0,Best Makeup 🤣,"Oct 2, 2025",29,0:00:00
2025-10-26,BV4cpH3lDt0,Best Makeup 🤣,"Oct 2, 2025",29,0:00:00
2025-10-27,BV4cpH3lDt0,Best Makeup 🤣,"Oct 2, 2025",29,0:00:00
2025-10-28,BV4cpH3lDt0,Best Makeup 🤣,"Oct 2, 2025",29,0:00:00
2025-10-29,BV4cpH3lDt0,Best Makeup 🤣,"Oct 2, 2025",29,0:00:00
2025-10-30,BV4cpH3lDt0,Best Makeup 🤣,"Oct 2, 2025",29,0:00:00
2025-10-31,BV4cpH3lDt0,Best Makeup 🤣,"Oct 2, 2025",29,0:00:00
2025-11-01,BV4cpH3lDt0,Best Makeup 🤣,"Oct 2, 2025",29,0:00:00
2025-11-02,BV4cpH3lDt0,Best Makeup 🤣,"Oct 2, 2025",29,0:00:00
2025-11-03,BV4cpH3lDt0,Best Makeup 🤣,"Oct 2, 2025",29,0:00:00
2025-11-04,BV4cpH3lDt0,Best Makeup 🤣,"Oct 2, 2025",29,0:00:00
2025-11-05,BV4cpH3lDt0,Best Makeup 🤣,"Oct 2, 2025",29,0:00:00
2025-11-06,BV4cpH3lDt0,Best Makeup 🤣,"Oct 2, 2025",29,0:00:00
2025-11-07,BV4cpH3lDt0,Best Makeup 🤣,"Oct 2, 2025",29,0:00:00
2025-11-08,BV4cpH3lDt0,Best Makeup 🤣,"Oct 2, 2025",29,0:00:00
2025-11-09,BV4cpH3lDt0,Best Makeup 🤣,"Oct 2, 2025",29,0:00:00
2025-11-10,BV4cpH3lDt0,Best Makeup 🤣,"Oct 2, 2025",29,0:00:00
2025-11-11,BV4cpH3lDt0,Best Makeup 🤣,"Oct 2, 2025",29,0:00:00
2025-11-12,BV4cpH3lDt0,Best Makeup 🤣,"Oct 2, 2025",29,0:00:00
2025-11-13,BV4cpH3lDt0,Best Makeup 🤣,"Oct 2, 2025",29,0:00:00
2025-11-14,BV4cpH3lDt0,Best Makeup 🤣,"Oct 2, 2025",29,0:00:00
2025-11-15,BV4cpH3lDt0,Best Makeup 🤣,"Oct 2, 2025",29,0:00:00
2025-11-16,BV4cpH3lDt0,Best Makeup 🤣,"Oct 2, 2025",29,0:00:00
2025-11-17,BV4cpH3lDt0,Best Makeup 🤣,"Oct 2, 2025",29,0:00:00
2025-11-18,BV4cpH3lDt0,Best Makeup 🤣,"Oct 2, 2025",29,0:00:00
2025-11-19,BV4cpH3lDt0,Best Makeup 🤣,"Oct 2, 2025",29,0:00:00
2025-11-20,BV4cpH3lDt0,Best Makeup 🤣,"Oct 2, 2025",29,0:00:00
2025-11-21,BV4cpH3lDt0,Best Makeup 🤣,"Oct 2, 2025",29,0:00:00
2025-11-22,BV4cpH3lDt0,Best Makeup 🤣,"Oct 2, 2025",29,0:00:00
2025-11-23,BV4cpH3lDt0,Best Makeup 🤣,"Oct 2, 2025",29,0:00:00
2025-11-24,BV4cpH3lDt0,Best Makeup 🤣,"Oct 2, 2025",29,0:00:00
2025-11-25,BV4cpH3lDt0,Best Makeup 🤣,"Oct 2, 2025",29,0:00:00
2025-11-26,BV4cpH3lDt0,Best Makeup 🤣,"Oct 2, 2025",29,0:00:00
2025-11-27,BV4cpH3lDt0,Best Makeup 🤣,"Oct 2, 2025",29,0:00:00
2025-11-28,BV4cpH3lDt0,Best Makeup 🤣,"Oct 2, 2025",29,0:00:00
2025-11-29,BV4cpH3lDt0,Best Makeup 🤣,"Oct 2, 2025",29,0:00:00
2025-11-30,BV4cpH3lDt0,Best Makeup 🤣,"Oct 2, 2025",29,0:00:00
2025-12-01,BV4cpH3lDt0,Best Makeup 🤣,"Oct 2, 2025",29,0:00:00
2025-12-02,BV4cpH3lDt0,Best Makeup 🤣,"Oct 2, 2025",29,0:00:00
2025-12-03,BV4cpH3lDt0,Best Makeup 🤣,"Oct 2, 2025",29,0:00:00
2025-12-04,BV4cpH3lDt0,Best Makeup 🤣,"Oct 2, 2025",29,0:00:00
2025-12-05,BV4cpH3lDt0,Best Makeup 🤣,"Oct 2, 2025",29,0:00:00
2025-12-06,BV4cpH3lDt0,Best Makeup 🤣,"Oct 2, 2025",29,0:00:00
2025-12-07,BV4cpH3lDt0,Best Makeup 🤣,"Oct 2, 2025",29,0:00:00
2025-12-08,BV4cpH3lDt0,Best Makeup 🤣,"Oct 2, 2025",29,0:00:00
2025-12-09,BV4cpH3lDt0,Best Makeup 🤣,"Oct 2, 2025",29,0:00:00
2025-12-10,BV4cpH3lDt0,Best Makeup 🤣,"Oct 2, 2025",29,0:00:00
2025-12-11,BV4cpH3lDt0,Best Makeup 🤣,"Oct 2, 2025",29,0:00:00
2025-12-12,BV4cpH3lDt0,Best Makeup 🤣,"Oct 2, 2025",29,0:00:00
2025-12-13,BV4cpH3lDt0,Best Makeup 🤣,"Oct 2, 2025",29,0:00:00
2025-12-14,BV4cpH3lDt0,Best Makeup 🤣,"Oct 2, 2025",29,0:00:00
2025-12-15,BV4cpH3lDt0,Best Makeup 🤣,"Oct 2, 2025",29,0:00:00
2025-12-16,BV4cpH3lDt0,Best Makeup 🤣,"Oct 2, 2025",29,0:00:00
2025-12-17,BV4cpH3lDt0,Best Makeup 🤣,"Oct 2, 2025",29,0:00:00
2025-12-18,BV4cpH3lDt0,Best Makeup 🤣,"Oct 2, 2025",29,0:00:00
2025-12-19,BV4cpH3lDt0,Best Makeup 🤣,"Oct 2, 2025",29,0:00:00
2025-12-20,BV4cpH3lDt0,Best Makeup 🤣,"Oct 2, 2025",29,0:00:00
2025-12-21,BV4cpH3lDt0,Best Makeup 🤣,"Oct 2, 2025",29,0:00:00
2025-12-22,BV4cpH3lDt0,Best Makeup 🤣,"Oct 2, 2025",29,0:00:00
2025-12-23,BV4cpH3lDt0,Best Makeup 🤣,"Oct 2, 2025",29,0:00:00
2025-12-24,BV4cpH3lDt0,Best Makeup 🤣,"Oct 2, 2025",29,0:00:00
2025-12-25,BV4cpH3lDt0,Best Makeup 🤣,"Oct 2, 2025",29,0:00:00
2025-12-26,BV4cpH3lDt0,Best Makeup 🤣,"Oct 2, 2025",29,0:00:00
2025-12-27,BV4cpH3lDt0,Best Makeup 🤣,"Oct 2, 2025",29,0:00:00
2025-12-28,BV4cpH3lDt0,Best Makeup 🤣,"Oct 2, 2025",29,0:00:00
2025-12-29,BV4cpH3lDt0,Best Makeup 🤣,"Oct 2, 2025",29,0:00:00
2025-12-30,BV4cpH3lDt0,Best Makeup 🤣,"Oct 2, 2025",29,0:00:00
2025-12-31,BV4cpH3lDt0,Best Makeup 🤣,"Oct 2, 2025",29,0:00:00
2026-01-01,BV4cpH3lDt0,Best Makeup 🤣,"Oct 2, 2025",29,0:00:00
2026-01-02,BV4cpH3lDt0,Best Makeup 🤣,"Oct 2, 2025",29,0:00:00
2026-01-03,BV4cpH3lDt0,Best Makeup 🤣,"Oct 2, 2025",29,0:00:00
2026-01-04,BV4cpH3lDt0,Best Makeup 🤣,"Oct 2, 2025",29,0:00:00
2026-01-05,BV4cpH3lDt0,Best Makeup 🤣,"Oct 2, 2025",29,0:00:00
2026-01-06,BV4cpH3lDt0,Best Makeup 🤣,"Oct 2, 2025",29,0:00:00
2026-01-07,BV4cpH3lDt0,Best Makeup 🤣,"Oct 2, 2025",29,0:00:00
2026-01-08,BV4cpH3lDt0,Best Makeup 🤣,"Oct 2, 2025",29,0:00:00
2026-01-09,BV4cpH3lDt0,Best Makeup 🤣,"Oct 2, 2025",29,0:00:00
2026-01-10,BV4cpH3lDt0,Best Makeup 🤣,"Oct 2, 2025",29,0:00:00
2026-01-11,BV4cpH3lDt0,Best Makeup 🤣,"Oct 2, 2025",29,0:00:00
2026-01-12,BV4cpH3lDt0,Best Makeup 🤣,"Oct 2, 2025",29,0:00:00
2026-01-13,BV4cpH3lDt0,Best Makeup 🤣,"Oct 2, 2025",29,0:00:00
2026-01-14,BV4cpH3lDt0,Best Makeup 🤣,"Oct 2, 2025",29,0:00:00
2026-01-15,BV4cpH3lDt0,Best Makeup 🤣,"Oct 2, 2025",29,0:00:00
2026-01-16,BV4cpH3lDt0,Best Makeup 🤣,"Oct 2, 2025",29,0:00:00
2026-01-17,BV4cpH3lDt0,Best Makeup 🤣,"Oct 2, 2025",29,0:00:00
2026-01-18,BV4cpH3lDt0,Best Makeup 🤣,"Oct 2, 2025",29,0:00:00
2026-01-19,BV4cpH3lDt0,Best Makeup 🤣,"Oct 2, 2025",29,0:00:00
2026-01-20,BV4cpH3lDt0,Best Makeup 🤣,"Oct 2, 2025",29,0:00:00
2026-01-21,BV4cpH3lDt0,Best Makeup 🤣,"Oct 2, 2025",29,0:00:00
2026-01-22,BV4cpH3lDt0,Best Makeup 🤣,"Oct 2, 2025",29,0:00:00
2026-01-23,BV4cpH3lDt0,Best Makeup 🤣,"Oct 2, 2025",29,0:00:00
2026-01-24,BV4cpH3lDt0,Best Makeup 🤣,"Oct 2, 2025",29,0:00:00
2026-01-25,BV4cpH3lDt0,Best Makeup 🤣,"Oct 2, 2025",29,0:00:00
2026-01-26,BV4cpH3lDt0,Best Makeup 🤣,"Oct 2, 2025",29,0:00:00
2026-01-27,BV4cpH3lDt0,Best Makeup 🤣,"Oct 2, 2025",29,0:00:00
2026-01-28,BV4cpH3lDt0,Best Makeup 🤣,"Oct 2, 2025",29,0:00:00
2026-01-29,BV4cpH3lDt0,Best Makeup 🤣,"Oct 2, 2025",29,0:00:00
2026-01-30,BV4cpH3lDt0,Best Makeup 🤣,"Oct 2, 2025",29,0:00:00
2026-01-31,BV4cpH3lDt0,Best Makeup 🤣,"Oct 2, 2025",29,0:00:00
2026-02-01,BV4cpH3lDt0,Best Makeup 🤣,"Oct 2, 2025",29,0:00:00
2026-02-02,BV4cpH3lDt0,Best Makeup 🤣,"Oct 2, 2025",29,0:00:00
2026-02-03,BV4cpH3lDt0,Best Makeup 🤣,"Oct 2, 2025",29,0:00:00
2026-02-04,BV4cpH3lDt0,Best Makeup 🤣,"Oct 2, 2025",29,0:00:00
2026-02-05,BV4cpH3lDt0,Best Makeup 🤣,"Oct 2, 2025",29,0:00:00
2026-02-06,BV4cpH3lDt0,Best Makeup 🤣,"Oct 2, 2025",29,0:00:00
2026-02-07,BV4cpH3lDt0,Best Makeup 🤣,"Oct 2, 2025",29,0:00:00
2026-02-08,BV4cpH3lDt0,Best Makeup 🤣,"Oct 2, 2025",29,0:00:00
2026-02-09,BV4cpH3lDt0,Best Makeup 🤣,"Oct 2, 2025",29,0:00:00
2026-02-10,BV4cpH3lDt0,Best Makeup 🤣,"Oct 2, 2025",29,0:00:00
2026-02-11,BV4cpH3lDt0,Best Makeup 🤣,"Oct 2, 2025",29,0:00:00
2026-02-12,BV4cpH3lDt0,Best Makeup 🤣,"Oct 2, 2025",29,0:00:00
2026-02-13,BV4cpH3lDt0,Best Makeup 🤣,"Oct 2, 2025",29,0:00:00
2026-02-14,BV4cpH3lDt0,Best Makeup 🤣,"Oct 2, 2025",29,0:00:00
2026-02-15,BV4cpH3lDt0,Best Makeup 🤣,"Oct 2, 2025",29,0:00:00
2026-02-16,BV4cpH3lDt0,Best Makeup 🤣,"Oct 2, 2025",29,0:00:00
2026-02-17,BV4cpH3lDt0,Best Makeup 🤣,"Oct 2, 2025",29,0:00:00
2026-02-18,BV4cpH3lDt0,Best Makeup 🤣,"Oct 2, 2025",29,0:00:00
2026-02-19,BV4cpH3lDt0,Best Makeup 🤣,"Oct 2, 2025",29,0:00:00
2026-02-20,BV4cpH3lDt0,Best Makeup 🤣,"Oct 2, 2025",29,0:00:00
2026-02-21,BV4cpH3lDt0,Best Makeup 🤣,"Oct 2, 2025",29,0:00:00
2026-02-22,BV4cpH3lDt0,Best Makeup 🤣,"Oct 2, 2025",29,0:00:00
2026-02-23,BV4cpH3lDt0,Best Makeup 🤣,"Oct 2, 2025",29,0:00:00
2026-02-24,BV4cpH3lDt0,Best Makeup 🤣,"Oct 2, 2025",29,0:00:00
2026-02-25,BV4cpH3lDt0,Best Makeup 🤣,"Oct 2, 2025",29,0:00:00
2026-02-26,BV4cpH3lDt0,Best Makeup 🤣,"Oct 2, 2025",29,0:00:00
2026-02-27,BV4cpH3lDt0,Best Makeup 🤣,"Oct 2, 2025",29,0:00:00
2026-02-28,BV4cpH3lDt0,Best Makeup 🤣,"Oct 2, 2025",29,0:00:00
2026-03-01,BV4cpH3lDt0,Best Makeup 🤣,"Oct 2, 2025",29,0:00:00
2026-03-02,BV4cpH3lDt0,Best Makeup 🤣,"Oct 2, 2025",29,0:00:00
2026-03-03,BV4cpH3lDt0,Best Makeup 🤣,"Oct 2, 2025",29,0:00:00
2026-03-04,BV4cpH3lDt0,Best Makeup 🤣,"Oct 2, 2025",29,0:00:00
2026-03-05,BV4cpH3lDt0,Best Makeup 🤣,"Oct 2, 2025",29,0:00:00
2026-03-06,BV4cpH3lDt0,Best Makeup 🤣,"Oct 2, 2025",29,0:00:00
2026-03-07,BV4cpH3lDt0,Best Makeup 🤣,"Oct 2, 2025",29,0:00:00
2026-03-08,BV4cpH3lDt0,Best Makeup 🤣,"Oct 2, 2025",29,0:00:00
2026-03-09,BV4cpH3lDt0,Best Makeup 🤣,"Oct 2, 2025",29,0:00:00
2026-03-10,BV4cpH3lDt0,Best Makeup 🤣,"Oct 2, 2025",29,0:00:00
2026-03-11,BV4cpH3lDt0,Best Makeup 🤣,"Oct 2, 2025",29,0:00:00
2026-03-12,BV4cpH3lDt0,Best Makeup 🤣,"Oct 2, 2025",29,0:00:00
2026-03-13,BV4cpH3lDt0,Best Makeup 🤣,"Oct 2, 2025",29,0:00:00
2026-03-14,BV4cpH3lDt0,Best Makeup 🤣,"Oct 2, 2025",29,0:00:00
2026-03-15,BV4cpH3lDt0,Best Makeup 🤣,"Oct 2, 2025",29,0:00:00
2026-03-16,BV4cpH3lDt0,Best Makeup 🤣,"Oct 2, 2025",29,0:00:00
2026-03-17,BV4cpH3lDt0,Best Makeup 🤣,"Oct 2, 2025",29,0:00:00
2026-03-18,BV4cpH3lDt0,Best Makeup 🤣,"Oct 2, 2025",29,0:00:00
2026-03-19,BV4cpH3lDt0,Best Makeup 🤣,"Oct 2, 2025",29,0:00:00
2026-03-20,BV4cpH3lDt0,Best Makeup 🤣,"Oct 2, 2025",29,0:00:00
2026-03-21,BV4cpH3lDt0,Best Makeup 🤣,"Oct 2, 2025",29,0:00:00
2026-03-22,BV4cpH3lDt0,Best Makeup 🤣,"Oct 2, 2025",29,0:00:00
2026-03-23,BV4cpH3lDt0,Best Makeup 🤣,"Oct 2, 2025",29,0:00:00
2026-03-24,BV4cpH3lDt0,Best Makeup 🤣,"Oct 2, 2025",29,0:00:00
2026-03-25,BV4cpH3lDt0,Best Makeup 🤣,"Oct 2, 2025",29,0:00:00
2026-03-26,BV4cpH3lDt0,Best Makeup 🤣,"Oct 2, 2025",29,0:00:00
2026-03-27,BV4cpH3lDt0,Best Makeup 🤣,"Oct 2, 2025",29,0:00:00
2026-03-28,BV4cpH3lDt0,Best Makeup 🤣,"Oct 2, 2025",29,0:00:00
2026-03-29,BV4cpH3lDt0,Best Makeup 🤣,"Oct 2, 2025",29,0:00:00
2026-03-30,BV4cpH3lDt0,Best Makeup 🤣,"Oct 2, 2025",29,0:00:00
2026-03-31,BV4cpH3lDt0,Best Makeup 🤣,"Oct 2, 2025",29,0:00:00
2026-04-01,BV4cpH3lDt0,Best Makeup 🤣,"Oct 2, 2025",29,0:00:00
2026-04-02,BV4cpH3lDt0,Best Makeup 🤣,"Oct 2, 2025",29,0:00:00
2026-04-03,BV4cpH3lDt0,Best Makeup 🤣,"Oct 2, 2025",29,0:00:00
2026-04-04,BV4cpH3lDt0,Best Makeup 🤣,"Oct 2, 2025",29,0:00:00
2026-04-05,BV4cpH3lDt0,Best Makeup 🤣,"Oct 2, 2025",29,0:00:00
2026-04-06,BV4cpH3lDt0,Best Makeup 🤣,"Oct 2, 2025",29,0:00:00
2026-04-07,BV4cpH3lDt0,Best Makeup 🤣,"Oct 2, 2025",29,0:00:00
2026-04-08,BV4cpH3lDt0,Best Makeup 🤣,"Oct 2, 2025",29,0:00:00
2026-04-09,BV4cpH3lDt0,Best Makeup 🤣,"Oct 2, 2025",29,0:00:00
2026-04-10,BV4cpH3lDt0,Best Makeup 🤣,"Oct 2, 2025",29,0:00:00
2026-04-11,BV4cpH3lDt0,Best Makeup 🤣,"Oct 2, 2025",29,0:00:00
2026-04-12,BV4cpH3lDt0,Best Makeup 🤣,"Oct 2, 2025",29,0:00:00
2026-04-13,BV4cpH3lDt0,Best Makeup 🤣,"Oct 2, 2025",29,0:00:00
2026-04-14,BV4cpH3lDt0,Best Makeup 🤣,"Oct 2, 2025",29,0:00:00
2026-04-15,BV4cpH3lDt0,Best Makeup 🤣,"Oct 2, 2025",29,0:00:00
2026-04-16,BV4cpH3lDt0,Best Makeup 🤣,"Oct 2, 2025",29,0:00:00
2026-04-17,BV4cpH3lDt0,Best Makeup 🤣,"Oct 2, 2025",29,0:00:00
2026-04-18,BV4cpH3lDt0,Best Makeup 🤣,"Oct 2, 2025",29,0:00:00
2026-04-19,BV4cpH3lDt0,Best Makeup 🤣,"Oct 2, 2025",29,0:00:00
2026-04-20,BV4cpH3lDt0,Best Makeup 🤣,"Oct 2, 2025",29,0:00:00
2026-04-21,BV4cpH3lDt0,Best Makeup 🤣,"Oct 2, 2025",29,0:00:00
2026-04-22,BV4cpH3lDt0,Best Makeup 🤣,"Oct 2, 2025",29,0:00:00
2026-04-23,BV4cpH3lDt0,Best Makeup 🤣,"Oct 2, 2025",29,0:00:00
2026-04-24,BV4cpH3lDt0,Best Makeup 🤣,"Oct 2, 2025",29,0:00:00
2026-04-25,BV4cpH3lDt0,Best Makeup 🤣,"Oct 2, 2025",29,0:00:00
2026-04-26,BV4cpH3lDt0,Best Makeup 🤣,"Oct 2, 2025",29,0:00:00
2026-04-27,BV4cpH3lDt0,Best Makeup 🤣,"Oct 2, 2025",29,0:00:00
2026-04-28,BV4cpH3lDt0,Best Makeup 🤣,"Oct 2, 2025",29,0:00:00
2026-04-29,BV4cpH3lDt0,Best Makeup 🤣,"Oct 2, 2025",29,0:00:00
2026-04-30,BV4cpH3lDt0,Best Makeup 🤣,"Oct 2, 2025",29,0:00:00
2026-05-01,BV4cpH3lDt0,Best Makeup 🤣,"Oct 2, 2025",29,0:00:00
2026-05-02,BV4cpH3lDt0,Best Makeup 🤣,"Oct 2, 2025",29,0:00:00
2026-05-03,BV4cpH3lDt0,Best Makeup 🤣,"Oct 2, 2025",29,0:00:00
2026-05-04,BV4cpH3lDt0,Best Makeup 🤣,"Oct 2, 2025",29,0:00:00
2026-05-05,BV4cpH3lDt0,Best Makeup 🤣,"Oct 2, 2025",29,0:00:00
2026-05-06,BV4cpH3lDt0,Best Makeup 🤣,"Oct 2, 2025",29,0:00:00
2026-05-07,BV4cpH3lDt0,Best Makeup 🤣,"Oct 2, 2025",29,0:00:00
2026-05-08,BV4cpH3lDt0,Best Makeup 🤣,"Oct 2, 2025",29,0:00:00
2026-05-09,BV4cpH3lDt0,Best Makeup 🤣,"Oct 2, 2025",29,0:00:00
2026-05-10,BV4cpH3lDt0,Best Makeup 🤣,"Oct 2, 2025",29,0:00:00
2026-05-11,BV4cpH3lDt0,Best Makeup 🤣,"Oct 2, 2025",29,0:00:00
2026-05-12,BV4cpH3lDt0,Best Makeup 🤣,"Oct 2, 2025",29,0:00:00
2026-05-13,BV4cpH3lDt0,Best Makeup 🤣,"Oct 2, 2025",29,0:00:00
2026-05-14,BV4cpH3lDt0,Best Makeup 🤣,"Oct 2, 2025",29,0:00:00
2026-05-15,BV4cpH3lDt0,Best Makeup 🤣,"Oct 2, 2025",29,0:00:00
2026-05-16,BV4cpH3lDt0,Best Makeup 🤣,"Oct 2, 2025",29,0:00:00
2026-05-17,BV4cpH3lDt0,Best Makeup 🤣,"Oct 2, 2025",29,0:00:00
2026-05-18,BV4cpH3lDt0,Best Makeup 🤣,"Oct 2, 2025",29,0:00:00
2026-05-19,BV4cpH3lDt0,Best Makeup 🤣,"Oct 2, 2025",29,0:00:00
2026-05-20,BV4cpH3lDt0,Best Makeup 🤣,"Oct 2, 2025",29,0:00:00
2026-05-21,BV4cpH3lDt0,Best Makeup 🤣,"Oct 2, 2025",29,0:00:00
2026-05-22,BV4cpH3lDt0,Best Makeup 🤣,"Oct 2, 2025",29,0:00:00
2026-05-23,BV4cpH3lDt0,Best Makeup 🤣,"Oct 2, 2025",29,0:00:00
2026-05-24,BV4cpH3lDt0,Best Makeup 🤣,"Oct 2, 2025",29,0:00:00
2026-05-25,BV4cpH3lDt0,Best Makeup 🤣,"Oct 2, 2025",29,0:00:00
2026-05-26,BV4cpH3lDt0,Best Makeup 🤣,"Oct 2, 2025",29,0:00:00
2026-05-27,BV4cpH3lDt0,Best Makeup 🤣,"Oct 2, 2025",29,0:00:00
2026-05-28,BV4cpH3lDt0,Best Makeup 🤣,"Oct 2, 2025",29,0:00:00
2026-05-29,BV4cpH3lDt0,Best Makeup 🤣,"Oct 2, 2025",29,0:00:00
2026-05-30,BV4cpH3lDt0,Best Makeup 🤣,"Oct 2, 2025",29,0:00:00
2026-05-31,BV4cpH3lDt0,Best Makeup 🤣,"Oct 2, 2025",29,0:00:00
2026-06-01,BV4cpH3lDt0,Best Makeup 🤣,"Oct 2, 2025",29,0:00:00
2026-06-02,BV4cpH3lDt0,Best Makeup 🤣,"Oct 2, 2025",29,0:00:00
2026-06-03,BV4cpH3lDt0,Best Makeup 🤣,"Oct 2, 2025",29,0:00:00
2026-06-04,BV4cpH3lDt0,Best Makeup 🤣,"Oct 2, 2025",29,0:00:00
2026-06-05,BV4cpH3lDt0,Best Makeup 🤣,"Oct 2, 2025",29,0:00:00
2026-06-06,BV4cpH3lDt0,Best Makeup 🤣,"Oct 2, 2025",29,0:00:00
2026-06-07,BV4cpH3lDt0,Best Makeup 🤣,"Oct 2, 2025",29,0:00:00
2026-06-08,BV4cpH3lDt0,Best Makeup 🤣,"Oct 2, 2025",29,0:00:00
2026-06-09,BV4cpH3lDt0,Best Makeup 🤣,"Oct 2, 2025",29,0:00:00
2026-06-10,BV4cpH3lDt0,Best Makeup 🤣,"Oct 2, 2025",29,0:00:00
2026-06-11,BV4cpH3lDt0,Best Makeup 🤣,"Oct 2, 2025",29,0:00:00
2026-06-12,BV4cpH3lDt0,Best Makeup 🤣,"Oct 2, 2025",29,0:00:00
2026-06-13,BV4cpH3lDt0,Best Makeup 🤣,"Oct 2, 2025",29,0:00:00
2026-06-14,BV4cpH3lDt0,Best Makeup 🤣,"Oct 2, 2025",29,0:00:00
2026-06-15,BV4cpH3lDt0,Best Makeup 🤣,"Oct 2, 2025",29,0:00:00
2026-06-16,BV4cpH3lDt0,Best Makeup 🤣,"Oct 2, 2025",29,0:00:00
2026-06-17,BV4cpH3lDt0,Best Makeup 🤣,"Oct 2, 2025",29,0:00:00
2026-06-18,BV4cpH3lDt0,Best Makeup 🤣,"Oct 2, 2025",29,0:00:00
2026-06-19,BV4cpH3lDt0,Best Makeup 🤣,"Oct 2, 2025",29,0:00:00
2026-06-20,BV4cpH3lDt0,Best Makeup 🤣,"Oct 2, 2025",29,0:00:00
2026-06-21,BV4cpH3lDt0,Best Makeup 🤣,"Oct 2, 2025",29,0:00:00
2026-06-22,BV4cpH3lDt0,Best Makeup 🤣,"Oct 2, 2025",29,0:00:00
2026-06-23,BV4cpH3lDt0,Best Makeup 🤣,"Oct 2, 2025",29,0:00:00
2026-06-24,BV4cpH3lDt0,Best Makeup 🤣,"Oct 2, 2025",29,0:00:00
2023-06-24,QaXodascN24,sorry BTS army 😂 #shorts,"Aug 16, 2024",15,0:00:00
2023-06-25,QaXodascN24,sorry BTS army 😂 #shorts,"Aug 16, 2024",15,0:00:00
2023-06-26,QaXodascN24,sorry BTS army 😂 #shorts,"Aug 16, 2024",15,0:00:00
2023-06-27,QaXodascN24,sorry BTS army 😂 #shorts,"Aug 16, 2024",15,0:00:00
2023-06-28,QaXodascN24,sorry BTS army 😂 #shorts,"Aug 16, 2024",15,0:00:00
2023-06-29,QaXodascN24,sorry BTS army 😂 #shorts,"Aug 16, 2024",15,0:00:00
2023-06-30,QaXodascN24,sorry BTS army 😂 #shorts,"Aug 16, 2024",15,0:00:00
2023-07-01,QaXodascN24,sorry BTS army 😂 #shorts,"Aug 16, 2024",15,0:00:00
2023-07-02,QaXodascN24,sorry BTS army 😂 #shorts,"Aug 16, 2024",15,0:00:00
2023-07-03,QaXodascN24,sorry BTS army 😂 #shorts,"Aug 16, 2024",15,0:00:00
2023-07-04,QaXodascN24,sorry BTS army 😂 #shorts,"Aug 16, 2024",15,0:00:00
2023-07-05,QaXodascN24,sorry BTS army 😂 #shorts,"Aug 16, 2024",15,0:00:00
2023-07-06,QaXodascN24,sorry BTS army 😂 #shorts,"Aug 16, 2024",15,0:00:00
2023-07-07,QaXodascN24,sorry BTS army 😂 #shorts,"Aug 16, 2024",15,0:00:00
2023-07-08,QaXodascN24,sorry BTS army 😂 #shorts,"Aug 16, 2024",15,0:00:00
2023-07-09,QaXodascN24,sorry BTS army 😂 #shorts,"Aug 16, 2024",15,0:00:00
2023-07-10,QaXodascN24,sorry BTS army 😂 #shorts,"Aug 16, 2024",15,0:00:00
2023-07-11,QaXodascN24,sorry BTS army 😂 #shorts,"Aug 16, 2024",15,0:00:00
2023-07-12,QaXodascN24,sorry BTS army 😂 #shorts,"Aug 16, 2024",15,0:00:00
2023-07-13,QaXodascN24,sorry BTS army 😂 #shorts,"Aug 16, 2024",15,0:00:00
2023-07-14,QaXodascN24,sorry BTS army 😂 #shorts,"Aug 16, 2024",15,0:00:00
2023-07-15,QaXodascN24,sorry BTS army 😂 #shorts,"Aug 16, 2024",15,0:00:00
2023-07-16,QaXodascN24,sorry BTS army 😂 #shorts,"Aug 16, 2024",15,0:00:00
2023-07-17,QaXodascN24,sorry BTS army 😂 #shorts,"Aug 16, 2024",15,0:00:00
2023-07-18,QaXodascN24,sorry BTS army 😂 #shorts,"Aug 16, 2024",15,0:00:00
2023-07-19,QaXodascN24,sorry BTS army 😂 #shorts,"Aug 16, 2024",15,0:00:00
2023-07-20,QaXodascN24,sorry BTS army 😂 #shorts,"Aug 16, 2024",15,0:00:00
2023-07-21,QaXodascN24,sorry BTS army 😂 #shorts,"Aug 16, 2024",15,0:00:00
2023-07-22,QaXodascN24,sorry BTS army 😂 #shorts,"Aug 16, 2024",15,0:00:00
2023-07-23,QaXodascN24,sorry BTS army 😂 #shorts,"Aug 16, 2024",15,0:00:00
2023-07-24,QaXodascN24,sorry BTS army 😂 #shorts,"Aug 16, 2024",15,0:00:00
2023-07-25,QaXodascN24,sorry BTS army 😂 #shorts,"Aug 16, 2024",15,0:00:00
2023-07-26,QaXodascN24,sorry BTS army 😂 #shorts,"Aug 16, 2024",15,0:00:00
2023-07-27,QaXodascN24,sorry BTS army 😂 #shorts,"Aug 16, 2024",15,0:00:00
2023-07-28,QaXodascN24,sorry BTS army 😂 #shorts,"Aug 16, 2024",15,0:00:00
2023-07-29,QaXodascN24,sorry BTS army 😂 #shorts,"Aug 16, 2024",15,0:00:00
2023-07-30,QaXodascN24,sorry BTS army 😂 #shorts,"Aug 16, 2024",15,0:00:00
2023-07-31,QaXodascN24,sorry BTS army 😂 #shorts,"Aug 16, 2024",15,0:00:00
2023-08-01,QaXodascN24,sorry BTS army 😂 #shorts,"Aug 16, 2024",15,0:00:00
2023-08-02,QaXodascN24,sorry BTS army 😂 #shorts,"Aug 16, 2024",15,0:00:00
2023-08-03,QaXodascN24,sorry BTS army 😂 #shorts,"Aug 16, 2024",15,0:00:00
2023-08-04,QaXodascN24,sorry BTS army 😂 #shorts,"Aug 16, 2024",15,0:00:00
2023-08-05,QaXodascN24,sorry BTS army 😂 #shorts,"Aug 16, 2024",15,0:00:00
2023-08-06,QaXodascN24,sorry BTS army 😂 #shorts,"Aug 16, 2024",15,0:00:00
2023-08-07,QaXodascN24,sorry BTS army 😂 #shorts,"Aug 16, 2024",15,0:00:00
2023-08-08,QaXodascN24,sorry BTS army 😂 #shorts,"Aug 16, 2024",15,0:00:00
2023-08-09,QaXodascN24,sorry BTS army 😂 #shorts,"Aug 16, 2024",15,0:00:00
2023-08-10,QaXodascN24,sorry BTS army 😂 #shorts,"Aug 16, 2024",15,0:00:00
2023-08-11,QaXodascN24,sorry BTS army 😂 #shorts,"Aug 16, 2024",15,0:00:00
2023-08-12,QaXodascN24,sorry BTS army 😂 #shorts,"Aug 16, 2024",15,0:00:00
2023-08-13,QaXodascN24,sorry BTS army 😂 #shorts,"Aug 16, 2024",15,0:00:00
2023-08-14,QaXodascN24,sorry BTS army 😂 #shorts,"Aug 16, 2024",15,0:00:00
2023-08-15,QaXodascN24,sorry BTS army 😂 #shorts,"Aug 16, 2024",15,0:00:00
2023-08-16,QaXodascN24,sorry BTS army 😂 #shorts,"Aug 16, 2024",15,0:00:00
2023-08-17,QaXodascN24,sorry BTS army 😂 #shorts,"Aug 16, 2024",15,0:00:00
2023-08-18,QaXodascN24,sorry BTS army 😂 #shorts,"Aug 16, 2024",15,0:00:00
2023-08-19,QaXodascN24,sorry BTS army 😂 #shorts,"Aug 16, 2024",15,0:00:00
2023-08-20,QaXodascN24,sorry BTS army 😂 #shorts,"Aug 16, 2024",15,0:00:00
2023-08-21,QaXodascN24,sorry BTS army 😂 #shorts,"Aug 16, 2024",15,0:00:00
2023-08-22,QaXodascN24,sorry BTS army 😂 #shorts,"Aug 16, 2024",15,0:00:00
2023-08-23,QaXodascN24,sorry BTS army 😂 #shorts,"Aug 16, 2024",15,0:00:00
2023-08-24,QaXodascN24,sorry BTS army 😂 #shorts,"Aug 16, 2024",15,0:00:00
2023-08-25,QaXodascN24,sorry BTS army 😂 #shorts,"Aug 16, 2024",15,0:00:00
2023-08-26,QaXodascN24,sorry BTS army 😂 #shorts,"Aug 16, 2024",15,0:00:00
2023-08-27,QaXodascN24,sorry BTS army 😂 #shorts,"Aug 16, 2024",15,0:00:00
2023-08-28,QaXodascN24,sorry BTS army 😂 #shorts,"Aug 16, 2024",15,0:00:00
2023-08-29,QaXodascN24,sorry BTS army 😂 #shorts,"Aug 16, 2024",15,0:00:00
2023-08-30,QaXodascN24,sorry BTS army 😂 #shorts,"Aug 16, 2024",15,0:00:00
2023-08-31,QaXodascN24,sorry BTS army 😂 #shorts,"Aug 16, 2024",15,0:00:00
2023-09-01,QaXodascN24,sorry BTS army 😂 #shorts,"Aug 16, 2024",15,0:00:00
2023-09-02,QaXodascN24,sorry BTS army 😂 #shorts,"Aug 16, 2024",15,0:00:00
2023-09-03,QaXodascN24,sorry BTS army 😂 #shorts,"Aug 16, 2024",15,0:00:00
2023-09-04,QaXodascN24,sorry BTS army 😂 #shorts,"Aug 16, 2024",15,0:00:00
2023-09-05,QaXodascN24,sorry BTS army 😂 #shorts,"Aug 16, 2024",15,0:00:00
2023-09-06,QaXodascN24,sorry BTS army 😂 #shorts,"Aug 16, 2024",15,0:00:00
2023-09-07,QaXodascN24,sorry BTS army 😂 #shorts,"Aug 16, 2024",15,0:00:00
2023-09-08,QaXodascN24,sorry BTS army 😂 #shorts,"Aug 16, 2024",15,0:00:00
2023-09-09,QaXodascN24,sorry BTS army 😂 #shorts,"Aug 16, 2024",15,0:00:00
2023-09-10,QaXodascN24,sorry BTS army 😂 #shorts,"Aug 16, 2024",15,0:00:00
2023-09-11,QaXodascN24,sorry BTS army 😂 #shorts,"Aug 16, 2024",15,0:00:00
2023-09-12,QaXodascN24,sorry BTS army 😂 #shorts,"Aug 16, 2024",15,0:00:00
2023-09-13,QaXodascN24,sorry BTS army 😂 #shorts,"Aug 16, 2024",15,0:00:00
2023-09-14,QaXodascN24,sorry BTS army 😂 #shorts,"Aug 16, 2024",15,0:00:00
2023-09-15,QaXodascN24,sorry BTS army 😂 #shorts,"Aug 16, 2024",15,0:00:00
2023-09-16,QaXodascN24,sorry BTS army 😂 #shorts,"Aug 16, 2024",15,0:00:00
2023-09-17,QaXodascN24,sorry BTS army 😂 #shorts,"Aug 16, 2024",15,0:00:00
2023-09-18,QaXodascN24,sorry BTS army 😂 #shorts,"Aug 16, 2024",15,0:00:00
2023-09-19,QaXodascN24,sorry BTS army 😂 #shorts,"Aug 16, 2024",15,0:00:00
2023-09-20,QaXodascN24,sorry BTS army 😂 #shorts,"Aug 16, 2024",15,0:00:00
2023-09-21,QaXodascN24,sorry BTS army 😂 #shorts,"Aug 16, 2024",15,0:00:00
2023-09-22,QaXodascN24,sorry BTS army 😂 #shorts,"Aug 16, 2024",15,0:00:00
2023-09-23,QaXodascN24,sorry BTS army 😂 #shorts,"Aug 16, 2024",15,0:00:00
2023-09-24,QaXodascN24,sorry BTS army 😂 #shorts,"Aug 16, 2024",15,0:00:00
2023-09-25,QaXodascN24,sorry BTS army 😂 #shorts,"Aug 16, 2024",15,0:00:00
2023-09-26,QaXodascN24,sorry BTS army 😂 #shorts,"Aug 16, 2024",15,0:00:00
2023-09-27,QaXodascN24,sorry BTS army 😂 #shorts,"Aug 16, 2024",15,0:00:00
2023-09-28,QaXodascN24,sorry BTS army 😂 #shorts,"Aug 16, 2024",15,0:00:00
2023-09-29,QaXodascN24,sorry BTS army 😂 #shorts,"Aug 16, 2024",15,0:00:00
2023-09-30,QaXodascN24,sorry BTS army 😂 #shorts,"Aug 16, 2024",15,0:00:00
2023-10-01,QaXodascN24,sorry BTS army 😂 #shorts,"Aug 16, 2024",15,0:00:00
2023-10-02,QaXodascN24,sorry BTS army 😂 #shorts,"Aug 16, 2024",15,0:00:00
2023-10-03,QaXodascN24,sorry BTS army 😂 #shorts,"Aug 16, 2024",15,0:00:00
2023-10-04,QaXodascN24,sorry BTS army 😂 #shorts,"Aug 16, 2024",15,0:00:00
2023-10-05,QaXodascN24,sorry BTS army 😂 #shorts,"Aug 16, 2024",15,0:00:00
2023-10-06,QaXodascN24,sorry BTS army 😂 #shorts,"Aug 16, 2024",15,0:00:00
2023-10-07,QaXodascN24,sorry BTS army 😂 #shorts,"Aug 16, 2024",15,0:00:00
2023-10-08,QaXodascN24,sorry BTS army 😂 #shorts,"Aug 16, 2024",15,0:00:00
2023-10-09,QaXodascN24,sorry BTS army 😂 #shorts,"Aug 16, 2024",15,0:00:00
2023-10-10,QaXodascN24,sorry BTS army 😂 #shorts,"Aug 16, 2024",15,0:00:00
2023-10-11,QaXodascN24,sorry BTS army 😂 #shorts,"Aug 16, 2024",15,0:00:00
2023-10-12,QaXodascN24,sorry BTS army 😂 #shorts,"Aug 16, 2024",15,0:00:00
2023-10-13,QaXodascN24,sorry BTS army 😂 #shorts,"Aug 16, 2024",15,0:00:00
2023-10-14,QaXodascN24,sorry BTS army 😂 #shorts,"Aug 16, 2024",15,0:00:00
2023-10-15,QaXodascN24,sorry BTS army 😂 #shorts,"Aug 16, 2024",15,0:00:00
2023-10-16,QaXodascN24,sorry BTS army 😂 #shorts,"Aug 16, 2024",15,0:00:00
2023-10-17,QaXodascN24,sorry BTS army 😂 #shorts,"Aug 16, 2024",15,0:00:00
2023-10-18,QaXodascN24,sorry BTS army 😂 #shorts,"Aug 16, 2024",15,0:00:00
2023-10-19,QaXodascN24,sorry BTS army 😂 #shorts,"Aug 16, 2024",15,0:00:00
2023-10-20,QaXodascN24,sorry BTS army 😂 #shorts,"Aug 16, 2024",15,0:00:00
2023-10-21,QaXodascN24,sorry BTS army 😂 #shorts,"Aug 16, 2024",15,0:00:00
2023-10-22,QaXodascN24,sorry BTS army 😂 #shorts,"Aug 16, 2024",15,0:00:00
2023-10-23,QaXodascN24,sorry BTS army 😂 #shorts,"Aug 16, 2024",15,0:00:00
2023-10-24,QaXodascN24,sorry BTS army 😂 #shorts,"Aug 16, 2024",15,0:00:00
2023-10-25,QaXodascN24,sorry BTS army 😂 #shorts,"Aug 16, 2024",15,0:00:00
2023-10-26,QaXodascN24,sorry BTS army 😂 #shorts,"Aug 16, 2024",15,0:00:00
2023-10-27,QaXodascN24,sorry BTS army 😂 #shorts,"Aug 16, 2024",15,0:00:00
2023-10-28,QaXodascN24,sorry BTS army 😂 #shorts,"Aug 16, 2024",15,0:00:00
2023-10-29,QaXodascN24,sorry BTS army 😂 #shorts,"Aug 16, 2024",15,0:00:00
2023-10-30,QaXodascN24,sorry BTS army 😂 #shorts,"Aug 16, 2024",15,0:00:00
2023-10-31,QaXodascN24,sorry BTS army 😂 #shorts,"Aug 16, 2024",15,0:00:00
2023-11-01,QaXodascN24,sorry BTS army 😂 #shorts,"Aug 16, 2024",15,0:00:00
2023-11-02,QaXodascN24,sorry BTS army 😂 #shorts,"Aug 16, 2024",15,0:00:00
2023-11-03,QaXodascN24,sorry BTS army 😂 #shorts,"Aug 16, 2024",15,0:00:00
2023-11-04,QaXodascN24,sorry BTS army 😂 #shorts,"Aug 16, 2024",15,0:00:00
2023-11-05,QaXodascN24,sorry BTS army 😂 #shorts,"Aug 16, 2024",15,0:00:00
2023-11-06,QaXodascN24,sorry BTS army 😂 #shorts,"Aug 16, 2024",15,0:00:00
2023-11-07,QaXodascN24,sorry BTS army 😂 #shorts,"Aug 16, 2024",15,0:00:00
2023-11-08,QaXodascN24,sorry BTS army 😂 #shorts,"Aug 16, 2024",15,0:00:00
2023-11-09,QaXodascN24,sorry BTS army 😂 #shorts,"Aug 16, 2024",15,0:00:00
2023-11-10,QaXodascN24,sorry BTS army 😂 #shorts,"Aug 16, 2024",15,0:00:00
2023-11-11,QaXodascN24,sorry BTS army 😂 #shorts,"Aug 16, 2024",15,0:00:00
2023-11-12,QaXodascN24,sorry BTS army 😂 #shorts,"Aug 16, 2024",15,0:00:00
2023-11-13,QaXodascN24,sorry BTS army 😂 #shorts,"Aug 16, 2024",15,0:00:00
2023-11-14,QaXodascN24,sorry BTS army 😂 #shorts,"Aug 16, 2024",15,0:00:00
2023-11-15,QaXodascN24,sorry BTS army 😂 #shorts,"Aug 16, 2024",15,0:00:00
2023-11-16,QaXodascN24,sorry BTS army 😂 #shorts,"Aug 16, 2024",15,0:00:00
2023-11-17,QaXodascN24,sorry BTS army 😂 #shorts,"Aug 16, 2024",15,0:00:00
2023-11-18,QaXodascN24,sorry BTS army 😂 #shorts,"Aug 16, 2024",15,0:00:00
2023-11-19,QaXodascN24,sorry BTS army 😂 #shorts,"Aug 16, 2024",15,0:00:00
2023-11-20,QaXodascN24,sorry BTS army 😂 #shorts,"Aug 16, 2024",15,0:00:00
2023-11-21,QaXodascN24,sorry BTS army 😂 #shorts,"Aug 16, 2024",15,0:00:00
2023-11-22,QaXodascN24,sorry BTS army 😂 #shorts,"Aug 16, 2024",15,0:00:00
2023-11-23,QaXodascN24,sorry BTS army 😂 #shorts,"Aug 16, 2024",15,0:00:00
2023-11-24,QaXodascN24,sorry BTS army 😂 #shorts,"Aug 16, 2024",15,0:00:00
2023-11-25,QaXodascN24,sorry BTS army 😂 #shorts,"Aug 16, 2024",15,0:00:00
2023-11-26,QaXodascN24,sorry BTS army 😂 #shorts,"Aug 16, 2024",15,0:00:00
2023-11-27,QaXodascN24,sorry BTS army 😂 #shorts,"Aug 16, 2024",15,0:00:00
2023-11-28,QaXodascN24,sorry BTS army 😂 #shorts,"Aug 16, 2024",15,0:00:00
2023-11-29,QaXodascN24,sorry BTS army 😂 #shorts,"Aug 16, 2024",15,0:00:00
2023-11-30,QaXodascN24,sorry BTS army 😂 #shorts,"Aug 16, 2024",15,0:00:00
2023-12-01,QaXodascN24,sorry BTS army 😂 #shorts,"Aug 16, 2024",15,0:00:00
2023-12-02,QaXodascN24,sorry BTS army 😂 #shorts,"Aug 16, 2024",15,0:00:00
2023-12-03,QaXodascN24,sorry BTS army 😂 #shorts,"Aug 16, 2024",15,0:00:00
2023-12-04,QaXodascN24,sorry BTS army 😂 #shorts,"Aug 16, 2024",15,0:00:00
2023-12-05,QaXodascN24,sorry BTS army 😂 #shorts,"Aug 16, 2024",15,0:00:00
2023-12-06,QaXodascN24,sorry BTS army 😂 #shorts,"Aug 16, 2024",15,0:00:00
2023-12-07,QaXodascN24,sorry BTS army 😂 #shorts,"Aug 16, 2024",15,0:00:00
2023-12-08,QaXodascN24,sorry BTS army 😂 #shorts,"Aug 16, 2024",15,0:00:00
2023-12-09,QaXodascN24,sorry BTS army 😂 #shorts,"Aug 16, 2024",15,0:00:00
2023-12-10,QaXodascN24,sorry BTS army 😂 #shorts,"Aug 16, 2024",15,0:00:00
2023-12-11,QaXodascN24,sorry BTS army 😂 #shorts,"Aug 16, 2024",15,0:00:00
2023-12-12,QaXodascN24,sorry BTS army 😂 #shorts,"Aug 16, 2024",15,0:00:00
2023-12-13,QaXodascN24,sorry BTS army 😂 #shorts,"Aug 16, 2024",15,0:00:00
2023-12-14,QaXodascN24,sorry BTS army 😂 #shorts,"Aug 16, 2024",15,0:00:00
2023-12-15,QaXodascN24,sorry BTS army 😂 #shorts,"Aug 16, 2024",15,0:00:00
2023-12-16,QaXodascN24,sorry BTS army 😂 #shorts,"Aug 16, 2024",15,0:00:00
2023-12-17,QaXodascN24,sorry BTS army 😂 #shorts,"Aug 16, 2024",15,0:00:00
2023-12-18,QaXodascN24,sorry BTS army 😂 #shorts,"Aug 16, 2024",15,0:00:00
2023-12-19,QaXodascN24,sorry BTS army 😂 #shorts,"Aug 16, 2024",15,0:00:00
2023-12-20,QaXodascN24,sorry BTS army 😂 #shorts,"Aug 16, 2024",15,0:00:00
2023-12-21,QaXodascN24,sorry BTS army 😂 #shorts,"Aug 16, 2024",15,0:00:00
2023-12-22,QaXodascN24,sorry BTS army 😂 #shorts,"Aug 16, 2024",15,0:00:00
2023-12-23,QaXodascN24,sorry BTS army 😂 #shorts,"Aug 16, 2024",15,0:00:00
2023-12-24,QaXodascN24,sorry BTS army 😂 #shorts,"Aug 16, 2024",15,0:00:00
2023-12-25,QaXodascN24,sorry BTS army 😂 #shorts,"Aug 16, 2024",15,0:00:00
2023-12-26,QaXodascN24,sorry BTS army 😂 #shorts,"Aug 16, 2024",15,0:00:00
2023-12-27,QaXodascN24,sorry BTS army 😂 #shorts,"Aug 16, 2024",15,0:00:00
2023-12-28,QaXodascN24,sorry BTS army 😂 #shorts,"Aug 16, 2024",15,0:00:00
2023-12-29,QaXodascN24,sorry BTS army 😂 #shorts,"Aug 16, 2024",15,0:00:00
2023-12-30,QaXodascN24,sorry BTS army 😂 #shorts,"Aug 16, 2024",15,0:00:00
2023-12-31,QaXodascN24,sorry BTS army 😂 #shorts,"Aug 16, 2024",15,0:00:00
2024-01-01,QaXodascN24,sorry BTS army 😂 #shorts,"Aug 16, 2024",15,0:00:00
2024-01-02,QaXodascN24,sorry BTS army 😂 #shorts,"Aug 16, 2024",15,0:00:00
2024-01-03,QaXodascN24,sorry BTS army 😂 #shorts,"Aug 16, 2024",15,0:00:00
2024-01-04,QaXodascN24,sorry BTS army 😂 #shorts,"Aug 16, 2024",15,0:00:00
2024-01-05,QaXodascN24,sorry BTS army 😂 #shorts,"Aug 16, 2024",15,0:00:00
2024-01-06,QaXodascN24,sorry BTS army 😂 #shorts,"Aug 16, 2024",15,0:00:00
2024-01-07,QaXodascN24,sorry BTS army 😂 #shorts,"Aug 16, 2024",15,0:00:00
2024-01-08,QaXodascN24,sorry BTS army 😂 #shorts,"Aug 16, 2024",15,0:00:00
2024-01-09,QaXodascN24,sorry BTS army 😂 #shorts,"Aug 16, 2024",15,0:00:00
2024-01-10,QaXodascN24,sorry BTS army 😂 #shorts,"Aug 16, 2024",15,0:00:00
2024-01-11,QaXodascN24,sorry BTS army 😂 #shorts,"Aug 16, 2024",15,0:00:00
2024-01-12,QaXodascN24,sorry BTS army 😂 #shorts,"Aug 16, 2024",15,0:00:00
2024-01-13,QaXodascN24,sorry BTS army 😂 #shorts,"Aug 16, 2024",15,0:00:00
2024-01-14,QaXodascN24,sorry BTS army 😂 #shorts,"Aug 16, 2024",15,0:00:00
2024-01-15,QaXodascN24,sorry BTS army 😂 #shorts,"Aug 16, 2024",15,0:00:00
2024-01-16,QaXodascN24,sorry BTS army 😂 #shorts,"Aug 16, 2024",15,0:00:00
2024-01-17,QaXodascN24,sorry BTS army 😂 #shorts,"Aug 16, 2024",15,0:00:00
2024-01-18,QaXodascN24,sorry BTS army 😂 #shorts,"Aug 16, 2024",15,0:00:00
2024-01-19,QaXodascN24,sorry BTS army 😂 #shorts,"Aug 16, 2024",15,0:00:00
2024-01-20,QaXodascN24,sorry BTS army 😂 #shorts,"Aug 16, 2024",15,0:00:00
2024-01-21,QaXodascN24,sorry BTS army 😂 #shorts,"Aug 16, 2024",15,0:00:00
2024-01-22,QaXodascN24,sorry BTS army 😂 #shorts,"Aug 16, 2024",15,0:00:00
2024-01-23,QaXodascN24,sorry BTS army 😂 #shorts,"Aug 16, 2024",15,0:00:00
2024-01-24,QaXodascN24,sorry BTS army 😂 #shorts,"Aug 16, 2024",15,0:00:00
2024-01-25,QaXodascN24,sorry BTS army 😂 #shorts,"Aug 16, 2024",15,0:00:00
2024-01-26,QaXodascN24,sorry BTS army 😂 #shorts,"Aug 16, 2024",15,0:00:00
2024-01-27,QaXodascN24,sorry BTS army 😂 #shorts,"Aug 16, 2024",15,0:00:00
2024-01-28,QaXodascN24,sorry BTS army 😂 #shorts,"Aug 16, 2024",15,0:00:00
2024-01-29,QaXodascN24,sorry BTS army 😂 #shorts,"Aug 16, 2024",15,0:00:00
2024-01-30,QaXodascN24,sorry BTS army 😂 #shorts,"Aug 16, 2024",15,0:00:00
2024-01-31,QaXodascN24,sorry BTS army 😂 #shorts,"Aug 16, 2024",15,0:00:00
2024-02-01,QaXodascN24,sorry BTS army 😂 #shorts,"Aug 16, 2024",15,0:00:00
2024-02-02,QaXodascN24,sorry BTS army 😂 #shorts,"Aug 16, 2024",15,0:00:00
2024-02-03,QaXodascN24,sorry BTS army 😂 #shorts,"Aug 16, 2024",15,0:00:00
2024-02-04,QaXodascN24,sorry BTS army 😂 #shorts,"Aug 16, 2024",15,0:00:00
2024-02-05,QaXodascN24,sorry BTS army 😂 #shorts,"Aug 16, 2024",15,0:00:00
2024-02-06,QaXodascN24,sorry BTS army 😂 #shorts,"Aug 16, 2024",15,0:00:00
2024-02-07,QaXodascN24,sorry BTS army 😂 #shorts,"Aug 16, 2024",15,0:00:00
2024-02-08,QaXodascN24,sorry BTS army 😂 #shorts,"Aug 16, 2024",15,0:00:00
2024-02-09,QaXodascN24,sorry BTS army 😂 #shorts,"Aug 16, 2024",15,0:00:00
2024-02-10,QaXodascN24,sorry BTS army 😂 #shorts,"Aug 16, 2024",15,0:00:00
2024-02-11,QaXodascN24,sorry BTS army 😂 #shorts,"Aug 16, 2024",15,0:00:00
2024-02-12,QaXodascN24,sorry BTS army 😂 #shorts,"Aug 16, 2024",15,0:00:00
2024-02-13,QaXodascN24,sorry BTS army 😂 #shorts,"Aug 16, 2024",15,0:00:00
2024-02-14,QaXodascN24,sorry BTS army 😂 #shorts,"Aug 16, 2024",15,0:00:00
2024-02-15,QaXodascN24,sorry BTS army 😂 #shorts,"Aug 16, 2024",15,0:00:00
2024-02-16,QaXodascN24,sorry BTS army 😂 #shorts,"Aug 16, 2024",15,0:00:00
2024-02-17,QaXodascN24,sorry BTS army 😂 #shorts,"Aug 16, 2024",15,0:00:00
2024-02-18,QaXodascN24,sorry BTS army 😂 #shorts,"Aug 16, 2024",15,0:00:00
2024-02-19,QaXodascN24,sorry BTS army 😂 #shorts,"Aug 16, 2024",15,0:00:00
2024-02-20,QaXodascN24,sorry BTS army 😂 #shorts,"Aug 16, 2024",15,0:00:00
2024-02-21,QaXodascN24,sorry BTS army 😂 #shorts,"Aug 16, 2024",15,0:00:00
2024-02-22,QaXodascN24,sorry BTS army 😂 #shorts,"Aug 16, 2024",15,0:00:00
2024-02-23,QaXodascN24,sorry BTS army 😂 #shorts,"Aug 16, 2024",15,0:00:00
2024-02-24,QaXodascN24,sorry BTS army 😂 #shorts,"Aug 16, 2024",15,0:00:00
2024-02-25,QaXodascN24,sorry BTS army 😂 #shorts,"Aug 16, 2024",15,0:00:00
2024-02-26,QaXodascN24,sorry BTS army 😂 #shorts,"Aug 16, 2024",15,0:00:00
2024-02-27,QaXodascN24,sorry BTS army 😂 #shorts,"Aug 16, 2024",15,0:00:00
2024-02-28,QaXodascN24,sorry BTS army 😂 #shorts,"Aug 16, 2024",15,0:00:00
2024-02-29,QaXodascN24,sorry BTS army 😂 #shorts,"Aug 16, 2024",15,0:00:00
2024-03-01,QaXodascN24,sorry BTS army 😂 #shorts,"Aug 16, 2024",15,0:00:00
2024-03-02,QaXodascN24,sorry BTS army 😂 #shorts,"Aug 16, 2024",15,0:00:00
2024-03-03,QaXodascN24,sorry BTS army 😂 #shorts,"Aug 16, 2024",15,0:00:00
2024-03-04,QaXodascN24,sorry BTS army 😂 #shorts,"Aug 16, 2024",15,0:00:00
2024-03-05,QaXodascN24,sorry BTS army 😂 #shorts,"Aug 16, 2024",15,0:00:00
2024-03-06,QaXodascN24,sorry BTS army 😂 #shorts,"Aug 16, 2024",15,0:00:00
2024-03-07,QaXodascN24,sorry BTS army 😂 #shorts,"Aug 16, 2024",15,0:00:00
2024-03-08,QaXodascN24,sorry BTS army 😂 #shorts,"Aug 16, 2024",15,0:00:00
2024-03-09,QaXodascN24,sorry BTS army 😂 #shorts,"Aug 16, 2024",15,0:00:00
2024-03-10,QaXodascN24,sorry BTS army 😂 #shorts,"Aug 16, 2024",15,0:00:00
2024-03-11,QaXodascN24,sorry BTS army 😂 #shorts,"Aug 16, 2024",15,0:00:00
2024-03-12,QaXodascN24,sorry BTS army 😂 #shorts,"Aug 16, 2024",15,0:00:00
2024-03-13,QaXodascN24,sorry BTS army 😂 #shorts,"Aug 16, 2024",15,0:00:00
2024-03-14,QaXodascN24,sorry BTS army 😂 #shorts,"Aug 16, 2024",15,0:00:00
2024-03-15,QaXodascN24,sorry BTS army 😂 #shorts,"Aug 16, 2024",15,0:00:00
2024-03-16,QaXodascN24,sorry BTS army 😂 #shorts,"Aug 16, 2024",15,0:00:00
2024-03-17,QaXodascN24,sorry BTS army 😂 #shorts,"Aug 16, 2024",15,0:00:00
2024-03-18,QaXodascN24,sorry BTS army 😂 #shorts,"Aug 16, 2024",15,0:00:00
2024-03-19,QaXodascN24,sorry BTS army 😂 #shorts,"Aug 16, 2024",15,0:00:00
2024-03-20,QaXodascN24,sorry BTS army 😂 #shorts,"Aug 16, 2024",15,0:00:00
2024-03-21,QaXodascN24,sorry BTS army 😂 #shorts,"Aug 16, 2024",15,0:00:00
2024-03-22,QaXodascN24,sorry BTS army 😂 #shorts,"Aug 16, 2024",15,0:00:00
2024-03-23,QaXodascN24,sorry BTS army 😂 #shorts,"Aug 16, 2024",15,0:00:00
2024-03-24,QaXodascN24,sorry BTS army 😂 #shorts,"Aug 16, 2024",15,0:00:00
2024-03-25,QaXodascN24,sorry BTS army 😂 #shorts,"Aug 16, 2024",15,0:00:00
2024-03-26,QaXodascN24,sorry BTS army 😂 #shorts,"Aug 16, 2024",15,0:00:00
2024-03-27,QaXodascN24,sorry BTS army 😂 #shorts,"Aug 16, 2024",15,0:00:00
2024-03-28,QaXodascN24,sorry BTS army 😂 #shorts,"Aug 16, 2024",15,0:00:00
2024-03-29,QaXodascN24,sorry BTS army 😂 #shorts,"Aug 16, 2024",15,0:00:00
2024-03-30,QaXodascN24,sorry BTS army 😂 #shorts,"Aug 16, 2024",15,0:00:00
2024-03-31,QaXodascN24,sorry BTS army 😂 #shorts,"Aug 16, 2024",15,0:00:00
2024-04-01,QaXodascN24,sorry BTS army 😂 #shorts,"Aug 16, 2024",15,0:00:00
2024-04-02,QaXodascN24,sorry BTS army 😂 #shorts,"Aug 16, 2024",15,0:00:00
2024-04-03,QaXodascN24,sorry BTS army 😂 #shorts,"Aug 16, 2024",15,0:00:00
2024-04-04,QaXodascN24,sorry BTS army 😂 #shorts,"Aug 16, 2024",15,0:00:00
2024-04-05,QaXodascN24,sorry BTS army 😂 #shorts,"Aug 16, 2024",15,0:00:00
2024-04-06,QaXodascN24,sorry BTS army 😂 #shorts,"Aug 16, 2024",15,0:00:00
2024-04-07,QaXodascN24,sorry BTS army 😂 #shorts,"Aug 16, 2024",15,0:00:00
2024-04-08,QaXodascN24,sorry BTS army 😂 #shorts,"Aug 16, 2024",15,0:00:00
2024-04-09,QaXodascN24,sorry BTS army 😂 #shorts,"Aug 16, 2024",15,0:00:00
2024-04-10,QaXodascN24,sorry BTS army 😂 #shorts,"Aug 16, 2024",15,0:00:00
2024-04-11,QaXodascN24,sorry BTS army 😂 #shorts,"Aug 16, 2024",15,0:00:00
2024-04-12,QaXodascN24,sorry BTS army 😂 #shorts,"Aug 16, 2024",15,0:00:00
2024-04-13,QaXodascN24,sorry BTS army 😂 #shorts,"Aug 16, 2024",15,0:00:00
2024-04-14,QaXodascN24,sorry BTS army 😂 #shorts,"Aug 16, 2024",15,0:00:00
2024-04-15,QaXodascN24,sorry BTS army 😂 #shorts,"Aug 16, 2024",15,0:00:00
2024-04-16,QaXodascN24,sorry BTS army 😂 #shorts,"Aug 16, 2024",15,0:00:00
2024-04-17,QaXodascN24,sorry BTS army 😂 #shorts,"Aug 16, 2024",15,0:00:00
2024-04-18,QaXodascN24,sorry BTS army 😂 #shorts,"Aug 16, 2024",15,0:00:00
2024-04-19,QaXodascN24,sorry BTS army 😂 #shorts,"Aug 16, 2024",15,0:00:00
2024-04-20,QaXodascN24,sorry BTS army 😂 #shorts,"Aug 16, 2024",15,0:00:00
2024-04-21,QaXodascN24,sorry BTS army 😂 #shorts,"Aug 16, 2024",15,0:00:00
2024-04-22,QaXodascN24,sorry BTS army 😂 #shorts,"Aug 16, 2024",15,0:00:00
2024-04-23,QaXodascN24,sorry BTS army 😂 #shorts,"Aug 16, 2024",15,0:00:00
2024-04-24,QaXodascN24,sorry BTS army 😂 #shorts,"Aug 16, 2024",15,0:00:00
2024-04-25,QaXodascN24,sorry BTS army 😂 #shorts,"Aug 16, 2024",15,0:00:00
2024-04-26,QaXodascN24,sorry BTS army 😂 #shorts,"Aug 16, 2024",15,0:00:00
2024-04-27,QaXodascN24,sorry BTS army 😂 #shorts,"Aug 16, 2024",15,0:00:00
2024-04-28,QaXodascN24,sorry BTS army 😂 #shorts,"Aug 16, 2024",15,0:00:00
2024-04-29,QaXodascN24,sorry BTS army 😂 #shorts,"Aug 16, 2024",15,0:00:00
2024-04-30,QaXodascN24,sorry BTS army 😂 #shorts,"Aug 16, 2024",15,0:00:00
2024-05-01,QaXodascN24,sorry BTS army 😂 #shorts,"Aug 16, 2024",15,0:00:00
2024-05-02,QaXodascN24,sorry BTS army 😂 #shorts,"Aug 16, 2024",15,0:00:00
2024-05-03,QaXodascN24,sorry BTS army 😂 #shorts,"Aug 16, 2024",15,0:00:00
2024-05-04,QaXodascN24,sorry BTS army 😂 #shorts,"Aug 16, 2024",15,0:00:00
2024-05-05,QaXodascN24,sorry BTS army 😂 #shorts,"Aug 16, 2024",15,0:00:00
2024-05-06,QaXodascN24,sorry BTS army 😂 #shorts,"Aug 16, 2024",15,0:00:00
2024-05-07,QaXodascN24,sorry BTS army 😂 #shorts,"Aug 16, 2024",15,0:00:00
2024-05-08,QaXodascN24,sorry BTS army 😂 #shorts,"Aug 16, 2024",15,0:00:00
2024-05-09,QaXodascN24,sorry BTS army 😂 #shorts,"Aug 16, 2024",15,0:00:00
2024-05-10,QaXodascN24,sorry BTS army 😂 #shorts,"Aug 16, 2024",15,0:00:00
2024-05-11,QaXodascN24,sorry BTS army 😂 #shorts,"Aug 16, 2024",15,0:00:00
2024-05-12,QaXodascN24,sorry BTS army 😂 #shorts,"Aug 16, 2024",15,0:00:00
2024-05-13,QaXodascN24,sorry BTS army 😂 #shorts,"Aug 16, 2024",15,0:00:00
2024-05-14,QaXodascN24,sorry BTS army 😂 #shorts,"Aug 16, 2024",15,0:00:00
2024-05-15,QaXodascN24,sorry BTS army 😂 #shorts,"Aug 16, 2024",15,0:00:00
2024-05-16,QaXodascN24,sorry BTS army 😂 #shorts,"Aug 16, 2024",15,0:00:00
2024-05-17,QaXodascN24,sorry BTS army 😂 #shorts,"Aug 16, 2024",15,0:00:00
2024-05-18,QaXodascN24,sorry BTS army 😂 #shorts,"Aug 16, 2024",15,0:00:00
2024-05-19,QaXodascN24,sorry BTS army 😂 #shorts,"Aug 16, 2024",15,0:00:00
2024-05-20,QaXodascN24,sorry BTS army 😂 #shorts,"Aug 16, 2024",15,0:00:00
2024-05-21,QaXodascN24,sorry BTS army 😂 #shorts,"Aug 16, 2024",15,0:00:00
2024-05-22,QaXodascN24,sorry BTS army 😂 #shorts,"Aug 16, 2024",15,0:00:00
2024-05-23,QaXodascN24,sorry BTS army 😂 #shorts,"Aug 16, 2024",15,0:00:00
2024-05-24,QaXodascN24,sorry BTS army 😂 #shorts,"Aug 16, 2024",15,0:00:00
2024-05-25,QaXodascN24,sorry BTS army 😂 #shorts,"Aug 16, 2024",15,0:00:00
2024-05-26,QaXodascN24,sorry BTS army 😂 #shorts,"Aug 16, 2024",15,0:00:00
2024-05-27,QaXodascN24,sorry BTS army 😂 #shorts,"Aug 16, 2024",15,0:00:00
2024-05-28,QaXodascN24,sorry BTS army 😂 #shorts,"Aug 16, 2024",15,0:00:00
2024-05-29,QaXodascN24,sorry BTS army 😂 #shorts,"Aug 16, 2024",15,0:00:00
2024-05-30,QaXodascN24,sorry BTS army 😂 #shorts,"Aug 16, 2024",15,0:00:00
2024-05-31,QaXodascN24,sorry BTS army 😂 #shorts,"Aug 16, 2024",15,0:00:00
2024-06-01,QaXodascN24,sorry BTS army 😂 #shorts,"Aug 16, 2024",15,0:00:00
2024-06-02,QaXodascN24,sorry BTS army 😂 #shorts,"Aug 16, 2024",15,0:00:00
2024-06-03,QaXodascN24,sorry BTS army 😂 #shorts,"Aug 16, 2024",15,0:00:00
2024-06-04,QaXodascN24,sorry BTS army 😂 #shorts,"Aug 16, 2024",15,0:00:00
2024-06-05,QaXodascN24,sorry BTS army 😂 #shorts,"Aug 16, 2024",15,0:00:00
2024-06-06,QaXodascN24,sorry BTS army 😂 #shorts,"Aug 16, 2024",15,0:00:00
2024-06-07,QaXodascN24,sorry BTS army 😂 #shorts,"Aug 16, 2024",15,0:00:00
2024-06-08,QaXodascN24,sorry BTS army 😂 #shorts,"Aug 16, 2024",15,0:00:00
2024-06-09,QaXodascN24,sorry BTS army 😂 #shorts,"Aug 16, 2024",15,0:00:00
2024-06-10,QaXodascN24,sorry BTS army 😂 #shorts,"Aug 16, 2024",15,0:00:00
2024-06-11,QaXodascN24,sorry BTS army 😂 #shorts,"Aug 16, 2024",15,0:00:00
2024-06-12,QaXodascN24,sorry BTS army 😂 #shorts,"Aug 16, 2024",15,0:00:00
2024-06-13,QaXodascN24,sorry BTS army 😂 #shorts,"Aug 16, 2024",15,0:00:00
2024-06-14,QaXodascN24,sorry BTS army 😂 #shorts,"Aug 16, 2024",15,0:00:00
2024-06-15,QaXodascN24,sorry BTS army 😂 #shorts,"Aug 16, 2024",15,0:00:00
2024-06-16,QaXodascN24,sorry BTS army 😂 #shorts,"Aug 16, 2024",15,0:00:00
2024-06-17,QaXodascN24,sorry BTS army 😂 #shorts,"Aug 16, 2024",15,0:00:00
2024-06-18,QaXodascN24,sorry BTS army 😂 #shorts,"Aug 16, 2024",15,0:00:00
2024-06-19,QaXodascN24,sorry BTS army 😂 #shorts,"Aug 16, 2024",15,0:00:00
2024-06-20,QaXodascN24,sorry BTS army 😂 #shorts,"Aug 16, 2024",15,0:00:00
2024-06-21,QaXodascN24,sorry BTS army 😂 #shorts,"Aug 16, 2024",15,0:00:00
2024-06-22,QaXodascN24,sorry BTS army 😂 #shorts,"Aug 16, 2024",15,0:00:00
2024-06-23,QaXodascN24,sorry BTS army 😂 #shorts,"Aug 16, 2024",15,0:00:00
2024-06-24,QaXodascN24,sorry BTS army 😂 #shorts,"Aug 16, 2024",15,0:00:00
2024-06-25,QaXodascN24,sorry BTS army 😂 #shorts,"Aug 16, 2024",15,0:00:00
2024-06-26,QaXodascN24,sorry BTS army 😂 #shorts,"Aug 16, 2024",15,0:00:00
2024-06-27,QaXodascN24,sorry BTS army 😂 #shorts,"Aug 16, 2024",15,0:00:00
2024-06-28,QaXodascN24,sorry BTS army 😂 #shorts,"Aug 16, 2024",15,0:00:00
2024-06-29,QaXodascN24,sorry BTS army 😂 #shorts,"Aug 16, 2024",15,0:00:00
2024-06-30,QaXodascN24,sorry BTS army 😂 #shorts,"Aug 16, 2024",15,0:00:00
2024-07-01,QaXodascN24,sorry BTS army 😂 #shorts,"Aug 16, 2024",15,0:00:00
2024-07-02,QaXodascN24,sorry BTS army 😂 #shorts,"Aug 16, 2024",15,0:00:00
2024-07-03,QaXodascN24,sorry BTS army 😂 #shorts,"Aug 16, 2024",15,0:00:00
2024-07-04,QaXodascN24,sorry BTS army 😂 #shorts,"Aug 16, 2024",15,0:00:00
2024-07-05,QaXodascN24,sorry BTS army 😂 #shorts,"Aug 16, 2024",15,0:00:00
2024-07-06,QaXodascN24,sorry BTS army 😂 #shorts,"Aug 16, 2024",15,0:00:00
2024-07-07,QaXodascN24,sorry BTS army 😂 #shorts,"Aug 16, 2024",15,0:00:00
2024-07-08,QaXodascN24,sorry BTS army 😂 #shorts,"Aug 16, 2024",15,0:00:00
2024-07-09,QaXodascN24,sorry BTS army 😂 #shorts,"Aug 16, 2024",15,0:00:00
2024-07-10,QaXodascN24,sorry BTS army 😂 #shorts,"Aug 16, 2024",15,0:00:00
2024-07-11,QaXodascN24,sorry BTS army 😂 #shorts,"Aug 16, 2024",15,0:00:00
2024-07-12,QaXodascN24,sorry BTS army 😂 #shorts,"Aug 16, 2024",15,0:00:00
2024-07-13,QaXodascN24,sorry BTS army 😂 #shorts,"Aug 16, 2024",15,0:00:00
2024-07-14,QaXodascN24,sorry BTS army 😂 #shorts,"Aug 16, 2024",15,0:00:00
2024-07-15,QaXodascN24,sorry BTS army 😂 #shorts,"Aug 16, 2024",15,0:00:00
2024-07-16,QaXodascN24,sorry BTS army 😂 #shorts,"Aug 16, 2024",15,0:00:00
2024-07-17,QaXodascN24,sorry BTS army 😂 #shorts,"Aug 16, 2024",15,0:00:00
2024-07-18,QaXodascN24,sorry BTS army 😂 #shorts,"Aug 16, 2024",15,0:00:00
2024-07-19,QaXodascN24,sorry BTS army 😂 #shorts,"Aug 16, 2024",15,0:00:00
2024-07-20,QaXodascN24,sorry BTS army 😂 #shorts,"Aug 16, 2024",15,0:00:00
2024-07-21,QaXodascN24,sorry BTS army 😂 #shorts,"Aug 16, 2024",15,0:00:00
2024-07-22,QaXodascN24,sorry BTS army 😂 #shorts,"Aug 16, 2024",15,0:00:00
2024-07-23,QaXodascN24,sorry BTS army 😂 #shorts,"Aug 16, 2024",15,0:00:00
2024-07-24,QaXodascN24,sorry BTS army 😂 #shorts,"Aug 16, 2024",15,0:00:00
2024-07-25,QaXodascN24,sorry BTS army 😂 #shorts,"Aug 16, 2024",15,0:00:00
2024-07-26,QaXodascN24,sorry BTS army 😂 #shorts,"Aug 16, 2024",15,0:00:00
2024-07-27,QaXodascN24,sorry BTS army 😂 #shorts,"Aug 16, 2024",15,0:00:00
2024-07-28,QaXodascN24,sorry BTS army 😂 #shorts,"Aug 16, 2024",15,0:00:00
2024-07-29,QaXodascN24,sorry BTS army 😂 #shorts,"Aug 16, 2024",15,0:00:00
2024-07-30,QaXodascN24,sorry BTS army 😂 #shorts,"Aug 16, 2024",15,0:00:00
2024-07-31,QaXodascN24,sorry BTS army 😂 #shorts,"Aug 16, 2024",15,0:00:00
2024-08-01,QaXodascN24,sorry BTS army 😂 #shorts,"Aug 16, 2024",15,0:00:00
2024-08-02,QaXodascN24,sorry BTS army 😂 #shorts,"Aug 16, 2024",15,0:00:00
2024-08-03,QaXodascN24,sorry BTS army 😂 #shorts,"Aug 16, 2024",15,0:00:00
2024-08-04,QaXodascN24,sorry BTS army 😂 #shorts,"Aug 16, 2024",15,0:00:00
2024-08-05,QaXodascN24,sorry BTS army 😂 #shorts,"Aug 16, 2024",15,0:00:00
2024-08-06,QaXodascN24,sorry BTS army 😂 #shorts,"Aug 16, 2024",15,0:00:00
2024-08-07,QaXodascN24,sorry BTS army 😂 #shorts,"Aug 16, 2024",15,0:00:00
2024-08-08,QaXodascN24,sorry BTS army 😂 #shorts,"Aug 16, 2024",15,0:00:00
2024-08-09,QaXodascN24,sorry BTS army 😂 #shorts,"Aug 16, 2024",15,0:00:00
2024-08-10,QaXodascN24,sorry BTS army 😂 #shorts,"Aug 16, 2024",15,0:00:00
2024-08-11,QaXodascN24,sorry BTS army 😂 #shorts,"Aug 16, 2024",15,0:00:00
2024-08-12,QaXodascN24,sorry BTS army 😂 #shorts,"Aug 16, 2024",15,0:00:00
2024-08-13,QaXodascN24,sorry BTS army 😂 #shorts,"Aug 16, 2024",15,0:00:00
2024-08-14,QaXodascN24,sorry BTS army 😂 #shorts,"Aug 16, 2024",15,0:00:00
2024-08-15,QaXodascN24,sorry BTS army 😂 #shorts,"Aug 16, 2024",15,0:00:00
2024-08-16,QaXodascN24,sorry BTS army 😂 #shorts,"Aug 16, 2024",15,0:00:16
2024-08-17,QaXodascN24,sorry BTS army 😂 #shorts,"Aug 16, 2024",15,0:00:00
2024-08-18,QaXodascN24,sorry BTS army 😂 #shorts,"Aug 16, 2024",15,0:00:00
2024-08-19,QaXodascN24,sorry BTS army 😂 #shorts,"Aug 16, 2024",15,0:00:00
2024-08-20,QaXodascN24,sorry BTS army 😂 #shorts,"Aug 16, 2024",15,0:00:00
2024-08-21,QaXodascN24,sorry BTS army 😂 #shorts,"Aug 16, 2024",15,0:00:00
2024-08-22,QaXodascN24,sorry BTS army 😂 #shorts,"Aug 16, 2024",15,0:00:00
2024-08-23,QaXodascN24,sorry BTS army 😂 #shorts,"Aug 16, 2024",15,0:00:00
2024-08-24,QaXodascN24,sorry BTS army 😂 #shorts,"Aug 16, 2024",15,0:00:00
2024-08-25,QaXodascN24,sorry BTS army 😂 #shorts,"Aug 16, 2024",15,0:00:00
2024-08-26,QaXodascN24,sorry BTS army 😂 #shorts,"Aug 16, 2024",15,0:00:00
2024-08-27,QaXodascN24,sorry BTS army 😂 #shorts,"Aug 16, 2024",15,0:00:00
2024-08-28,QaXodascN24,sorry BTS army 😂 #shorts,"Aug 16, 2024",15,0:00:00
2024-08-29,QaXodascN24,sorry BTS army 😂 #shorts,"Aug 16, 2024",15,0:00:00
2024-08-30,QaXodascN24,sorry BTS army 😂 #shorts,"Aug 16, 2024",15,0:00:00
2024-08-31,QaXodascN24,sorry BTS army 😂 #shorts,"Aug 16, 2024",15,0:00:00
2024-09-01,QaXodascN24,sorry BTS army 😂 #shorts,"Aug 16, 2024",15,0:00:00
2024-09-02,QaXodascN24,sorry BTS army 😂 #shorts,"Aug 16, 2024",15,0:00:00
2024-09-03,QaXodascN24,sorry BTS army 😂 #shorts,"Aug 16, 2024",15,0:00:00
2024-09-04,QaXodascN24,sorry BTS army 😂 #shorts,"Aug 16, 2024",15,0:00:00
2024-09-05,QaXodascN24,sorry BTS army 😂 #shorts,"Aug 16, 2024",15,0:00:00
2024-09-06,QaXodascN24,sorry BTS army 😂 #shorts,"Aug 16, 2024",15,0:00:00
2024-09-07,QaXodascN24,sorry BTS army 😂 #shorts,"Aug 16, 2024",15,0:00:00
2024-09-08,QaXodascN24,sorry BTS army 😂 #shorts,"Aug 16, 2024",15,0:00:00
2024-09-09,QaXodascN24,sorry BTS army 😂 #shorts,"Aug 16, 2024",15,0:00:00
2024-09-10,QaXodascN24,sorry BTS army 😂 #shorts,"Aug 16, 2024",15,0:00:00
2024-09-11,QaXodascN24,sorry BTS army 😂 #shorts,"Aug 16, 2024",15,0:00:00
2024-09-12,QaXodascN24,sorry BTS army 😂 #shorts,"Aug 16, 2024",15,0:00:00
2024-09-13,QaXodascN24,sorry BTS army 😂 #shorts,"Aug 16, 2024",15,0:00:00
2024-09-14,QaXodascN24,sorry BTS army 😂 #shorts,"Aug 16, 2024",15,0:00:00
2024-09-15,QaXodascN24,sorry BTS army 😂 #shorts,"Aug 16, 2024",15,0:00:00
2024-09-16,QaXodascN24,sorry BTS army 😂 #shorts,"Aug 16, 2024",15,0:00:00
2024-09-17,QaXodascN24,sorry BTS army 😂 #shorts,"Aug 16, 2024",15,0:00:00
2024-09-18,QaXodascN24,sorry BTS army 😂 #shorts,"Aug 16, 2024",15,0:00:00
2024-09-19,QaXodascN24,sorry BTS army 😂 #shorts,"Aug 16, 2024",15,0:00:00
2024-09-20,QaXodascN24,sorry BTS army 😂 #shorts,"Aug 16, 2024",15,0:00:00
2024-09-21,QaXodascN24,sorry BTS army 😂 #shorts,"Aug 16, 2024",15,0:00:00
2024-09-22,QaXodascN24,sorry BTS army 😂 #shorts,"Aug 16, 2024",15,0:00:00
2024-09-23,QaXodascN24,sorry BTS army 😂 #shorts,"Aug 16, 2024",15,0:00:00
2024-09-24,QaXodascN24,sorry BTS army 😂 #shorts,"Aug 16, 2024",15,0:00:00
2024-09-25,QaXodascN24,sorry BTS army 😂 #shorts,"Aug 16, 2024",15,0:00:00
2024-09-26,QaXodascN24,sorry BTS army 😂 #shorts,"Aug 16, 2024",15,0:00:00
2024-09-27,QaXodascN24,sorry BTS army 😂 #shorts,"Aug 16, 2024",15,0:00:00
2024-09-28,QaXodascN24,sorry BTS army 😂 #shorts,"Aug 16, 2024",15,0:00:00
2024-09-29,QaXodascN24,sorry BTS army 😂 #shorts,"Aug 16, 2024",15,0:00:00
2024-09-30,QaXodascN24,sorry BTS army 😂 #shorts,"Aug 16, 2024",15,0:00:00
2024-10-01,QaXodascN24,sorry BTS army 😂 #shorts,"Aug 16, 2024",15,0:00:00
2024-10-02,QaXodascN24,sorry BTS army 😂 #shorts,"Aug 16, 2024",15,0:00:00
2024-10-03,QaXodascN24,sorry BTS army 😂 #shorts,"Aug 16, 2024",15,0:00:00
2024-10-04,QaXodascN24,sorry BTS army 😂 #shorts,"Aug 16, 2024",15,0:00:00
2024-10-05,QaXodascN24,sorry BTS army 😂 #shorts,"Aug 16, 2024",15,0:00:00
2024-10-06,QaXodascN24,sorry BTS army 😂 #shorts,"Aug 16, 2024",15,0:00:00
2024-10-07,QaXodascN24,sorry BTS army 😂 #shorts,"Aug 16, 2024",15,0:00:00
2024-10-08,QaXodascN24,sorry BTS army 😂 #shorts,"Aug 16, 2024",15,0:00:00
2024-10-09,QaXodascN24,sorry BTS army 😂 #shorts,"Aug 16, 2024",15,0:00:00
2024-10-10,QaXodascN24,sorry BTS army 😂 #shorts,"Aug 16, 2024",15,0:00:00
2024-10-11,QaXodascN24,sorry BTS army 😂 #shorts,"Aug 16, 2024",15,0:00:00
2024-10-12,QaXodascN24,sorry BTS army 😂 #shorts,"Aug 16, 2024",15,0:00:00
2024-10-13,QaXodascN24,sorry BTS army 😂 #shorts,"Aug 16, 2024",15,0:00:00
2024-10-14,QaXodascN24,sorry BTS army 😂 #shorts,"Aug 16, 2024",15,0:00:00
2024-10-15,QaXodascN24,sorry BTS army 😂 #shorts,"Aug 16, 2024",15,0:00:00
2024-10-16,QaXodascN24,sorry BTS army 😂 #shorts,"Aug 16, 2024",15,0:00:00
2024-10-17,QaXodascN24,sorry BTS army 😂 #shorts,"Aug 16, 2024",15,0:00:00
2024-10-18,QaXodascN24,sorry BTS army 😂 #shorts,"Aug 16, 2024",15,0:00:00
2024-10-19,QaXodascN24,sorry BTS army 😂 #shorts,"Aug 16, 2024",15,0:00:00
2024-10-20,QaXodascN24,sorry BTS army 😂 #shorts,"Aug 16, 2024",15,0:00:00
2024-10-21,QaXodascN24,sorry BTS army 😂 #shorts,"Aug 16, 2024",15,0:00:00
2024-10-22,QaXodascN24,sorry BTS army 😂 #shorts,"Aug 16, 2024",15,0:00:00
2024-10-23,QaXodascN24,sorry BTS army 😂 #shorts,"Aug 16, 2024",15,0:00:00
2024-10-24,QaXodascN24,sorry BTS army 😂 #shorts,"Aug 16, 2024",15,0:00:00
2024-10-25,QaXodascN24,sorry BTS army 😂 #shorts,"Aug 16, 2024",15,0:00:00
2024-10-26,QaXodascN24,sorry BTS army 😂 #shorts,"Aug 16, 2024",15,0:00:00
2024-10-27,QaXodascN24,sorry BTS army 😂 #shorts,"Aug 16, 2024",15,0:00:00
2024-10-28,QaXodascN24,sorry BTS army 😂 #shorts,"Aug 16, 2024",15,0:00:00
2024-10-29,QaXodascN24,sorry BTS army 😂 #shorts,"Aug 16, 2024",15,0:00:00
2024-10-30,QaXodascN24,sorry BTS army 😂 #shorts,"Aug 16, 2024",15,0:00:00
2024-10-31,QaXodascN24,sorry BTS army 😂 #shorts,"Aug 16, 2024",15,0:00:00
2024-11-01,QaXodascN24,sorry BTS army 😂 #shorts,"Aug 16, 2024",15,0:00:00
2024-11-02,QaXodascN24,sorry BTS army 😂 #shorts,"Aug 16, 2024",15,0:00:00
2024-11-03,QaXodascN24,sorry BTS army 😂 #shorts,"Aug 16, 2024",15,0:00:00
2024-11-04,QaXodascN24,sorry BTS army 😂 #shorts,"Aug 16, 2024",15,0:00:00
2024-11-05,QaXodascN24,sorry BTS army 😂 #shorts,"Aug 16, 2024",15,0:00:00
2024-11-06,QaXodascN24,sorry BTS army 😂 #shorts,"Aug 16, 2024",15,0:00:00
2024-11-07,QaXodascN24,sorry BTS army 😂 #shorts,"Aug 16, 2024",15,0:00:00
2024-11-08,QaXodascN24,sorry BTS army 😂 #shorts,"Aug 16, 2024",15,0:00:00
2024-11-09,QaXodascN24,sorry BTS army 😂 #shorts,"Aug 16, 2024",15,0:00:00
2024-11-10,QaXodascN24,sorry BTS army 😂 #shorts,"Aug 16, 2024",15,0:00:00
2024-11-11,QaXodascN24,sorry BTS army 😂 #shorts,"Aug 16, 2024",15,0:00:00
2024-11-12,QaXodascN24,sorry BTS army 😂 #shorts,"Aug 16, 2024",15,0:00:00
2024-11-13,QaXodascN24,sorry BTS army 😂 #shorts,"Aug 16, 2024",15,0:00:00
2024-11-14,QaXodascN24,sorry BTS army 😂 #shorts,"Aug 16, 2024",15,0:00:00
2024-11-15,QaXodascN24,sorry BTS army 😂 #shorts,"Aug 16, 2024",15,0:00:00
2024-11-16,QaXodascN24,sorry BTS army 😂 #shorts,"Aug 16, 2024",15,0:00:00
2024-11-17,QaXodascN24,sorry BTS army 😂 #shorts,"Aug 16, 2024",15,0:00:00
2024-11-18,QaXodascN24,sorry BTS army 😂 #shorts,"Aug 16, 2024",15,0:00:00
2024-11-19,QaXodascN24,sorry BTS army 😂 #shorts,"Aug 16, 2024",15,0:00:00
2024-11-20,QaXodascN24,sorry BTS army 😂 #shorts,"Aug 16, 2024",15,0:00:00
2024-11-21,QaXodascN24,sorry BTS army 😂 #shorts,"Aug 16, 2024",15,0:00:00
2024-11-22,QaXodascN24,sorry BTS army 😂 #shorts,"Aug 16, 2024",15,0:00:00
2024-11-23,QaXodascN24,sorry BTS army 😂 #shorts,"Aug 16, 2024",15,0:00:00
2024-11-24,QaXodascN24,sorry BTS army 😂 #shorts,"Aug 16, 2024",15,0:00:00
2024-11-25,QaXodascN24,sorry BTS army 😂 #shorts,"Aug 16, 2024",15,0:00:00
2024-11-26,QaXodascN24,sorry BTS army 😂 #shorts,"Aug 16, 2024",15,0:00:00
2024-11-27,QaXodascN24,sorry BTS army 😂 #shorts,"Aug 16, 2024",15,0:00:00
2024-11-28,QaXodascN24,sorry BTS army 😂 #shorts,"Aug 16, 2024",15,0:00:00
2024-11-29,QaXodascN24,sorry BTS army 😂 #shorts,"Aug 16, 2024",15,0:00:00
2024-11-30,QaXodascN24,sorry BTS army 😂 #shorts,"Aug 16, 2024",15,0:00:00
2024-12-01,QaXodascN24,sorry BTS army 😂 #shorts,"Aug 16, 2024",15,0:00:00
2024-12-02,QaXodascN24,sorry BTS army 😂 #shorts,"Aug 16, 2024",15,0:00:00
2024-12-03,QaXodascN24,sorry BTS army 😂 #shorts,"Aug 16, 2024",15,0:00:00
2024-12-04,QaXodascN24,sorry BTS army 😂 #shorts,"Aug 16, 2024",15,0:00:00
2024-12-05,QaXodascN24,sorry BTS army 😂 #shorts,"Aug 16, 2024",15,0:00:00
2024-12-06,QaXodascN24,sorry BTS army 😂 #shorts,"Aug 16, 2024",15,0:00:00
2024-12-07,QaXodascN24,sorry BTS army 😂 #shorts,"Aug 16, 2024",15,0:00:00
2024-12-08,QaXodascN24,sorry BTS army 😂 #shorts,"Aug 16, 2024",15,0:00:00
2024-12-09,QaXodascN24,sorry BTS army 😂 #shorts,"Aug 16, 2024",15,0:00:00
2024-12-10,QaXodascN24,sorry BTS army 😂 #shorts,"Aug 16, 2024",15,0:00:00
2024-12-11,QaXodascN24,sorry BTS army 😂 #shorts,"Aug 16, 2024",15,0:00:00
2024-12-12,QaXodascN24,sorry BTS army 😂 #shorts,"Aug 16, 2024",15,0:00:00
2024-12-13,QaXodascN24,sorry BTS army 😂 #shorts,"Aug 16, 2024",15,0:00:00
2024-12-14,QaXodascN24,sorry BTS army 😂 #shorts,"Aug 16, 2024",15,0:00:00
2024-12-15,QaXodascN24,sorry BTS army 😂 #shorts,"Aug 16, 2024",15,0:00:00
2024-12-16,QaXodascN24,sorry BTS army 😂 #shorts,"Aug 16, 2024",15,0:00:00
2024-12-17,QaXodascN24,sorry BTS army 😂 #shorts,"Aug 16, 2024",15,0:00:00
2024-12-18,QaXodascN24,sorry BTS army 😂 #shorts,"Aug 16, 2024",15,0:00:00
2024-12-19,QaXodascN24,sorry BTS army 😂 #shorts,"Aug 16, 2024",15,0:00:00
2024-12-20,QaXodascN24,sorry BTS army 😂 #shorts,"Aug 16, 2024",15,0:00:00
2024-12-21,QaXodascN24,sorry BTS army 😂 #shorts,"Aug 16, 2024",15,0:00:00
2024-12-22,QaXodascN24,sorry BTS army 😂 #shorts,"Aug 16, 2024",15,0:00:00
2024-12-23,QaXodascN24,sorry BTS army 😂 #shorts,"Aug 16, 2024",15,0:00:00
2024-12-24,QaXodascN24,sorry BTS army 😂 #shorts,"Aug 16, 2024",15,0:00:00
2024-12-25,QaXodascN24,sorry BTS army 😂 #shorts,"Aug 16, 2024",15,0:00:00
2024-12-26,QaXodascN24,sorry BTS army 😂 #shorts,"Aug 16, 2024",15,0:00:00
2024-12-27,QaXodascN24,sorry BTS army 😂 #shorts,"Aug 16, 2024",15,0:00:00
2024-12-28,QaXodascN24,sorry BTS army 😂 #shorts,"Aug 16, 2024",15,0:00:00
2024-12-29,QaXodascN24,sorry BTS army 😂 #shorts,"Aug 16, 2024",15,0:00:00
2024-12-30,QaXodascN24,sorry BTS army 😂 #shorts,"Aug 16, 2024",15,0:00:00
2024-12-31,QaXodascN24,sorry BTS army 😂 #shorts,"Aug 16, 2024",15,0:00:00
2025-01-01,QaXodascN24,sorry BTS army 😂 #shorts,"Aug 16, 2024",15,0:00:00
2025-01-02,QaXodascN24,sorry BTS army 😂 #shorts,"Aug 16, 2024",15,0:00:00
2025-01-03,QaXodascN24,sorry BTS army 😂 #shorts,"Aug 16, 2024",15,0:00:00
2025-01-04,QaXodascN24,sorry BTS army 😂 #shorts,"Aug 16, 2024",15,0:00:00
2025-01-05,QaXodascN24,sorry BTS army 😂 #shorts,"Aug 16, 2024",15,0:00:00
2025-01-06,QaXodascN24,sorry BTS army 😂 #shorts,"Aug 16, 2024",15,0:00:00
2025-01-07,QaXodascN24,sorry BTS army 😂 #shorts,"Aug 16, 2024",15,0:00:00
2025-01-08,QaXodascN24,sorry BTS army 😂 #shorts,"Aug 16, 2024",15,0:00:00
2025-01-09,QaXodascN24,sorry BTS army 😂 #shorts,"Aug 16, 2024",15,0:00:00
2025-01-10,QaXodascN24,sorry BTS army 😂 #shorts,"Aug 16, 2024",15,0:00:00
2025-01-11,QaXodascN24,sorry BTS army 😂 #shorts,"Aug 16, 2024",15,0:00:00
2025-01-12,QaXodascN24,sorry BTS army 😂 #shorts,"Aug 16, 2024",15,0:00:00
2025-01-13,QaXodascN24,sorry BTS army 😂 #shorts,"Aug 16, 2024",15,0:00:00
2025-01-14,QaXodascN24,sorry BTS army 😂 #shorts,"Aug 16, 2024",15,0:00:00
2025-01-15,QaXodascN24,sorry BTS army 😂 #shorts,"Aug 16, 2024",15,0:00:00
2025-01-16,QaXodascN24,sorry BTS army 😂 #shorts,"Aug 16, 2024",15,0:00:00
2025-01-17,QaXodascN24,sorry BTS army 😂 #shorts,"Aug 16, 2024",15,0:00:00
2025-01-18,QaXodascN24,sorry BTS army 😂 #shorts,"Aug 16, 2024",15,0:00:00
2025-01-19,QaXodascN24,sorry BTS army 😂 #shorts,"Aug 16, 2024",15,0:00:00
2025-01-20,QaXodascN24,sorry BTS army 😂 #shorts,"Aug 16, 2024",15,0:00:00
2025-01-21,QaXodascN24,sorry BTS army 😂 #shorts,"Aug 16, 2024",15,0:00:00
2025-01-22,QaXodascN24,sorry BTS army 😂 #shorts,"Aug 16, 2024",15,0:00:00
2025-01-23,QaXodascN24,sorry BTS army 😂 #shorts,"Aug 16, 2024",15,0:00:00
2025-01-24,QaXodascN24,sorry BTS army 😂 #shorts,"Aug 16, 2024",15,0:00:00
2025-01-25,QaXodascN24,sorry BTS army 😂 #shorts,"Aug 16, 2024",15,0:00:00
2025-01-26,QaXodascN24,sorry BTS army 😂 #shorts,"Aug 16, 2024",15,0:00:00
2025-01-27,QaXodascN24,sorry BTS army 😂 #shorts,"Aug 16, 2024",15,0:00:00
2025-01-28,QaXodascN24,sorry BTS army 😂 #shorts,"Aug 16, 2024",15,0:00:00
2025-01-29,QaXodascN24,sorry BTS army 😂 #shorts,"Aug 16, 2024",15,0:00:00
2025-01-30,QaXodascN24,sorry BTS army 😂 #shorts,"Aug 16, 2024",15,0:00:00
2025-01-31,QaXodascN24,sorry BTS army 😂 #shorts,"Aug 16, 2024",15,0:00:00
2025-02-01,QaXodascN24,sorry BTS army 😂 #shorts,"Aug 16, 2024",15,0:00:00
2025-02-02,QaXodascN24,sorry BTS army 😂 #shorts,"Aug 16, 2024",15,0:00:00
2025-02-03,QaXodascN24,sorry BTS army 😂 #shorts,"Aug 16, 2024",15,0:00:00
2025-02-04,QaXodascN24,sorry BTS army 😂 #shorts,"Aug 16, 2024",15,0:00:00
2025-02-05,QaXodascN24,sorry BTS army 😂 #shorts,"Aug 16, 2024",15,0:00:00
2025-02-06,QaXodascN24,sorry BTS army 😂 #shorts,"Aug 16, 2024",15,0:00:00
2025-02-07,QaXodascN24,sorry BTS army 😂 #shorts,"Aug 16, 2024",15,0:00:00
2025-02-08,QaXodascN24,sorry BTS army 😂 #shorts,"Aug 16, 2024",15,0:00:00
2025-02-09,QaXodascN24,sorry BTS army 😂 #shorts,"Aug 16, 2024",15,0:00:00
2025-02-10,QaXodascN24,sorry BTS army 😂 #shorts,"Aug 16, 2024",15,0:00:00
2025-02-11,QaXodascN24,sorry BTS army 😂 #shorts,"Aug 16, 2024",15,0:00:00
2025-02-12,QaXodascN24,sorry BTS army 😂 #shorts,"Aug 16, 2024",15,0:00:00
2025-02-13,QaXodascN24,sorry BTS army 😂 #shorts,"Aug 16, 2024",15,0:00:00
2025-02-14,QaXodascN24,sorry BTS army 😂 #shorts,"Aug 16, 2024",15,0:00:00
2025-02-15,QaXodascN24,sorry BTS army 😂 #shorts,"Aug 16, 2024",15,0:00:00
2025-02-16,QaXodascN24,sorry BTS army 😂 #shorts,"Aug 16, 2024",15,0:00:00
2025-02-17,QaXodascN24,sorry BTS army 😂 #shorts,"Aug 16, 2024",15,0:00:00
2025-02-18,QaXodascN24,sorry BTS army 😂 #shorts,"Aug 16, 2024",15,0:00:00
2025-02-19,QaXodascN24,sorry BTS army 😂 #shorts,"Aug 16, 2024",15,0:00:00
2025-02-20,QaXodascN24,sorry BTS army 😂 #shorts,"Aug 16, 2024",15,0:00:00
2025-02-21,QaXodascN24,sorry BTS army 😂 #shorts,"Aug 16, 2024",15,0:00:00
2025-02-22,QaXodascN24,sorry BTS army 😂 #shorts,"Aug 16, 2024",15,0:00:00
2025-02-23,QaXodascN24,sorry BTS army 😂 #shorts,"Aug 16, 2024",15,0:00:00
2025-02-24,QaXodascN24,sorry BTS army 😂 #shorts,"Aug 16, 2024",15,0:00:00
2025-02-25,QaXodascN24,sorry BTS army 😂 #shorts,"Aug 16, 2024",15,0:00:00
2025-02-26,QaXodascN24,sorry BTS army 😂 #shorts,"Aug 16, 2024",15,0:00:00
2025-02-27,QaXodascN24,sorry BTS army 😂 #shorts,"Aug 16, 2024",15,0:00:00
2025-02-28,QaXodascN24,sorry BTS army 😂 #shorts,"Aug 16, 2024",15,0:00:00
2025-03-01,QaXodascN24,sorry BTS army 😂 #shorts,"Aug 16, 2024",15,0:00:00
2025-03-02,QaXodascN24,sorry BTS army 😂 #shorts,"Aug 16, 2024",15,0:00:00
2025-03-03,QaXodascN24,sorry BTS army 😂 #shorts,"Aug 16, 2024",15,0:00:00
2025-03-04,QaXodascN24,sorry BTS army 😂 #shorts,"Aug 16, 2024",15,0:00:00
2025-03-05,QaXodascN24,sorry BTS army 😂 #shorts,"Aug 16, 2024",15,0:00:00
2025-03-06,QaXodascN24,sorry BTS army 😂 #shorts,"Aug 16, 2024",15,0:00:00
2025-03-07,QaXodascN24,sorry BTS army 😂 #shorts,"Aug 16, 2024",15,0:00:00
2025-03-08,QaXodascN24,sorry BTS army 😂 #shorts,"Aug 16, 2024",15,0:00:00
2025-03-09,QaXodascN24,sorry BTS army 😂 #shorts,"Aug 16, 2024",15,0:00:00
2025-03-10,QaXodascN24,sorry BTS army 😂 #shorts,"Aug 16, 2024",15,0:00:00
2025-03-11,QaXodascN24,sorry BTS army 😂 #shorts,"Aug 16, 2024",15,0:00:00
2025-03-12,QaXodascN24,sorry BTS army 😂 #shorts,"Aug 16, 2024",15,0:00:00
2025-03-13,QaXodascN24,sorry BTS army 😂 #shorts,"Aug 16, 2024",15,0:00:00
2025-03-14,QaXodascN24,sorry BTS army 😂 #shorts,"Aug 16, 2024",15,0:00:00
2025-03-15,QaXodascN24,sorry BTS army 😂 #shorts,"Aug 16, 2024",15,0:00:00
2025-03-16,QaXodascN24,sorry BTS army 😂 #shorts,"Aug 16, 2024",15,0:00:00
2025-03-17,QaXodascN24,sorry BTS army 😂 #shorts,"Aug 16, 2024",15,0:00:00
2025-03-18,QaXodascN24,sorry BTS army 😂 #shorts,"Aug 16, 2024",15,0:00:00
2025-03-19,QaXodascN24,sorry BTS army 😂 #shorts,"Aug 16, 2024",15,0:00:00
2025-03-20,QaXodascN24,sorry BTS army 😂 #shorts,"Aug 16, 2024",15,0:00:00
2025-03-21,QaXodascN24,sorry BTS army 😂 #shorts,"Aug 16, 2024",15,0:00:00
2025-03-22,QaXodascN24,sorry BTS army 😂 #shorts,"Aug 16, 2024",15,0:00:00
2025-03-23,QaXodascN24,sorry BTS army 😂 #shorts,"Aug 16, 2024",15,0:00:00
2025-03-24,QaXodascN24,sorry BTS army 😂 #shorts,"Aug 16, 2024",15,0:00:00
2025-03-25,QaXodascN24,sorry BTS army 😂 #shorts,"Aug 16, 2024",15,0:00:00
2025-03-26,QaXodascN24,sorry BTS army 😂 #shorts,"Aug 16, 2024",15,0:00:00
2025-03-27,QaXodascN24,sorry BTS army 😂 #shorts,"Aug 16, 2024",15,0:00:00
2025-03-28,QaXodascN24,sorry BTS army 😂 #shorts,"Aug 16, 2024",15,0:00:00
2025-03-29,QaXodascN24,sorry BTS army 😂 #shorts,"Aug 16, 2024",15,0:00:00
2025-03-30,QaXodascN24,sorry BTS army 😂 #shorts,"Aug 16, 2024",15,0:00:00
2025-03-31,QaXodascN24,sorry BTS army 😂 #shorts,"Aug 16, 2024",15,0:00:00
2025-04-01,QaXodascN24,sorry BTS army 😂 #shorts,"Aug 16, 2024",15,0:00:00
2025-04-02,QaXodascN24,sorry BTS army 😂 #shorts,"Aug 16, 2024",15,0:00:00
2025-04-03,QaXodascN24,sorry BTS army 😂 #shorts,"Aug 16, 2024",15,0:00:00
2025-04-04,QaXodascN24,sorry BTS army 😂 #shorts,"Aug 16, 2024",15,0:00:00
2025-04-05,QaXodascN24,sorry BTS army 😂 #shorts,"Aug 16, 2024",15,0:00:00
2025-04-06,QaXodascN24,sorry BTS army 😂 #shorts,"Aug 16, 2024",15,0:00:00
2025-04-07,QaXodascN24,sorry BTS army 😂 #shorts,"Aug 16, 2024",15,0:00:00
2025-04-08,QaXodascN24,sorry BTS army 😂 #shorts,"Aug 16, 2024",15,0:00:00
2025-04-09,QaXodascN24,sorry BTS army 😂 #shorts,"Aug 16, 2024",15,0:00:00
2025-04-10,QaXodascN24,sorry BTS army 😂 #shorts,"Aug 16, 2024",15,0:00:00
2025-04-11,QaXodascN24,sorry BTS army 😂 #shorts,"Aug 16, 2024",15,0:00:00
2025-04-12,QaXodascN24,sorry BTS army 😂 #shorts,"Aug 16, 2024",15,0:00:00
2025-04-13,QaXodascN24,sorry BTS army 😂 #shorts,"Aug 16, 2024",15,0:00:00
2025-04-14,QaXodascN24,sorry BTS army 😂 #shorts,"Aug 16, 2024",15,0:00:00
2025-04-15,QaXodascN24,sorry BTS army 😂 #shorts,"Aug 16, 2024",15,0:00:00
2025-04-16,QaXodascN24,sorry BTS army 😂 #shorts,"Aug 16, 2024",15,0:00:00
2025-04-17,QaXodascN24,sorry BTS army 😂 #shorts,"Aug 16, 2024",15,0:00:00
2025-04-18,QaXodascN24,sorry BTS army 😂 #shorts,"Aug 16, 2024",15,0:00:00
2025-04-19,QaXodascN24,sorry BTS army 😂 #shorts,"Aug 16, 2024",15,0:00:00
2025-04-20,QaXodascN24,sorry BTS army 😂 #shorts,"Aug 16, 2024",15,0:00:00
2025-04-21,QaXodascN24,sorry BTS army 😂 #shorts,"Aug 16, 2024",15,0:00:00
2025-04-22,QaXodascN24,sorry BTS army 😂 #shorts,"Aug 16, 2024",15,0:00:00
2025-04-23,QaXodascN24,sorry BTS army 😂 #shorts,"Aug 16, 2024",15,0:00:00
2025-04-24,QaXodascN24,sorry BTS army 😂 #shorts,"Aug 16, 2024",15,0:00:00
2025-04-25,QaXodascN24,sorry BTS army 😂 #shorts,"Aug 16, 2024",15,0:00:00
2025-04-26,QaXodascN24,sorry BTS army 😂 #shorts,"Aug 16, 2024",15,0:00:00
2025-04-27,QaXodascN24,sorry BTS army 😂 #shorts,"Aug 16, 2024",15,0:00:00
2025-04-28,QaXodascN24,sorry BTS army 😂 #shorts,"Aug 16, 2024",15,0:00:00
2025-04-29,QaXodascN24,sorry BTS army 😂 #shorts,"Aug 16, 2024",15,0:00:00
2025-04-30,QaXodascN24,sorry BTS army 😂 #shorts,"Aug 16, 2024",15,0:00:00
2025-05-01,QaXodascN24,sorry BTS army 😂 #shorts,"Aug 16, 2024",15,0:00:00
2025-05-02,QaXodascN24,sorry BTS army 😂 #shorts,"Aug 16, 2024",15,0:00:00
2025-05-03,QaXodascN24,sorry BTS army 😂 #shorts,"Aug 16, 2024",15,0:00:00
2025-05-04,QaXodascN24,sorry BTS army 😂 #shorts,"Aug 16, 2024",15,0:00:00
2025-05-05,QaXodascN24,sorry BTS army 😂 #shorts,"Aug 16, 2024",15,0:00:00
2025-05-06,QaXodascN24,sorry BTS army 😂 #shorts,"Aug 16, 2024",15,0:00:00
2025-05-07,QaXodascN24,sorry BTS army 😂 #shorts,"Aug 16, 2024",15,0:00:00
2025-05-08,QaXodascN24,sorry BTS army 😂 #shorts,"Aug 16, 2024",15,0:00:00
2025-05-09,QaXodascN24,sorry BTS army 😂 #shorts,"Aug 16, 2024",15,0:00:00
2025-05-10,QaXodascN24,sorry BTS army 😂 #shorts,"Aug 16, 2024",15,0:00:00
2025-05-11,QaXodascN24,sorry BTS army 😂 #shorts,"Aug 16, 2024",15,0:00:00
2025-05-12,QaXodascN24,sorry BTS army 😂 #shorts,"Aug 16, 2024",15,0:00:00
2025-05-13,QaXodascN24,sorry BTS army 😂 #shorts,"Aug 16, 2024",15,0:00:00
2025-05-14,QaXodascN24,sorry BTS army 😂 #shorts,"Aug 16, 2024",15,0:00:00
2025-05-15,QaXodascN24,sorry BTS army 😂 #shorts,"Aug 16, 2024",15,0:00:00
2025-05-16,QaXodascN24,sorry BTS army 😂 #shorts,"Aug 16, 2024",15,0:00:00
2025-05-17,QaXodascN24,sorry BTS army 😂 #shorts,"Aug 16, 2024",15,0:00:00
2025-05-18,QaXodascN24,sorry BTS army 😂 #shorts,"Aug 16, 2024",15,0:00:00
2025-05-19,QaXodascN24,sorry BTS army 😂 #shorts,"Aug 16, 2024",15,0:00:00
2025-05-20,QaXodascN24,sorry BTS army 😂 #shorts,"Aug 16, 2024",15,0:00:00
2025-05-21,QaXodascN24,sorry BTS army 😂 #shorts,"Aug 16, 2024",15,0:00:00
2025-05-22,QaXodascN24,sorry BTS army 😂 #shorts,"Aug 16, 2024",15,0:00:00
2025-05-23,QaXodascN24,sorry BTS army 😂 #shorts,"Aug 16, 2024",15,0:00:00
2025-05-24,QaXodascN24,sorry BTS army 😂 #shorts,"Aug 16, 2024",15,0:00:00
2025-05-25,QaXodascN24,sorry BTS army 😂 #shorts,"Aug 16, 2024",15,0:00:00
2025-05-26,QaXodascN24,sorry BTS army 😂 #shorts,"Aug 16, 2024",15,0:00:00
2025-05-27,QaXodascN24,sorry BTS army 😂 #shorts,"Aug 16, 2024",15,0:00:00
2025-05-28,QaXodascN24,sorry BTS army 😂 #shorts,"Aug 16, 2024",15,0:00:00
2025-05-29,QaXodascN24,sorry BTS army 😂 #shorts,"Aug 16, 2024",15,0:00:00
2025-05-30,QaXodascN24,sorry BTS army 😂 #shorts,"Aug 16, 2024",15,0:00:00
2025-05-31,QaXodascN24,sorry BTS army 😂 #shorts,"Aug 16, 2024",15,0:00:00
2025-06-01,QaXodascN24,sorry BTS army 😂 #shorts,"Aug 16, 2024",15,0:00:00
2025-06-02,QaXodascN24,sorry BTS army 😂 #shorts,"Aug 16, 2024",15,0:00:00
2025-06-03,QaXodascN24,sorry BTS army 😂 #shorts,"Aug 16, 2024",15,0:00:00
2025-06-04,QaXodascN24,sorry BTS army 😂 #shorts,"Aug 16, 2024",15,0:00:00
2025-06-05,QaXodascN24,sorry BTS army 😂 #shorts,"Aug 16, 2024",15,0:00:00
2025-06-06,QaXodascN24,sorry BTS army 😂 #shorts,"Aug 16, 2024",15,0:00:00
2025-06-07,QaXodascN24,sorry BTS army 😂 #shorts,"Aug 16, 2024",15,0:00:00
2025-06-08,QaXodascN24,sorry BTS army 😂 #shorts,"Aug 16, 2024",15,0:00:00
2025-06-09,QaXodascN24,sorry BTS army 😂 #shorts,"Aug 16, 2024",15,0:00:00
2025-06-10,QaXodascN24,sorry BTS army 😂 #shorts,"Aug 16, 2024",15,0:00:00
2025-06-11,QaXodascN24,sorry BTS army 😂 #shorts,"Aug 16, 2024",15,0:00:00
2025-06-12,QaXodascN24,sorry BTS army 😂 #shorts,"Aug 16, 2024",15,0:00:00
2025-06-13,QaXodascN24,sorry BTS army 😂 #shorts,"Aug 16, 2024",15,0:00:00
2025-06-14,QaXodascN24,sorry BTS army 😂 #shorts,"Aug 16, 2024",15,0:00:00
2025-06-15,QaXodascN24,sorry BTS army 😂 #shorts,"Aug 16, 2024",15,0:00:00
2025-06-16,QaXodascN24,sorry BTS army 😂 #shorts,"Aug 16, 2024",15,0:00:00
2025-06-17,QaXodascN24,sorry BTS army 😂 #shorts,"Aug 16, 2024",15,0:00:00
2025-06-18,QaXodascN24,sorry BTS army 😂 #shorts,"Aug 16, 2024",15,0:00:00
2025-06-19,QaXodascN24,sorry BTS army 😂 #shorts,"Aug 16, 2024",15,0:00:00
2025-06-20,QaXodascN24,sorry BTS army 😂 #shorts,"Aug 16, 2024",15,0:00:00
2025-06-21,QaXodascN24,sorry BTS army 😂 #shorts,"Aug 16, 2024",15,0:00:00
2025-06-22,QaXodascN24,sorry BTS army 😂 #shorts,"Aug 16, 2024",15,0:00:00
2025-06-23,QaXodascN24,sorry BTS army 😂 #shorts,"Aug 16, 2024",15,0:00:00
2025-06-24,QaXodascN24,sorry BTS army 😂 #shorts,"Aug 16, 2024",15,0:00:00
2025-06-25,QaXodascN24,sorry BTS army 😂 #shorts,"Aug 16, 2024",15,0:00:00
2025-06-26,QaXodascN24,sorry BTS army 😂 #shorts,"Aug 16, 2024",15,0:00:00
2025-06-27,QaXodascN24,sorry BTS army 😂 #shorts,"Aug 16, 2024",15,0:00:00
2025-06-28,QaXodascN24,sorry BTS army 😂 #shorts,"Aug 16, 2024",15,0:00:00
2025-06-29,QaXodascN24,sorry BTS army 😂 #shorts,"Aug 16, 2024",15,0:00:00
2025-06-30,QaXodascN24,sorry BTS army 😂 #shorts,"Aug 16, 2024",15,0:00:00
2025-07-01,QaXodascN24,sorry BTS army 😂 #shorts,"Aug 16, 2024",15,0:00:00
2025-07-02,QaXodascN24,sorry BTS army 😂 #shorts,"Aug 16, 2024",15,0:00:00
2025-07-03,QaXodascN24,sorry BTS army 😂 #shorts,"Aug 16, 2024",15,0:00:00
2025-07-04,QaXodascN24,sorry BTS army 😂 #shorts,"Aug 16, 2024",15,0:00:00
2025-07-05,QaXodascN24,sorry BTS army 😂 #shorts,"Aug 16, 2024",15,0:00:00
2025-07-06,QaXodascN24,sorry BTS army 😂 #shorts,"Aug 16, 2024",15,0:00:00
2025-07-07,QaXodascN24,sorry BTS army 😂 #shorts,"Aug 16, 2024",15,0:00:00
2025-07-08,QaXodascN24,sorry BTS army 😂 #shorts,"Aug 16, 2024",15,0:00:00
2025-07-09,QaXodascN24,sorry BTS army 😂 #shorts,"Aug 16, 2024",15,0:00:00
2025-07-10,QaXodascN24,sorry BTS army 😂 #shorts,"Aug 16, 2024",15,0:00:00
2025-07-11,QaXodascN24,sorry BTS army 😂 #shorts,"Aug 16, 2024",15,0:00:00
2025-07-12,QaXodascN24,sorry BTS army 😂 #shorts,"Aug 16, 2024",15,0:00:00
2025-07-13,QaXodascN24,sorry BTS army 😂 #shorts,"Aug 16, 2024",15,0:00:00
2025-07-14,QaXodascN24,sorry BTS army 😂 #shorts,"Aug 16, 2024",15,0:00:00
2025-07-15,QaXodascN24,sorry BTS army 😂 #shorts,"Aug 16, 2024",15,0:00:00
2025-07-16,QaXodascN24,sorry BTS army 😂 #shorts,"Aug 16, 2024",15,0:00:00
2025-07-17,QaXodascN24,sorry BTS army 😂 #shorts,"Aug 16, 2024",15,0:00:00
2025-07-18,QaXodascN24,sorry BTS army 😂 #shorts,"Aug 16, 2024",15,0:00:00
2025-07-19,QaXodascN24,sorry BTS army 😂 #shorts,"Aug 16, 2024",15,0:00:00
2025-07-20,QaXodascN24,sorry BTS army 😂 #shorts,"Aug 16, 2024",15,0:00:00
2025-07-21,QaXodascN24,sorry BTS army 😂 #shorts,"Aug 16, 2024",15,0:00:00
2025-07-22,QaXodascN24,sorry BTS army 😂 #shorts,"Aug 16, 2024",15,0:00:00
2025-07-23,QaXodascN24,sorry BTS army 😂 #shorts,"Aug 16, 2024",15,0:00:00
2025-07-24,QaXodascN24,sorry BTS army 😂 #shorts,"Aug 16, 2024",15,0:00:00
2025-07-25,QaXodascN24,sorry BTS army 😂 #shorts,"Aug 16, 2024",15,0:00:00
2025-07-26,QaXodascN24,sorry BTS army 😂 #shorts,"Aug 16, 2024",15,0:00:00
2025-07-27,QaXodascN24,sorry BTS army 😂 #shorts,"Aug 16, 2024",15,0:00:00
2025-07-28,QaXodascN24,sorry BTS army 😂 #shorts,"Aug 16, 2024",15,0:00:00
2025-07-29,QaXodascN24,sorry BTS army 😂 #shorts,"Aug 16, 2024",15,0:00:00
2025-07-30,QaXodascN24,sorry BTS army 😂 #shorts,"Aug 16, 2024",15,0:00:00
2025-07-31,QaXodascN24,sorry BTS army 😂 #shorts,"Aug 16, 2024",15,0:00:00
2025-08-01,QaXodascN24,sorry BTS army 😂 #shorts,"Aug 16, 2024",15,0:00:00
2025-08-02,QaXodascN24,sorry BTS army 😂 #shorts,"Aug 16, 2024",15,0:00:00
2025-08-03,QaXodascN24,sorry BTS army 😂 #shorts,"Aug 16, 2024",15,0:00:00
2025-08-04,QaXodascN24,sorry BTS army 😂 #shorts,"Aug 16, 2024",15,0:00:00
2025-08-05,QaXodascN24,sorry BTS army 😂 #shorts,"Aug 16, 2024",15,0:00:00
2025-08-06,QaXodascN24,sorry BTS army 😂 #shorts,"Aug 16, 2024",15,0:00:00
2025-08-07,QaXodascN24,sorry BTS army 😂 #shorts,"Aug 16, 2024",15,0:00:00
2025-08-08,QaXodascN24,sorry BTS army 😂 #shorts,"Aug 16, 2024",15,0:00:00
2025-08-09,QaXodascN24,sorry BTS army 😂 #shorts,"Aug 16, 2024",15,0:00:00
2025-08-10,QaXodascN24,sorry BTS army 😂 #shorts,"Aug 16, 2024",15,0:00:00
2025-08-11,QaXodascN24,sorry BTS army 😂 #shorts,"Aug 16, 2024",15,0:00:00
2025-08-12,QaXodascN24,sorry BTS army 😂 #shorts,"Aug 16, 2024",15,0:00:00
2025-08-13,QaXodascN24,sorry BTS army 😂 #shorts,"Aug 16, 2024",15,0:00:00
2025-08-14,QaXodascN24,sorry BTS army 😂 #shorts,"Aug 16, 2024",15,0:00:00
2025-08-15,QaXodascN24,sorry BTS army 😂 #shorts,"Aug 16, 2024",15,0:00:00
2025-08-16,QaXodascN24,sorry BTS army 😂 #shorts,"Aug 16, 2024",15,0:00:00
2025-08-17,QaXodascN24,sorry BTS army 😂 #shorts,"Aug 16, 2024",15,0:00:00
2025-08-18,QaXodascN24,sorry BTS army 😂 #shorts,"Aug 16, 2024",15,0:00:00
2025-08-19,QaXodascN24,sorry BTS army 😂 #shorts,"Aug 16, 2024",15,0:00:00
2025-08-20,QaXodascN24,sorry BTS army 😂 #shorts,"Aug 16, 2024",15,0:00:00
2025-08-21,QaXodascN24,sorry BTS army 😂 #shorts,"Aug 16, 2024",15,0:00:00
2025-08-22,QaXodascN24,sorry BTS army 😂 #shorts,"Aug 16, 2024",15,0:00:00
2025-08-23,QaXodascN24,sorry BTS army 😂 #shorts,"Aug 16, 2024",15,0:00:00
2025-08-24,QaXodascN24,sorry BTS army 😂 #shorts,"Aug 16, 2024",15,0:00:00
2025-08-25,QaXodascN24,sorry BTS army 😂 #shorts,"Aug 16, 2024",15,0:00:00
2025-08-26,QaXodascN24,sorry BTS army 😂 #shorts,"Aug 16, 2024",15,0:00:00
2025-08-27,QaXodascN24,sorry BTS army 😂 #shorts,"Aug 16, 2024",15,0:00:00
2025-08-28,QaXodascN24,sorry BTS army 😂 #shorts,"Aug 16, 2024",15,0:00:00
2025-08-29,QaXodascN24,sorry BTS army 😂 #shorts,"Aug 16, 2024",15,0:00:00
2025-08-30,QaXodascN24,sorry BTS army 😂 #shorts,"Aug 16, 2024",15,0:00:00
2025-08-31,QaXodascN24,sorry BTS army 😂 #shorts,"Aug 16, 2024",15,0:00:00
2025-09-01,QaXodascN24,sorry BTS army 😂 #shorts,"Aug 16, 2024",15,0:00:00
2025-09-02,QaXodascN24,sorry BTS army 😂 #shorts,"Aug 16, 2024",15,0:00:00
2025-09-03,QaXodascN24,sorry BTS army 😂 #shorts,"Aug 16, 2024",15,0:00:00
2025-09-04,QaXodascN24,sorry BTS army 😂 #shorts,"Aug 16, 2024",15,0:00:00
2025-09-05,QaXodascN24,sorry BTS army 😂 #shorts,"Aug 16, 2024",15,0:00:00
2025-09-06,QaXodascN24,sorry BTS army 😂 #shorts,"Aug 16, 2024",15,0:00:00
2025-09-07,QaXodascN24,sorry BTS army 😂 #shorts,"Aug 16, 2024",15,0:00:00
2025-09-08,QaXodascN24,sorry BTS army 😂 #shorts,"Aug 16, 2024",15,0:00:00
2025-09-09,QaXodascN24,sorry BTS army 😂 #shorts,"Aug 16, 2024",15,0:00:00
2025-09-10,QaXodascN24,sorry BTS army 😂 #shorts,"Aug 16, 2024",15,0:00:00
2025-09-11,QaXodascN24,sorry BTS army 😂 #shorts,"Aug 16, 2024",15,0:00:00
2025-09-12,QaXodascN24,sorry BTS army 😂 #shorts,"Aug 16, 2024",15,0:00:00
2025-09-13,QaXodascN24,sorry BTS army 😂 #shorts,"Aug 16, 2024",15,0:00:00
2025-09-14,QaXodascN24,sorry BTS army 😂 #shorts,"Aug 16, 2024",15,0:00:00
2025-09-15,QaXodascN24,sorry BTS army 😂 #shorts,"Aug 16, 2024",15,0:00:00
2025-09-16,QaXodascN24,sorry BTS army 😂 #shorts,"Aug 16, 2024",15,0:00:00
2025-09-17,QaXodascN24,sorry BTS army 😂 #shorts,"Aug 16, 2024",15,0:00:00
2025-09-18,QaXodascN24,sorry BTS army 😂 #shorts,"Aug 16, 2024",15,0:00:00
2025-09-19,QaXodascN24,sorry BTS army 😂 #shorts,"Aug 16, 2024",15,0:00:00
2025-09-20,QaXodascN24,sorry BTS army 😂 #shorts,"Aug 16, 2024",15,0:00:00
2025-09-21,QaXodascN24,sorry BTS army 😂 #shorts,"Aug 16, 2024",15,0:00:00
2025-09-22,QaXodascN24,sorry BTS army 😂 #shorts,"Aug 16, 2024",15,0:00:00
2025-09-23,QaXodascN24,sorry BTS army 😂 #shorts,"Aug 16, 2024",15,0:00:00
2025-09-24,QaXodascN24,sorry BTS army 😂 #shorts,"Aug 16, 2024",15,0:00:00
2025-09-25,QaXodascN24,sorry BTS army 😂 #shorts,"Aug 16, 2024",15,0:00:00
2025-09-26,QaXodascN24,sorry BTS army 😂 #shorts,"Aug 16, 2024",15,0:00:00
2025-09-27,QaXodascN24,sorry BTS army 😂 #shorts,"Aug 16, 2024",15,0:00:00
2025-09-28,QaXodascN24,sorry BTS army 😂 #shorts,"Aug 16, 2024",15,0:00:00
2025-09-29,QaXodascN24,sorry BTS army 😂 #shorts,"Aug 16, 2024",15,0:00:00
2025-09-30,QaXodascN24,sorry BTS army 😂 #shorts,"Aug 16, 2024",15,0:00:00
2025-10-01,QaXodascN24,sorry BTS army 😂 #shorts,"Aug 16, 2024",15,0:00:00
2025-10-02,QaXodascN24,sorry BTS army 😂 #shorts,"Aug 16, 2024",15,0:00:00
2025-10-03,QaXodascN24,sorry BTS army 😂 #shorts,"Aug 16, 2024",15,0:00:00
2025-10-04,QaXodascN24,sorry BTS army 😂 #shorts,"Aug 16, 2024",15,0:00:00
2025-10-05,QaXodascN24,sorry BTS army 😂 #shorts,"Aug 16, 2024",15,0:00:00
2025-10-06,QaXodascN24,sorry BTS army 😂 #shorts,"Aug 16, 2024",15,0:00:00
2025-10-07,QaXodascN24,sorry BTS army 😂 #shorts,"Aug 16, 2024",15,0:00:00
2025-10-08,QaXodascN24,sorry BTS army 😂 #shorts,"Aug 16, 2024",15,0:00:00
2025-10-09,QaXodascN24,sorry BTS army 😂 #shorts,"Aug 16, 2024",15,0:00:00
2025-10-10,QaXodascN24,sorry BTS army 😂 #shorts,"Aug 16, 2024",15,0:00:00
2025-10-11,QaXodascN24,sorry BTS army 😂 #shorts,"Aug 16, 2024",15,0:00:00
2025-10-12,QaXodascN24,sorry BTS army 😂 #shorts,"Aug 16, 2024",15,0:00:00
2025-10-13,QaXodascN24,sorry BTS army 😂 #shorts,"Aug 16, 2024",15,0:00:00
2025-10-14,QaXodascN24,sorry BTS army 😂 #shorts,"Aug 16, 2024",15,0:00:00
2025-10-15,QaXodascN24,sorry BTS army 😂 #shorts,"Aug 16, 2024",15,0:00:00
2025-10-16,QaXodascN24,sorry BTS army 😂 #shorts,"Aug 16, 2024",15,0:00:00
2025-10-17,QaXodascN24,sorry BTS army 😂 #shorts,"Aug 16, 2024",15,0:00:00
2025-10-18,QaXodascN24,sorry BTS army 😂 #shorts,"Aug 16, 2024",15,0:00:00
2025-10-19,QaXodascN24,sorry BTS army 😂 #shorts,"Aug 16, 2024",15,0:00:00
2025-10-20,QaXodascN24,sorry BTS army 😂 #shorts,"Aug 16, 2024",15,0:00:00
2025-10-21,QaXodascN24,sorry BTS army 😂 #shorts,"Aug 16, 2024",15,0:00:00
2025-10-22,QaXodascN24,sorry BTS army 😂 #shorts,"Aug 16, 2024",15,0:00:00
2025-10-23,QaXodascN24,sorry BTS army 😂 #shorts,"Aug 16, 2024",15,0:00:00
2025-10-24,QaXodascN24,sorry BTS army 😂 #shorts,"Aug 16, 2024",15,0:00:00
2025-10-25,QaXodascN24,sorry BTS army 😂 #shorts,"Aug 16, 2024",15,0:00:00
2025-10-26,QaXodascN24,sorry BTS army 😂 #shorts,"Aug 16, 2024",15,0:00:00
2025-10-27,QaXodascN24,sorry BTS army 😂 #shorts,"Aug 16, 2024",15,0:00:00
2025-10-28,QaXodascN24,sorry BTS army 😂 #shorts,"Aug 16, 2024",15,0:00:00
2025-10-29,QaXodascN24,sorry BTS army 😂 #shorts,"Aug 16, 2024",15,0:00:00
2025-10-30,QaXodascN24,sorry BTS army 😂 #shorts,"Aug 16, 2024",15,0:00:00
2025-10-31,QaXodascN24,sorry BTS army 😂 #shorts,"Aug 16, 2024",15,0:00:00
2025-11-01,QaXodascN24,sorry BTS army 😂 #shorts,"Aug 16, 2024",15,0:00:00
2025-11-02,QaXodascN24,sorry BTS army 😂 #shorts,"Aug 16, 2024",15,0:00:00
2025-11-03,QaXodascN24,sorry BTS army 😂 #shorts,"Aug 16, 2024",15,0:00:00
2025-11-04,QaXodascN24,sorry BTS army 😂 #shorts,"Aug 16, 2024",15,0:00:00
2025-11-05,QaXodascN24,sorry BTS army 😂 #shorts,"Aug 16, 2024",15,0:00:00
2025-11-06,QaXodascN24,sorry BTS army 😂 #shorts,"Aug 16, 2024",15,0:00:00
2025-11-07,QaXodascN24,sorry BTS army 😂 #shorts,"Aug 16, 2024",15,0:00:00
2025-11-08,QaXodascN24,sorry BTS army 😂 #shorts,"Aug 16, 2024",15,0:00:00
2025-11-09,QaXodascN24,sorry BTS army 😂 #shorts,"Aug 16, 2024",15,0:00:00
2025-11-10,QaXodascN24,sorry BTS army 😂 #shorts,"Aug 16, 2024",15,0:00:00
2025-11-11,QaXodascN24,sorry BTS army 😂 #shorts,"Aug 16, 2024",15,0:00:00
2025-11-12,QaXodascN24,sorry BTS army 😂 #shorts,"Aug 16, 2024",15,0:00:00
2025-11-13,QaXodascN24,sorry BTS army 😂 #shorts,"Aug 16, 2024",15,0:00:00
2025-11-14,QaXodascN24,sorry BTS army 😂 #shorts,"Aug 16, 2024",15,0:00:00
2025-11-15,QaXodascN24,sorry BTS army 😂 #shorts,"Aug 16, 2024",15,0:00:00
2025-11-16,QaXodascN24,sorry BTS army 😂 #shorts,"Aug 16, 2024",15,0:00:00
2025-11-17,QaXodascN24,sorry BTS army 😂 #shorts,"Aug 16, 2024",15,0:00:00
2025-11-18,QaXodascN24,sorry BTS army 😂 #shorts,"Aug 16, 2024",15,0:00:00
2025-11-19,QaXodascN24,sorry BTS army 😂 #shorts,"Aug 16, 2024",15,0:00:00
2025-11-20,QaXodascN24,sorry BTS army 😂 #shorts,"Aug 16, 2024",15,0:00:00
2025-11-21,QaXodascN24,sorry BTS army 😂 #shorts,"Aug 16, 2024",15,0:00:00
2025-11-22,QaXodascN24,sorry BTS army 😂 #shorts,"Aug 16, 2024",15,0:00:00
2025-11-23,QaXodascN24,sorry BTS army 😂 #shorts,"Aug 16, 2024",15,0:00:00
2025-11-24,QaXodascN24,sorry BTS army 😂 #shorts,"Aug 16, 2024",15,0:00:00
2025-11-25,QaXodascN24,sorry BTS army 😂 #shorts,"Aug 16, 2024",15,0:00:00
2025-11-26,QaXodascN24,sorry BTS army 😂 #shorts,"Aug 16, 2024",15,0:00:00
2025-11-27,QaXodascN24,sorry BTS army 😂 #shorts,"Aug 16, 2024",15,0:00:00
2025-11-28,QaXodascN24,sorry BTS army 😂 #shorts,"Aug 16, 2024",15,0:00:00
2025-11-29,QaXodascN24,sorry BTS army 😂 #shorts,"Aug 16, 2024",15,0:00:00
2025-11-30,QaXodascN24,sorry BTS army 😂 #shorts,"Aug 16, 2024",15,0:00:00
2025-12-01,QaXodascN24,sorry BTS army 😂 #shorts,"Aug 16, 2024",15,0:00:00
2025-12-02,QaXodascN24,sorry BTS army 😂 #shorts,"Aug 16, 2024",15,0:00:00
2025-12-03,QaXodascN24,sorry BTS army 😂 #shorts,"Aug 16, 2024",15,0:00:00
2025-12-04,QaXodascN24,sorry BTS army 😂 #shorts,"Aug 16, 2024",15,0:00:00
2025-12-05,QaXodascN24,sorry BTS army 😂 #shorts,"Aug 16, 2024",15,0:00:00
2025-12-06,QaXodascN24,sorry BTS army 😂 #shorts,"Aug 16, 2024",15,0:00:00
2025-12-07,QaXodascN24,sorry BTS army 😂 #shorts,"Aug 16, 2024",15,0:00:00
2025-12-08,QaXodascN24,sorry BTS army 😂 #shorts,"Aug 16, 2024",15,0:00:00
2025-12-09,QaXodascN24,sorry BTS army 😂 #shorts,"Aug 16, 2024",15,0:00:00
2025-12-10,QaXodascN24,sorry BTS army 😂 #shorts,"Aug 16, 2024",15,0:00:00
2025-12-11,QaXodascN24,sorry BTS army 😂 #shorts,"Aug 16, 2024",15,0:00:00
2025-12-12,QaXodascN24,sorry BTS army 😂 #shorts,"Aug 16, 2024",15,0:00:00
2025-12-13,QaXodascN24,sorry BTS army 😂 #shorts,"Aug 16, 2024",15,0:00:00
2025-12-14,QaXodascN24,sorry BTS army 😂 #shorts,"Aug 16, 2024",15,0:00:00
2025-12-15,QaXodascN24,sorry BTS army 😂 #shorts,"Aug 16, 2024",15,0:00:00
2025-12-16,QaXodascN24,sorry BTS army 😂 #shorts,"Aug 16, 2024",15,0:00:00
2025-12-17,QaXodascN24,sorry BTS army 😂 #shorts,"Aug 16, 2024",15,0:00:00
2025-12-18,QaXodascN24,sorry BTS army 😂 #shorts,"Aug 16, 2024",15,0:00:00
2025-12-19,QaXodascN24,sorry BTS army 😂 #shorts,"Aug 16, 2024",15,0:00:00
2025-12-20,QaXodascN24,sorry BTS army 😂 #shorts,"Aug 16, 2024",15,0:00:00
2025-12-21,QaXodascN24,sorry BTS army 😂 #shorts,"Aug 16, 2024",15,0:00:00
2025-12-22,QaXodascN24,sorry BTS army 😂 #shorts,"Aug 16, 2024",15,0:00:00
2025-12-23,QaXodascN24,sorry BTS army 😂 #shorts,"Aug 16, 2024",15,0:00:00
2025-12-24,QaXodascN24,sorry BTS army 😂 #shorts,"Aug 16, 2024",15,0:00:00
2025-12-25,QaXodascN24,sorry BTS army 😂 #shorts,"Aug 16, 2024",15,0:00:00
2025-12-26,QaXodascN24,sorry BTS army 😂 #shorts,"Aug 16, 2024",15,0:00:00
2025-12-27,QaXodascN24,sorry BTS army 😂 #shorts,"Aug 16, 2024",15,0:00:00
2025-12-28,QaXodascN24,sorry BTS army 😂 #shorts,"Aug 16, 2024",15,0:00:00
2025-12-29,QaXodascN24,sorry BTS army 😂 #shorts,"Aug 16, 2024",15,0:00:00
2025-12-30,QaXodascN24,sorry BTS army 😂 #shorts,"Aug 16, 2024",15,0:00:00
2025-12-31,QaXodascN24,sorry BTS army 😂 #shorts,"Aug 16, 2024",15,0:00:00
2026-01-01,QaXodascN24,sorry BTS army 😂 #shorts,"Aug 16, 2024",15,0:00:00
2026-01-02,QaXodascN24,sorry BTS army 😂 #shorts,"Aug 16, 2024",15,0:00:00
2026-01-03,QaXodascN24,sorry BTS army 😂 #shorts,"Aug 16, 2024",15,0:00:00
2026-01-04,QaXodascN24,sorry BTS army 😂 #shorts,"Aug 16, 2024",15,0:00:00
2026-01-05,QaXodascN24,sorry BTS army 😂 #shorts,"Aug 16, 2024",15,0:00:00
2026-01-06,QaXodascN24,sorry BTS army 😂 #shorts,"Aug 16, 2024",15,0:00:00
2026-01-07,QaXodascN24,sorry BTS army 😂 #shorts,"Aug 16, 2024",15,0:00:00
2026-01-08,QaXodascN24,sorry BTS army 😂 #shorts,"Aug 16, 2024",15,0:00:00
2026-01-09,QaXodascN24,sorry BTS army 😂 #shorts,"Aug 16, 2024",15,0:00:00
2026-01-10,QaXodascN24,sorry BTS army 😂 #shorts,"Aug 16, 2024",15,0:00:00
2026-01-11,QaXodascN24,sorry BTS army 😂 #shorts,"Aug 16, 2024",15,0:00:00
2026-01-12,QaXodascN24,sorry BTS army 😂 #shorts,"Aug 16, 2024",15,0:00:00
2026-01-13,QaXodascN24,sorry BTS army 😂 #shorts,"Aug 16, 2024",15,0:00:00
2026-01-14,QaXodascN24,sorry BTS army 😂 #shorts,"Aug 16, 2024",15,0:00:00
2026-01-15,QaXodascN24,sorry BTS army 😂 #shorts,"Aug 16, 2024",15,0:00:00
2026-01-16,QaXodascN24,sorry BTS army 😂 #shorts,"Aug 16, 2024",15,0:00:00
2026-01-17,QaXodascN24,sorry BTS army 😂 #shorts,"Aug 16, 2024",15,0:00:00
2026-01-18,QaXodascN24,sorry BTS army 😂 #shorts,"Aug 16, 2024",15,0:00:00
2026-01-19,QaXodascN24,sorry BTS army 😂 #shorts,"Aug 16, 2024",15,0:00:00
2026-01-20,QaXodascN24,sorry BTS army 😂 #shorts,"Aug 16, 2024",15,0:00:00
2026-01-21,QaXodascN24,sorry BTS army 😂 #shorts,"Aug 16, 2024",15,0:00:00
2026-01-22,QaXodascN24,sorry BTS army 😂 #shorts,"Aug 16, 2024",15,0:00:00
2026-01-23,QaXodascN24,sorry BTS army 😂 #shorts,"Aug 16, 2024",15,0:00:00
2026-01-24,QaXodascN24,sorry BTS army 😂 #shorts,"Aug 16, 2024",15,0:00:00
2026-01-25,QaXodascN24,sorry BTS army 😂 #shorts,"Aug 16, 2024",15,0:00:00
2026-01-26,QaXodascN24,sorry BTS army 😂 #shorts,"Aug 16, 2024",15,0:00:00
2026-01-27,QaXodascN24,sorry BTS army 😂 #shorts,"Aug 16, 2024",15,0:00:00
2026-01-28,QaXodascN24,sorry BTS army 😂 #shorts,"Aug 16, 2024",15,0:00:00
2026-01-29,QaXodascN24,sorry BTS army 😂 #shorts,"Aug 16, 2024",15,0:00:00
2026-01-30,QaXodascN24,sorry BTS army 😂 #shorts,"Aug 16, 2024",15,0:00:00
2026-01-31,QaXodascN24,sorry BTS army 😂 #shorts,"Aug 16, 2024",15,0:00:00
2026-02-01,QaXodascN24,sorry BTS army 😂 #shorts,"Aug 16, 2024",15,0:00:00
2026-02-02,QaXodascN24,sorry BTS army 😂 #shorts,"Aug 16, 2024",15,0:00:00
2026-02-03,QaXodascN24,sorry BTS army 😂 #shorts,"Aug 16, 2024",15,0:00:00
2026-02-04,QaXodascN24,sorry BTS army 😂 #shorts,"Aug 16, 2024",15,0:00:00
2026-02-05,QaXodascN24,sorry BTS army 😂 #shorts,"Aug 16, 2024",15,0:00:00
2026-02-06,QaXodascN24,sorry BTS army 😂 #shorts,"Aug 16, 2024",15,0:00:00
2026-02-07,QaXodascN24,sorry BTS army 😂 #shorts,"Aug 16, 2024",15,0:00:00
2026-02-08,QaXodascN24,sorry BTS army 😂 #shorts,"Aug 16, 2024",15,0:00:00
2026-02-09,QaXodascN24,sorry BTS army 😂 #shorts,"Aug 16, 2024",15,0:00:00
2026-02-10,QaXodascN24,sorry BTS army 😂 #shorts,"Aug 16, 2024",15,0:00:00
2026-02-11,QaXodascN24,sorry BTS army 😂 #shorts,"Aug 16, 2024",15,0:00:00
2026-02-12,QaXodascN24,sorry BTS army 😂 #shorts,"Aug 16, 2024",15,0:00:00
2026-02-13,QaXodascN24,sorry BTS army 😂 #shorts,"Aug 16, 2024",15,0:00:00
2026-02-14,QaXodascN24,sorry BTS army 😂 #shorts,"Aug 16, 2024",15,0:00:00
2026-02-15,QaXodascN24,sorry BTS army 😂 #shorts,"Aug 16, 2024",15,0:00:00
2026-02-16,QaXodascN24,sorry BTS army 😂 #shorts,"Aug 16, 2024",15,0:00:00
2026-02-17,QaXodascN24,sorry BTS army 😂 #shorts,"Aug 16, 2024",15,0:00:00
2026-02-18,QaXodascN24,sorry BTS army 😂 #shorts,"Aug 16, 2024",15,0:00:00
2026-02-19,QaXodascN24,sorry BTS army 😂 #shorts,"Aug 16, 2024",15,0:00:00
2026-02-20,QaXodascN24,sorry BTS army 😂 #shorts,"Aug 16, 2024",15,0:00:00
2026-02-21,QaXodascN24,sorry BTS army 😂 #shorts,"Aug 16, 2024",15,0:00:00
2026-02-22,QaXodascN24,sorry BTS army 😂 #shorts,"Aug 16, 2024",15,0:00:00
2026-02-23,QaXodascN24,sorry BTS army 😂 #shorts,"Aug 16, 2024",15,0:00:00
2026-02-24,QaXodascN24,sorry BTS army 😂 #shorts,"Aug 16, 2024",15,0:00:00
2026-02-25,QaXodascN24,sorry BTS army 😂 #shorts,"Aug 16, 2024",15,0:00:00
2026-02-26,QaXodascN24,sorry BTS army 😂 #shorts,"Aug 16, 2024",15,0:00:00
2026-02-27,QaXodascN24,sorry BTS army 😂 #shorts,"Aug 16, 2024",15,0:00:00
2026-02-28,QaXodascN24,sorry BTS army 😂 #shorts,"Aug 16, 2024",15,0:00:00
2026-03-01,QaXodascN24,sorry BTS army 😂 #shorts,"Aug 16, 2024",15,0:00:00
2026-03-02,QaXodascN24,sorry BTS army 😂 #shorts,"Aug 16, 2024",15,0:00:00
2026-03-03,QaXodascN24,sorry BTS army 😂 #shorts,"Aug 16, 2024",15,0:00:00
2026-03-04,QaXodascN24,sorry BTS army 😂 #shorts,"Aug 16, 2024",15,0:00:00
2026-03-05,QaXodascN24,sorry BTS army 😂 #shorts,"Aug 16, 2024",15,0:00:00
2026-03-06,QaXodascN24,sorry BTS army 😂 #shorts,"Aug 16, 2024",15,0:00:00
2026-03-07,QaXodascN24,sorry BTS army 😂 #shorts,"Aug 16, 2024",15,0:00:00
2026-03-08,QaXodascN24,sorry BTS army 😂 #shorts,"Aug 16, 2024",15,0:00:00
2026-03-09,QaXodascN24,sorry BTS army 😂 #shorts,"Aug 16, 2024",15,0:00:00
2026-03-10,QaXodascN24,sorry BTS army 😂 #shorts,"Aug 16, 2024",15,0:00:00
2026-03-11,QaXodascN24,sorry BTS army 😂 #shorts,"Aug 16, 2024",15,0:00:00
2026-03-12,QaXodascN24,sorry BTS army 😂 #shorts,"Aug 16, 2024",15,0:00:00
2026-03-13,QaXodascN24,sorry BTS army 😂 #shorts,"Aug 16, 2024",15,0:00:00
2026-03-14,QaXodascN24,sorry BTS army 😂 #shorts,"Aug 16, 2024",15,0:00:00
2026-03-15,QaXodascN24,sorry BTS army 😂 #shorts,"Aug 16, 2024",15,0:00:00
2026-03-16,QaXodascN24,sorry BTS army 😂 #shorts,"Aug 16, 2024",15,0:00:00
2026-03-17,QaXodascN24,sorry BTS army 😂 #shorts,"Aug 16, 2024",15,0:00:00
2026-03-18,QaXodascN24,sorry BTS army 😂 #shorts,"Aug 16, 2024",15,0:00:00
2026-03-19,QaXodascN24,sorry BTS army 😂 #shorts,"Aug 16, 2024",15,0:00:00
2026-03-20,QaXodascN24,sorry BTS army 😂 #shorts,"Aug 16, 2024",15,0:00:00
2026-03-21,QaXodascN24,sorry BTS army 😂 #shorts,"Aug 16, 2024",15,0:00:00
2026-03-22,QaXodascN24,sorry BTS army 😂 #shorts,"Aug 16, 2024",15,0:00:00
2026-03-23,QaXodascN24,sorry BTS army 😂 #shorts,"Aug 16, 2024",15,0:00:00
2026-03-24,QaXodascN24,sorry BTS army 😂 #shorts,"Aug 16, 2024",15,0:00:00
2026-03-25,QaXodascN24,sorry BTS army 😂 #shorts,"Aug 16, 2024",15,0:00:00
2026-03-26,QaXodascN24,sorry BTS army 😂 #shorts,"Aug 16, 2024",15,0:00:00
2026-03-27,QaXodascN24,sorry BTS army 😂 #shorts,"Aug 16, 2024",15,0:00:00
2026-03-28,QaXodascN24,sorry BTS army 😂 #shorts,"Aug 16, 2024",15,0:00:00
2026-03-29,QaXodascN24,sorry BTS army 😂 #shorts,"Aug 16, 2024",15,0:00:00
2026-03-30,QaXodascN24,sorry BTS army 😂 #shorts,"Aug 16, 2024",15,0:00:00
2026-03-31,QaXodascN24,sorry BTS army 😂 #shorts,"Aug 16, 2024",15,0:00:00
2026-04-01,QaXodascN24,sorry BTS army 😂 #shorts,"Aug 16, 2024",15,0:00:00
2026-04-02,QaXodascN24,sorry BTS army 😂 #shorts,"Aug 16, 2024",15,0:00:00
2026-04-03,QaXodascN24,sorry BTS army 😂 #shorts,"Aug 16, 2024",15,0:00:00
2026-04-04,QaXodascN24,sorry BTS army 😂 #shorts,"Aug 16, 2024",15,0:00:00
2026-04-05,QaXodascN24,sorry BTS army 😂 #shorts,"Aug 16, 2024",15,0:00:00
2026-04-06,QaXodascN24,sorry BTS army 😂 #shorts,"Aug 16, 2024",15,0:00:00
2026-04-07,QaXodascN24,sorry BTS army 😂 #shorts,"Aug 16, 2024",15,0:00:00
2026-04-08,QaXodascN24,sorry BTS army 😂 #shorts,"Aug 16, 2024",15,0:00:00
2026-04-09,QaXodascN24,sorry BTS army 😂 #shorts,"Aug 16, 2024",15,0:00:00
2026-04-10,QaXodascN24,sorry BTS army 😂 #shorts,"Aug 16, 2024",15,0:00:00
2026-04-11,QaXodascN24,sorry BTS army 😂 #shorts,"Aug 16, 2024",15,0:00:00
2026-04-12,QaXodascN24,sorry BTS army 😂 #shorts,"Aug 16, 2024",15,0:00:00
2026-04-13,QaXodascN24,sorry BTS army 😂 #shorts,"Aug 16, 2024",15,0:00:00
2026-04-14,QaXodascN24,sorry BTS army 😂 #shorts,"Aug 16, 2024",15,0:00:00
2026-04-15,QaXodascN24,sorry BTS army 😂 #shorts,"Aug 16, 2024",15,0:00:00
2026-04-16,QaXodascN24,sorry BTS army 😂 #shorts,"Aug 16, 2024",15,0:00:00
2026-04-17,QaXodascN24,sorry BTS army 😂 #shorts,"Aug 16, 2024",15,0:00:00
2026-04-18,QaXodascN24,sorry BTS army 😂 #shorts,"Aug 16, 2024",15,0:00:00
2026-04-19,QaXodascN24,sorry BTS army 😂 #shorts,"Aug 16, 2024",15,0:00:00
2026-04-20,QaXodascN24,sorry BTS army 😂 #shorts,"Aug 16, 2024",15,0:00:00
2026-04-21,QaXodascN24,sorry BTS army 😂 #shorts,"Aug 16, 2024",15,0:00:00
2026-04-22,QaXodascN24,sorry BTS army 😂 #shorts,"Aug 16, 2024",15,0:00:00
2026-04-23,QaXodascN24,sorry BTS army 😂 #shorts,"Aug 16, 2024",15,0:00:00
2026-04-24,QaXodascN24,sorry BTS army 😂 #shorts,"Aug 16, 2024",15,0:00:00
2026-04-25,QaXodascN24,sorry BTS army 😂 #shorts,"Aug 16, 2024",15,0:00:00
2026-04-26,QaXodascN24,sorry BTS army 😂 #shorts,"Aug 16, 2024",15,0:00:00
2026-04-27,QaXodascN24,sorry BTS army 😂 #shorts,"Aug 16, 2024",15,0:00:00
2026-04-28,QaXodascN24,sorry BTS army 😂 #shorts,"Aug 16, 2024",15,0:00:00
2026-04-29,QaXodascN24,sorry BTS army 😂 #shorts,"Aug 16, 2024",15,0:00:00
2026-04-30,QaXodascN24,sorry BTS army 😂 #shorts,"Aug 16, 2024",15,0:00:00
2026-05-01,QaXodascN24,sorry BTS army 😂 #shorts,"Aug 16, 2024",15,0:00:00
2026-05-02,QaXodascN24,sorry BTS army 😂 #shorts,"Aug 16, 2024",15,0:00:00
2026-05-03,QaXodascN24,sorry BTS army 😂 #shorts,"Aug 16, 2024",15,0:00:00
2026-05-04,QaXodascN24,sorry BTS army 😂 #shorts,"Aug 16, 2024",15,0:00:00
2026-05-05,QaXodascN24,sorry BTS army 😂 #shorts,"Aug 16, 2024",15,0:00:00
2026-05-06,QaXodascN24,sorry BTS army 😂 #shorts,"Aug 16, 2024",15,0:00:00
2026-05-07,QaXodascN24,sorry BTS army 😂 #shorts,"Aug 16, 2024",15,0:00:00
2026-05-08,QaXodascN24,sorry BTS army 😂 #shorts,"Aug 16, 2024",15,0:00:00
2026-05-09,QaXodascN24,sorry BTS army 😂 #shorts,"Aug 16, 2024",15,0:00:00
2026-05-10,QaXodascN24,sorry BTS army 😂 #shorts,"Aug 16, 2024",15,0:00:00
2026-05-11,QaXodascN24,sorry BTS army 😂 #shorts,"Aug 16, 2024",15,0:00:00
2026-05-12,QaXodascN24,sorry BTS army 😂 #shorts,"Aug 16, 2024",15,0:00:00
2026-05-13,QaXodascN24,sorry BTS army 😂 #shorts,"Aug 16, 2024",15,0:00:00
2026-05-14,QaXodascN24,sorry BTS army 😂 #shorts,"Aug 16, 2024",15,0:00:00
2026-05-15,QaXodascN24,sorry BTS army 😂 #shorts,"Aug 16, 2024",15,0:00:00
2026-05-16,QaXodascN24,sorry BTS army 😂 #shorts,"Aug 16, 2024",15,0:00:00
2026-05-17,QaXodascN24,sorry BTS army 😂 #shorts,"Aug 16, 2024",15,0:00:00
2026-05-18,QaXodascN24,sorry BTS army 😂 #shorts,"Aug 16, 2024",15,0:00:00
2026-05-19,QaXodascN24,sorry BTS army 😂 #shorts,"Aug 16, 2024",15,0:00:00
2026-05-20,QaXodascN24,sorry BTS army 😂 #shorts,"Aug 16, 2024",15,0:00:00
2026-05-21,QaXodascN24,sorry BTS army 😂 #shorts,"Aug 16, 2024",15,0:00:00
2026-05-22,QaXodascN24,sorry BTS army 😂 #shorts,"Aug 16, 2024",15,0:00:00
2026-05-23,QaXodascN24,sorry BTS army 😂 #shorts,"Aug 16, 2024",15,0:00:00
2026-05-24,QaXodascN24,sorry BTS army 😂 #shorts,"Aug 16, 2024",15,0:00:00
2026-05-25,QaXodascN24,sorry BTS army 😂 #shorts,"Aug 16, 2024",15,0:00:00
2026-05-26,QaXodascN24,sorry BTS army 😂 #shorts,"Aug 16, 2024",15,0:00:00
2026-05-27,QaXodascN24,sorry BTS army 😂 #shorts,"Aug 16, 2024",15,0:00:00
2026-05-28,QaXodascN24,sorry BTS army 😂 #shorts,"Aug 16, 2024",15,0:00:00
2026-05-29,QaXodascN24,sorry BTS army 😂 #shorts,"Aug 16, 2024",15,0:00:00
2026-05-30,QaXodascN24,sorry BTS army 😂 #shorts,"Aug 16, 2024",15,0:00:00
2026-05-31,QaXodascN24,sorry BTS army 😂 #shorts,"Aug 16, 2024",15,0:00:00
2026-06-01,QaXodascN24,sorry BTS army 😂 #shorts,"Aug 16, 2024",15,0:00:00
2026-06-02,QaXodascN24,sorry BTS army 😂 #shorts,"Aug 16, 2024",15,0:00:00
2026-06-03,QaXodascN24,sorry BTS army 😂 #shorts,"Aug 16, 2024",15,0:00:00
2026-06-04,QaXodascN24,sorry BTS army 😂 #shorts,"Aug 16, 2024",15,0:00:00
2026-06-05,QaXodascN24,sorry BTS army 😂 #shorts,"Aug 16, 2024",15,0:00:00
2026-06-06,QaXodascN24,sorry BTS army 😂 #shorts,"Aug 16, 2024",15,0:00:00
2026-06-07,QaXodascN24,sorry BTS army 😂 #shorts,"Aug 16, 2024",15,0:00:00
2026-06-08,QaXodascN24,sorry BTS army 😂 #shorts,"Aug 16, 2024",15,0:00:00
2026-06-09,QaXodascN24,sorry BTS army 😂 #shorts,"Aug 16, 2024",15,0:00:00
2026-06-10,QaXodascN24,sorry BTS army 😂 #shorts,"Aug 16, 2024",15,0:00:00
2026-06-11,QaXodascN24,sorry BTS army 😂 #shorts,"Aug 16, 2024",15,0:00:00
2026-06-12,QaXodascN24,sorry BTS army 😂 #shorts,"Aug 16, 2024",15,0:00:00
2026-06-13,QaXodascN24,sorry BTS army 😂 #shorts,"Aug 16, 2024",15,0:00:00
2026-06-14,QaXodascN24,sorry BTS army 😂 #shorts,"Aug 16, 2024",15,0:00:00
2026-06-15,QaXodascN24,sorry BTS army 😂 #shorts,"Aug 16, 2024",15,0:00:00
2026-06-16,QaXodascN24,sorry BTS army 😂 #shorts,"Aug 16, 2024",15,0:00:00
2026-06-17,QaXodascN24,sorry BTS army 😂 #shorts,"Aug 16, 2024",15,0:00:00
2026-06-18,QaXodascN24,sorry BTS army 😂 #shorts,"Aug 16, 2024",15,0:00:00
2026-06-19,QaXodascN24,sorry BTS army 😂 #shorts,"Aug 16, 2024",15,0:00:00
2026-06-20,QaXodascN24,sorry BTS army 😂 #shorts,"Aug 16, 2024",15,0:00:00
2026-06-21,QaXodascN24,sorry BTS army 😂 #shorts,"Aug 16, 2024",15,0:00:00
2026-06-22,QaXodascN24,sorry BTS army 😂 #shorts,"Aug 16, 2024",15,0:00:00
2026-06-23,QaXodascN24,sorry BTS army 😂 #shorts,"Aug 16, 2024",15,0:00:00
2026-06-24,QaXodascN24,sorry BTS army 😂 #shorts,"Aug 16, 2024",15,0:00:00
2023-06-24,yCXXegh7Zsw,reels ki rani 😁#shorts #funny,"Jun 5, 2024",48,0:00:00
2023-06-25,yCXXegh7Zsw,reels ki rani 😁#shorts #funny,"Jun 5, 2024",48,0:00:00
2023-06-26,yCXXegh7Zsw,reels ki rani 😁#shorts #funny,"Jun 5, 2024",48,0:00:00
2023-06-27,yCXXegh7Zsw,reels ki rani 😁#shorts #funny,"Jun 5, 2024",48,0:00:00
2023-06-28,yCXXegh7Zsw,reels ki rani 😁#shorts #funny,"Jun 5, 2024",48,0:00:00
2023-06-29,yCXXegh7Zsw,reels ki rani 😁#shorts #funny,"Jun 5, 2024",48,0:00:00
2023-06-30,yCXXegh7Zsw,reels ki rani 😁#shorts #funny,"Jun 5, 2024",48,0:00:00
2023-07-01,yCXXegh7Zsw,reels ki rani 😁#shorts #funny,"Jun 5, 2024",48,0:00:00
2023-07-02,yCXXegh7Zsw,reels ki rani 😁#shorts #funny,"Jun 5, 2024",48,0:00:00
2023-07-03,yCXXegh7Zsw,reels ki rani 😁#shorts #funny,"Jun 5, 2024",48,0:00:00
2023-07-04,yCXXegh7Zsw,reels ki rani 😁#shorts #funny,"Jun 5, 2024",48,0:00:00
2023-07-05,yCXXegh7Zsw,reels ki rani 😁#shorts #funny,"Jun 5, 2024",48,0:00:00
2023-07-06,yCXXegh7Zsw,reels ki rani 😁#shorts #funny,"Jun 5, 2024",48,0:00:00
2023-07-07,yCXXegh7Zsw,reels ki rani 😁#shorts #funny,"Jun 5, 2024",48,0:00:00
2023-07-08,yCXXegh7Zsw,reels ki rani 😁#shorts #funny,"Jun 5, 2024",48,0:00:00
2023-07-09,yCXXegh7Zsw,reels ki rani 😁#shorts #funny,"Jun 5, 2024",48,0:00:00
2023-07-10,yCXXegh7Zsw,reels ki rani 😁#shorts #funny,"Jun 5, 2024",48,0:00:00
2023-07-11,yCXXegh7Zsw,reels ki rani 😁#shorts #funny,"Jun 5, 2024",48,0:00:00
2023-07-12,yCXXegh7Zsw,reels ki rani 😁#shorts #funny,"Jun 5, 2024",48,0:00:00
2023-07-13,yCXXegh7Zsw,reels ki rani 😁#shorts #funny,"Jun 5, 2024",48,0:00:00
2023-07-14,yCXXegh7Zsw,reels ki rani 😁#shorts #funny,"Jun 5, 2024",48,0:00:00
2023-07-15,yCXXegh7Zsw,reels ki rani 😁#shorts #funny,"Jun 5, 2024",48,0:00:00
2023-07-16,yCXXegh7Zsw,reels ki rani 😁#shorts #funny,"Jun 5, 2024",48,0:00:00
2023-07-17,yCXXegh7Zsw,reels ki rani 😁#shorts #funny,"Jun 5, 2024",48,0:00:00
2023-07-18,yCXXegh7Zsw,reels ki rani 😁#shorts #funny,"Jun 5, 2024",48,0:00:00
2023-07-19,yCXXegh7Zsw,reels ki rani 😁#shorts #funny,"Jun 5, 2024",48,0:00:00
2023-07-20,yCXXegh7Zsw,reels ki rani 😁#shorts #funny,"Jun 5, 2024",48,0:00:00
2023-07-21,yCXXegh7Zsw,reels ki rani 😁#shorts #funny,"Jun 5, 2024",48,0:00:00
2023-07-22,yCXXegh7Zsw,reels ki rani 😁#shorts #funny,"Jun 5, 2024",48,0:00:00
2023-07-23,yCXXegh7Zsw,reels ki rani 😁#shorts #funny,"Jun 5, 2024",48,0:00:00
2023-07-24,yCXXegh7Zsw,reels ki rani 😁#shorts #funny,"Jun 5, 2024",48,0:00:00
2023-07-25,yCXXegh7Zsw,reels ki rani 😁#shorts #funny,"Jun 5, 2024",48,0:00:00
2023-07-26,yCXXegh7Zsw,reels ki rani 😁#shorts #funny,"Jun 5, 2024",48,0:00:00
2023-07-27,yCXXegh7Zsw,reels ki rani 😁#shorts #funny,"Jun 5, 2024",48,0:00:00
2023-07-28,yCXXegh7Zsw,reels ki rani 😁#shorts #funny,"Jun 5, 2024",48,0:00:00
2023-07-29,yCXXegh7Zsw,reels ki rani 😁#shorts #funny,"Jun 5, 2024",48,0:00:00
2023-07-30,yCXXegh7Zsw,reels ki rani 😁#shorts #funny,"Jun 5, 2024",48,0:00:00
2023-07-31,yCXXegh7Zsw,reels ki rani 😁#shorts #funny,"Jun 5, 2024",48,0:00:00
2023-08-01,yCXXegh7Zsw,reels ki rani 😁#shorts #funny,"Jun 5, 2024",48,0:00:00
2023-08-02,yCXXegh7Zsw,reels ki rani 😁#shorts #funny,"Jun 5, 2024",48,0:00:00
2023-08-03,yCXXegh7Zsw,reels ki rani 😁#shorts #funny,"Jun 5, 2024",48,0:00:00
2023-08-04,yCXXegh7Zsw,reels ki rani 😁#shorts #funny,"Jun 5, 2024",48,0:00:00
2023-08-05,yCXXegh7Zsw,reels ki rani 😁#shorts #funny,"Jun 5, 2024",48,0:00:00
2023-08-06,yCXXegh7Zsw,reels ki rani 😁#shorts #funny,"Jun 5, 2024",48,0:00:00
2023-08-07,yCXXegh7Zsw,reels ki rani 😁#shorts #funny,"Jun 5, 2024",48,0:00:00
2023-08-08,yCXXegh7Zsw,reels ki rani 😁#shorts #funny,"Jun 5, 2024",48,0:00:00
2023-08-09,yCXXegh7Zsw,reels ki rani 😁#shorts #funny,"Jun 5, 2024",48,0:00:00
2023-08-10,yCXXegh7Zsw,reels ki rani 😁#shorts #funny,"Jun 5, 2024",48,0:00:00
2023-08-11,yCXXegh7Zsw,reels ki rani 😁#shorts #funny,"Jun 5, 2024",48,0:00:00
2023-08-12,yCXXegh7Zsw,reels ki rani 😁#shorts #funny,"Jun 5, 2024",48,0:00:00
2023-08-13,yCXXegh7Zsw,reels ki rani 😁#shorts #funny,"Jun 5, 2024",48,0:00:00
2023-08-14,yCXXegh7Zsw,reels ki rani 😁#shorts #funny,"Jun 5, 2024",48,0:00:00
2023-08-15,yCXXegh7Zsw,reels ki rani 😁#shorts #funny,"Jun 5, 2024",48,0:00:00
2023-08-16,yCXXegh7Zsw,reels ki rani 😁#shorts #funny,"Jun 5, 2024",48,0:00:00
2023-08-17,yCXXegh7Zsw,reels ki rani 😁#shorts #funny,"Jun 5, 2024",48,0:00:00
2023-08-18,yCXXegh7Zsw,reels ki rani 😁#shorts #funny,"Jun 5, 2024",48,0:00:00
2023-08-19,yCXXegh7Zsw,reels ki rani 😁#shorts #funny,"Jun 5, 2024",48,0:00:00
2023-08-20,yCXXegh7Zsw,reels ki rani 😁#shorts #funny,"Jun 5, 2024",48,0:00:00
2023-08-21,yCXXegh7Zsw,reels ki rani 😁#shorts #funny,"Jun 5, 2024",48,0:00:00
2023-08-22,yCXXegh7Zsw,reels ki rani 😁#shorts #funny,"Jun 5, 2024",48,0:00:00
2023-08-23,yCXXegh7Zsw,reels ki rani 😁#shorts #funny,"Jun 5, 2024",48,0:00:00
2023-08-24,yCXXegh7Zsw,reels ki rani 😁#shorts #funny,"Jun 5, 2024",48,0:00:00
2023-08-25,yCXXegh7Zsw,reels ki rani 😁#shorts #funny,"Jun 5, 2024",48,0:00:00
2023-08-26,yCXXegh7Zsw,reels ki rani 😁#shorts #funny,"Jun 5, 2024",48,0:00:00
2023-08-27,yCXXegh7Zsw,reels ki rani 😁#shorts #funny,"Jun 5, 2024",48,0:00:00
2023-08-28,yCXXegh7Zsw,reels ki rani 😁#shorts #funny,"Jun 5, 2024",48,0:00:00
2023-08-29,yCXXegh7Zsw,reels ki rani 😁#shorts #funny,"Jun 5, 2024",48,0:00:00
2023-08-30,yCXXegh7Zsw,reels ki rani 😁#shorts #funny,"Jun 5, 2024",48,0:00:00
2023-08-31,yCXXegh7Zsw,reels ki rani 😁#shorts #funny,"Jun 5, 2024",48,0:00:00
2023-09-01,yCXXegh7Zsw,reels ki rani 😁#shorts #funny,"Jun 5, 2024",48,0:00:00
2023-09-02,yCXXegh7Zsw,reels ki rani 😁#shorts #funny,"Jun 5, 2024",48,0:00:00
2023-09-03,yCXXegh7Zsw,reels ki rani 😁#shorts #funny,"Jun 5, 2024",48,0:00:00
2023-09-04,yCXXegh7Zsw,reels ki rani 😁#shorts #funny,"Jun 5, 2024",48,0:00:00
2023-09-05,yCXXegh7Zsw,reels ki rani 😁#shorts #funny,"Jun 5, 2024",48,0:00:00
2023-09-06,yCXXegh7Zsw,reels ki rani 😁#shorts #funny,"Jun 5, 2024",48,0:00:00
2023-09-07,yCXXegh7Zsw,reels ki rani 😁#shorts #funny,"Jun 5, 2024",48,0:00:00
2023-09-08,yCXXegh7Zsw,reels ki rani 😁#shorts #funny,"Jun 5, 2024",48,0:00:00
2023-09-09,yCXXegh7Zsw,reels ki rani 😁#shorts #funny,"Jun 5, 2024",48,0:00:00
2023-09-10,yCXXegh7Zsw,reels ki rani 😁#shorts #funny,"Jun 5, 2024",48,0:00:00
2023-09-11,yCXXegh7Zsw,reels ki rani 😁#shorts #funny,"Jun 5, 2024",48,0:00:00
2023-09-12,yCXXegh7Zsw,reels ki rani 😁#shorts #funny,"Jun 5, 2024",48,0:00:00
2023-09-13,yCXXegh7Zsw,reels ki rani 😁#shorts #funny,"Jun 5, 2024",48,0:00:00
2023-09-14,yCXXegh7Zsw,reels ki rani 😁#shorts #funny,"Jun 5, 2024",48,0:00:00
2023-09-15,yCXXegh7Zsw,reels ki rani 😁#shorts #funny,"Jun 5, 2024",48,0:00:00
2023-09-16,yCXXegh7Zsw,reels ki rani 😁#shorts #funny,"Jun 5, 2024",48,0:00:00
2023-09-17,yCXXegh7Zsw,reels ki rani 😁#shorts #funny,"Jun 5, 2024",48,0:00:00
2023-09-18,yCXXegh7Zsw,reels ki rani 😁#shorts #funny,"Jun 5, 2024",48,0:00:00
2023-09-19,yCXXegh7Zsw,reels ki rani 😁#shorts #funny,"Jun 5, 2024",48,0:00:00
2023-09-20,yCXXegh7Zsw,reels ki rani 😁#shorts #funny,"Jun 5, 2024",48,0:00:00
2023-09-21,yCXXegh7Zsw,reels ki rani 😁#shorts #funny,"Jun 5, 2024",48,0:00:00
2023-09-22,yCXXegh7Zsw,reels ki rani 😁#shorts #funny,"Jun 5, 2024",48,0:00:00
2023-09-23,yCXXegh7Zsw,reels ki rani 😁#shorts #funny,"Jun 5, 2024",48,0:00:00
2023-09-24,yCXXegh7Zsw,reels ki rani 😁#shorts #funny,"Jun 5, 2024",48,0:00:00
2023-09-25,yCXXegh7Zsw,reels ki rani 😁#shorts #funny,"Jun 5, 2024",48,0:00:00
2023-09-26,yCXXegh7Zsw,reels ki rani 😁#shorts #funny,"Jun 5, 2024",48,0:00:00
2023-09-27,yCXXegh7Zsw,reels ki rani 😁#shorts #funny,"Jun 5, 2024",48,0:00:00
2023-09-28,yCXXegh7Zsw,reels ki rani 😁#shorts #funny,"Jun 5, 2024",48,0:00:00
2023-09-29,yCXXegh7Zsw,reels ki rani 😁#shorts #funny,"Jun 5, 2024",48,0:00:00
2023-09-30,yCXXegh7Zsw,reels ki rani 😁#shorts #funny,"Jun 5, 2024",48,0:00:00
2023-10-01,yCXXegh7Zsw,reels ki rani 😁#shorts #funny,"Jun 5, 2024",48,0:00:00
2023-10-02,yCXXegh7Zsw,reels ki rani 😁#shorts #funny,"Jun 5, 2024",48,0:00:00
2023-10-03,yCXXegh7Zsw,reels ki rani 😁#shorts #funny,"Jun 5, 2024",48,0:00:00
2023-10-04,yCXXegh7Zsw,reels ki rani 😁#shorts #funny,"Jun 5, 2024",48,0:00:00
2023-10-05,yCXXegh7Zsw,reels ki rani 😁#shorts #funny,"Jun 5, 2024",48,0:00:00
2023-10-06,yCXXegh7Zsw,reels ki rani 😁#shorts #funny,"Jun 5, 2024",48,0:00:00
2023-10-07,yCXXegh7Zsw,reels ki rani 😁#shorts #funny,"Jun 5, 2024",48,0:00:00
2023-10-08,yCXXegh7Zsw,reels ki rani 😁#shorts #funny,"Jun 5, 2024",48,0:00:00
2023-10-09,yCXXegh7Zsw,reels ki rani 😁#shorts #funny,"Jun 5, 2024",48,0:00:00
2023-10-10,yCXXegh7Zsw,reels ki rani 😁#shorts #funny,"Jun 5, 2024",48,0:00:00
2023-10-11,yCXXegh7Zsw,reels ki rani 😁#shorts #funny,"Jun 5, 2024",48,0:00:00
2023-10-12,yCXXegh7Zsw,reels ki rani 😁#shorts #funny,"Jun 5, 2024",48,0:00:00
2023-10-13,yCXXegh7Zsw,reels ki rani 😁#shorts #funny,"Jun 5, 2024",48,0:00:00
2023-10-14,yCXXegh7Zsw,reels ki rani 😁#shorts #funny,"Jun 5, 2024",48,0:00:00
2023-10-15,yCXXegh7Zsw,reels ki rani 😁#shorts #funny,"Jun 5, 2024",48,0:00:00
2023-10-16,yCXXegh7Zsw,reels ki rani 😁#shorts #funny,"Jun 5, 2024",48,0:00:00
2023-10-17,yCXXegh7Zsw,reels ki rani 😁#shorts #funny,"Jun 5, 2024",48,0:00:00
2023-10-18,yCXXegh7Zsw,reels ki rani 😁#shorts #funny,"Jun 5, 2024",48,0:00:00
2023-10-19,yCXXegh7Zsw,reels ki rani 😁#shorts #funny,"Jun 5, 2024",48,0:00:00
2023-10-20,yCXXegh7Zsw,reels ki rani 😁#shorts #funny,"Jun 5, 2024",48,0:00:00
2023-10-21,yCXXegh7Zsw,reels ki rani 😁#shorts #funny,"Jun 5, 2024",48,0:00:00
2023-10-22,yCXXegh7Zsw,reels ki rani 😁#shorts #funny,"Jun 5, 2024",48,0:00:00
2023-10-23,yCXXegh7Zsw,reels ki rani 😁#shorts #funny,"Jun 5, 2024",48,0:00:00
2023-10-24,yCXXegh7Zsw,reels ki rani 😁#shorts #funny,"Jun 5, 2024",48,0:00:00
2023-10-25,yCXXegh7Zsw,reels ki rani 😁#shorts #funny,"Jun 5, 2024",48,0:00:00
2023-10-26,yCXXegh7Zsw,reels ki rani 😁#shorts #funny,"Jun 5, 2024",48,0:00:00
2023-10-27,yCXXegh7Zsw,reels ki rani 😁#shorts #funny,"Jun 5, 2024",48,0:00:00
2023-10-28,yCXXegh7Zsw,reels ki rani 😁#shorts #funny,"Jun 5, 2024",48,0:00:00
2023-10-29,yCXXegh7Zsw,reels ki rani 😁#shorts #funny,"Jun 5, 2024",48,0:00:00
2023-10-30,yCXXegh7Zsw,reels ki rani 😁#shorts #funny,"Jun 5, 2024",48,0:00:00
2023-10-31,yCXXegh7Zsw,reels ki rani 😁#shorts #funny,"Jun 5, 2024",48,0:00:00
2023-11-01,yCXXegh7Zsw,reels ki rani 😁#shorts #funny,"Jun 5, 2024",48,0:00:00
2023-11-02,yCXXegh7Zsw,reels ki rani 😁#shorts #funny,"Jun 5, 2024",48,0:00:00
2023-11-03,yCXXegh7Zsw,reels ki rani 😁#shorts #funny,"Jun 5, 2024",48,0:00:00
2023-11-04,yCXXegh7Zsw,reels ki rani 😁#shorts #funny,"Jun 5, 2024",48,0:00:00
2023-11-05,yCXXegh7Zsw,reels ki rani 😁#shorts #funny,"Jun 5, 2024",48,0:00:00
2023-11-06,yCXXegh7Zsw,reels ki rani 😁#shorts #funny,"Jun 5, 2024",48,0:00:00
2023-11-07,yCXXegh7Zsw,reels ki rani 😁#shorts #funny,"Jun 5, 2024",48,0:00:00
2023-11-08,yCXXegh7Zsw,reels ki rani 😁#shorts #funny,"Jun 5, 2024",48,0:00:00
2023-11-09,yCXXegh7Zsw,reels ki rani 😁#shorts #funny,"Jun 5, 2024",48,0:00:00
2023-11-10,yCXXegh7Zsw,reels ki rani 😁#shorts #funny,"Jun 5, 2024",48,0:00:00
2023-11-11,yCXXegh7Zsw,reels ki rani 😁#shorts #funny,"Jun 5, 2024",48,0:00:00
2023-11-12,yCXXegh7Zsw,reels ki rani 😁#shorts #funny,"Jun 5, 2024",48,0:00:00
2023-11-13,yCXXegh7Zsw,reels ki rani 😁#shorts #funny,"Jun 5, 2024",48,0:00:00
2023-11-14,yCXXegh7Zsw,reels ki rani 😁#shorts #funny,"Jun 5, 2024",48,0:00:00
2023-11-15,yCXXegh7Zsw,reels ki rani 😁#shorts #funny,"Jun 5, 2024",48,0:00:00
2023-11-16,yCXXegh7Zsw,reels ki rani 😁#shorts #funny,"Jun 5, 2024",48,0:00:00
2023-11-17,yCXXegh7Zsw,reels ki rani 😁#shorts #funny,"Jun 5, 2024",48,0:00:00
2023-11-18,yCXXegh7Zsw,reels ki rani 😁#shorts #funny,"Jun 5, 2024",48,0:00:00
2023-11-19,yCXXegh7Zsw,reels ki rani 😁#shorts #funny,"Jun 5, 2024",48,0:00:00
2023-11-20,yCXXegh7Zsw,reels ki rani 😁#shorts #funny,"Jun 5, 2024",48,0:00:00
2023-11-21,yCXXegh7Zsw,reels ki rani 😁#shorts #funny,"Jun 5, 2024",48,0:00:00
2023-11-22,yCXXegh7Zsw,reels ki rani 😁#shorts #funny,"Jun 5, 2024",48,0:00:00
2023-11-23,yCXXegh7Zsw,reels ki rani 😁#shorts #funny,"Jun 5, 2024",48,0:00:00
2023-11-24,yCXXegh7Zsw,reels ki rani 😁#shorts #funny,"Jun 5, 2024",48,0:00:00
2023-11-25,yCXXegh7Zsw,reels ki rani 😁#shorts #funny,"Jun 5, 2024",48,0:00:00
2023-11-26,yCXXegh7Zsw,reels ki rani 😁#shorts #funny,"Jun 5, 2024",48,0:00:00
2023-11-27,yCXXegh7Zsw,reels ki rani 😁#shorts #funny,"Jun 5, 2024",48,0:00:00
2023-11-28,yCXXegh7Zsw,reels ki rani 😁#shorts #funny,"Jun 5, 2024",48,0:00:00
2023-11-29,yCXXegh7Zsw,reels ki rani 😁#shorts #funny,"Jun 5, 2024",48,0:00:00
2023-11-30,yCXXegh7Zsw,reels ki rani 😁#shorts #funny,"Jun 5, 2024",48,0:00:00
2023-12-01,yCXXegh7Zsw,reels ki rani 😁#shorts #funny,"Jun 5, 2024",48,0:00:00
2023-12-02,yCXXegh7Zsw,reels ki rani 😁#shorts #funny,"Jun 5, 2024",48,0:00:00
2023-12-03,yCXXegh7Zsw,reels ki rani 😁#shorts #funny,"Jun 5, 2024",48,0:00:00
2023-12-04,yCXXegh7Zsw,reels ki rani 😁#shorts #funny,"Jun 5, 2024",48,0:00:00
2023-12-05,yCXXegh7Zsw,reels ki rani 😁#shorts #funny,"Jun 5, 2024",48,0:00:00
2023-12-06,yCXXegh7Zsw,reels ki rani 😁#shorts #funny,"Jun 5, 2024",48,0:00:00
2023-12-07,yCXXegh7Zsw,reels ki rani 😁#shorts #funny,"Jun 5, 2024",48,0:00:00
2023-12-08,yCXXegh7Zsw,reels ki rani 😁#shorts #funny,"Jun 5, 2024",48,0:00:00
2023-12-09,yCXXegh7Zsw,reels ki rani 😁#shorts #funny,"Jun 5, 2024",48,0:00:00
2023-12-10,yCXXegh7Zsw,reels ki rani 😁#shorts #funny,"Jun 5, 2024",48,0:00:00
2023-12-11,yCXXegh7Zsw,reels ki rani 😁#shorts #funny,"Jun 5, 2024",48,0:00:00
2023-12-12,yCXXegh7Zsw,reels ki rani 😁#shorts #funny,"Jun 5, 2024",48,0:00:00
2023-12-13,yCXXegh7Zsw,reels ki rani 😁#shorts #funny,"Jun 5, 2024",48,0:00:00
2023-12-14,yCXXegh7Zsw,reels ki rani 😁#shorts #funny,"Jun 5, 2024",48,0:00:00
2023-12-15,yCXXegh7Zsw,reels ki rani 😁#shorts #funny,"Jun 5, 2024",48,0:00:00
2023-12-16,yCXXegh7Zsw,reels ki rani 😁#shorts #funny,"Jun 5, 2024",48,0:00:00
2023-12-17,yCXXegh7Zsw,reels ki rani 😁#shorts #funny,"Jun 5, 2024",48,0:00:00
2023-12-18,yCXXegh7Zsw,reels ki rani 😁#shorts #funny,"Jun 5, 2024",48,0:00:00
2023-12-19,yCXXegh7Zsw,reels ki rani 😁#shorts #funny,"Jun 5, 2024",48,0:00:00
2023-12-20,yCXXegh7Zsw,reels ki rani 😁#shorts #funny,"Jun 5, 2024",48,0:00:00
2023-12-21,yCXXegh7Zsw,reels ki rani 😁#shorts #funny,"Jun 5, 2024",48,0:00:00
2023-12-22,yCXXegh7Zsw,reels ki rani 😁#shorts #funny,"Jun 5, 2024",48,0:00:00
2023-12-23,yCXXegh7Zsw,reels ki rani 😁#shorts #funny,"Jun 5, 2024",48,0:00:00
2023-12-24,yCXXegh7Zsw,reels ki rani 😁#shorts #funny,"Jun 5, 2024",48,0:00:00
2023-12-25,yCXXegh7Zsw,reels ki rani 😁#shorts #funny,"Jun 5, 2024",48,0:00:00
2023-12-26,yCXXegh7Zsw,reels ki rani 😁#shorts #funny,"Jun 5, 2024",48,0:00:00
2023-12-27,yCXXegh7Zsw,reels ki rani 😁#shorts #funny,"Jun 5, 2024",48,0:00:00
2023-12-28,yCXXegh7Zsw,reels ki rani 😁#shorts #funny,"Jun 5, 2024",48,0:00:00
2023-12-29,yCXXegh7Zsw,reels ki rani 😁#shorts #funny,"Jun 5, 2024",48,0:00:00
2023-12-30,yCXXegh7Zsw,reels ki rani 😁#shorts #funny,"Jun 5, 2024",48,0:00:00
2023-12-31,yCXXegh7Zsw,reels ki rani 😁#shorts #funny,"Jun 5, 2024",48,0:00:00
2024-01-01,yCXXegh7Zsw,reels ki rani 😁#shorts #funny,"Jun 5, 2024",48,0:00:00
2024-01-02,yCXXegh7Zsw,reels ki rani 😁#shorts #funny,"Jun 5, 2024",48,0:00:00
2024-01-03,yCXXegh7Zsw,reels ki rani 😁#shorts #funny,"Jun 5, 2024",48,0:00:00
2024-01-04,yCXXegh7Zsw,reels ki rani 😁#shorts #funny,"Jun 5, 2024",48,0:00:00
2024-01-05,yCXXegh7Zsw,reels ki rani 😁#shorts #funny,"Jun 5, 2024",48,0:00:00
2024-01-06,yCXXegh7Zsw,reels ki rani 😁#shorts #funny,"Jun 5, 2024",48,0:00:00
2024-01-07,yCXXegh7Zsw,reels ki rani 😁#shorts #funny,"Jun 5, 2024",48,0:00:00
2024-01-08,yCXXegh7Zsw,reels ki rani 😁#shorts #funny,"Jun 5, 2024",48,0:00:00
2024-01-09,yCXXegh7Zsw,reels ki rani 😁#shorts #funny,"Jun 5, 2024",48,0:00:00
2024-01-10,yCXXegh7Zsw,reels ki rani 😁#shorts #funny,"Jun 5, 2024",48,0:00:00
2024-01-11,yCXXegh7Zsw,reels ki rani 😁#shorts #funny,"Jun 5, 2024",48,0:00:00
2024-01-12,yCXXegh7Zsw,reels ki rani 😁#shorts #funny,"Jun 5, 2024",48,0:00:00
2024-01-13,yCXXegh7Zsw,reels ki rani 😁#shorts #funny,"Jun 5, 2024",48,0:00:00
2024-01-14,yCXXegh7Zsw,reels ki rani 😁#shorts #funny,"Jun 5, 2024",48,0:00:00
2024-01-15,yCXXegh7Zsw,reels ki rani 😁#shorts #funny,"Jun 5, 2024",48,0:00:00
2024-01-16,yCXXegh7Zsw,reels ki rani 😁#shorts #funny,"Jun 5, 2024",48,0:00:00
2024-01-17,yCXXegh7Zsw,reels ki rani 😁#shorts #funny,"Jun 5, 2024",48,0:00:00
2024-01-18,yCXXegh7Zsw,reels ki rani 😁#shorts #funny,"Jun 5, 2024",48,0:00:00
2024-01-19,yCXXegh7Zsw,reels ki rani 😁#shorts #funny,"Jun 5, 2024",48,0:00:00
2024-01-20,yCXXegh7Zsw,reels ki rani 😁#shorts #funny,"Jun 5, 2024",48,0:00:00
2024-01-21,yCXXegh7Zsw,reels ki rani 😁#shorts #funny,"Jun 5, 2024",48,0:00:00
2024-01-22,yCXXegh7Zsw,reels ki rani 😁#shorts #funny,"Jun 5, 2024",48,0:00:00
2024-01-23,yCXXegh7Zsw,reels ki rani 😁#shorts #funny,"Jun 5, 2024",48,0:00:00
2024-01-24,yCXXegh7Zsw,reels ki rani 😁#shorts #funny,"Jun 5, 2024",48,0:00:00
2024-01-25,yCXXegh7Zsw,reels ki rani 😁#shorts #funny,"Jun 5, 2024",48,0:00:00
2024-01-26,yCXXegh7Zsw,reels ki rani 😁#shorts #funny,"Jun 5, 2024",48,0:00:00
2024-01-27,yCXXegh7Zsw,reels ki rani 😁#shorts #funny,"Jun 5, 2024",48,0:00:00
2024-01-28,yCXXegh7Zsw,reels ki rani 😁#shorts #funny,"Jun 5, 2024",48,0:00:00
2024-01-29,yCXXegh7Zsw,reels ki rani 😁#shorts #funny,"Jun 5, 2024",48,0:00:00
2024-01-30,yCXXegh7Zsw,reels ki rani 😁#shorts #funny,"Jun 5, 2024",48,0:00:00
2024-01-31,yCXXegh7Zsw,reels ki rani 😁#shorts #funny,"Jun 5, 2024",48,0:00:00
2024-02-01,yCXXegh7Zsw,reels ki rani 😁#shorts #funny,"Jun 5, 2024",48,0:00:00
2024-02-02,yCXXegh7Zsw,reels ki rani 😁#shorts #funny,"Jun 5, 2024",48,0:00:00
2024-02-03,yCXXegh7Zsw,reels ki rani 😁#shorts #funny,"Jun 5, 2024",48,0:00:00
2024-02-04,yCXXegh7Zsw,reels ki rani 😁#shorts #funny,"Jun 5, 2024",48,0:00:00
2024-02-05,yCXXegh7Zsw,reels ki rani 😁#shorts #funny,"Jun 5, 2024",48,0:00:00
2024-02-06,yCXXegh7Zsw,reels ki rani 😁#shorts #funny,"Jun 5, 2024",48,0:00:00
2024-02-07,yCXXegh7Zsw,reels ki rani 😁#shorts #funny,"Jun 5, 2024",48,0:00:00
2024-02-08,yCXXegh7Zsw,reels ki rani 😁#shorts #funny,"Jun 5, 2024",48,0:00:00
2024-02-09,yCXXegh7Zsw,reels ki rani 😁#shorts #funny,"Jun 5, 2024",48,0:00:00
2024-02-10,yCXXegh7Zsw,reels ki rani 😁#shorts #funny,"Jun 5, 2024",48,0:00:00
2024-02-11,yCXXegh7Zsw,reels ki rani 😁#shorts #funny,"Jun 5, 2024",48,0:00:00
2024-02-12,yCXXegh7Zsw,reels ki rani 😁#shorts #funny,"Jun 5, 2024",48,0:00:00
2024-02-13,yCXXegh7Zsw,reels ki rani 😁#shorts #funny,"Jun 5, 2024",48,0:00:00
2024-02-14,yCXXegh7Zsw,reels ki rani 😁#shorts #funny,"Jun 5, 2024",48,0:00:00
2024-02-15,yCXXegh7Zsw,reels ki rani 😁#shorts #funny,"Jun 5, 2024",48,0:00:00
2024-02-16,yCXXegh7Zsw,reels ki rani 😁#shorts #funny,"Jun 5, 2024",48,0:00:00
2024-02-17,yCXXegh7Zsw,reels ki rani 😁#shorts #funny,"Jun 5, 2024",48,0:00:00
2024-02-18,yCXXegh7Zsw,reels ki rani 😁#shorts #funny,"Jun 5, 2024",48,0:00:00
2024-02-19,yCXXegh7Zsw,reels ki rani 😁#shorts #funny,"Jun 5, 2024",48,0:00:00
2024-02-20,yCXXegh7Zsw,reels ki rani 😁#shorts #funny,"Jun 5, 2024",48,0:00:00
2024-02-21,yCXXegh7Zsw,reels ki rani 😁#shorts #funny,"Jun 5, 2024",48,0:00:00
2024-02-22,yCXXegh7Zsw,reels ki rani 😁#shorts #funny,"Jun 5, 2024",48,0:00:00
2024-02-23,yCXXegh7Zsw,reels ki rani 😁#shorts #funny,"Jun 5, 2024",48,0:00:00
2024-02-24,yCXXegh7Zsw,reels ki rani 😁#shorts #funny,"Jun 5, 2024",48,0:00:00
2024-02-25,yCXXegh7Zsw,reels ki rani 😁#shorts #funny,"Jun 5, 2024",48,0:00:00
2024-02-26,yCXXegh7Zsw,reels ki rani 😁#shorts #funny,"Jun 5, 2024",48,0:00:00
2024-02-27,yCXXegh7Zsw,reels ki rani 😁#shorts #funny,"Jun 5, 2024",48,0:00:00
2024-02-28,yCXXegh7Zsw,reels ki rani 😁#shorts #funny,"Jun 5, 2024",48,0:00:00
2024-02-29,yCXXegh7Zsw,reels ki rani 😁#shorts #funny,"Jun 5, 2024",48,0:00:00
2024-03-01,yCXXegh7Zsw,reels ki rani 😁#shorts #funny,"Jun 5, 2024",48,0:00:00
2024-03-02,yCXXegh7Zsw,reels ki rani 😁#shorts #funny,"Jun 5, 2024",48,0:00:00
2024-03-03,yCXXegh7Zsw,reels ki rani 😁#shorts #funny,"Jun 5, 2024",48,0:00:00
2024-03-04,yCXXegh7Zsw,reels ki rani 😁#shorts #funny,"Jun 5, 2024",48,0:00:00
2024-03-05,yCXXegh7Zsw,reels ki rani 😁#shorts #funny,"Jun 5, 2024",48,0:00:00
2024-03-06,yCXXegh7Zsw,reels ki rani 😁#shorts #funny,"Jun 5, 2024",48,0:00:00
2024-03-07,yCXXegh7Zsw,reels ki rani 😁#shorts #funny,"Jun 5, 2024",48,0:00:00
2024-03-08,yCXXegh7Zsw,reels ki rani 😁#shorts #funny,"Jun 5, 2024",48,0:00:00
2024-03-09,yCXXegh7Zsw,reels ki rani 😁#shorts #funny,"Jun 5, 2024",48,0:00:00
2024-03-10,yCXXegh7Zsw,reels ki rani 😁#shorts #funny,"Jun 5, 2024",48,0:00:00
2024-03-11,yCXXegh7Zsw,reels ki rani 😁#shorts #funny,"Jun 5, 2024",48,0:00:00
2024-03-12,yCXXegh7Zsw,reels ki rani 😁#shorts #funny,"Jun 5, 2024",48,0:00:00
2024-03-13,yCXXegh7Zsw,reels ki rani 😁#shorts #funny,"Jun 5, 2024",48,0:00:00
2024-03-14,yCXXegh7Zsw,reels ki rani 😁#shorts #funny,"Jun 5, 2024",48,0:00:00
2024-03-15,yCXXegh7Zsw,reels ki rani 😁#shorts #funny,"Jun 5, 2024",48,0:00:00
2024-03-16,yCXXegh7Zsw,reels ki rani 😁#shorts #funny,"Jun 5, 2024",48,0:00:00
2024-03-17,yCXXegh7Zsw,reels ki rani 😁#shorts #funny,"Jun 5, 2024",48,0:00:00
2024-03-18,yCXXegh7Zsw,reels ki rani 😁#shorts #funny,"Jun 5, 2024",48,0:00:00
2024-03-19,yCXXegh7Zsw,reels ki rani 😁#shorts #funny,"Jun 5, 2024",48,0:00:00
2024-03-20,yCXXegh7Zsw,reels ki rani 😁#shorts #funny,"Jun 5, 2024",48,0:00:00
2024-03-21,yCXXegh7Zsw,reels ki rani 😁#shorts #funny,"Jun 5, 2024",48,0:00:00
2024-03-22,yCXXegh7Zsw,reels ki rani 😁#shorts #funny,"Jun 5, 2024",48,0:00:00
2024-03-23,yCXXegh7Zsw,reels ki rani 😁#shorts #funny,"Jun 5, 2024",48,0:00:00
2024-03-24,yCXXegh7Zsw,reels ki rani 😁#shorts #funny,"Jun 5, 2024",48,0:00:00
2024-03-25,yCXXegh7Zsw,reels ki rani 😁#shorts #funny,"Jun 5, 2024",48,0:00:00
2024-03-26,yCXXegh7Zsw,reels ki rani 😁#shorts #funny,"Jun 5, 2024",48,0:00:00
2024-03-27,yCXXegh7Zsw,reels ki rani 😁#shorts #funny,"Jun 5, 2024",48,0:00:00
2024-03-28,yCXXegh7Zsw,reels ki rani 😁#shorts #funny,"Jun 5, 2024",48,0:00:00
2024-03-29,yCXXegh7Zsw,reels ki rani 😁#shorts #funny,"Jun 5, 2024",48,0:00:00
2024-03-30,yCXXegh7Zsw,reels ki rani 😁#shorts #funny,"Jun 5, 2024",48,0:00:00
2024-03-31,yCXXegh7Zsw,reels ki rani 😁#shorts #funny,"Jun 5, 2024",48,0:00:00
2024-04-01,yCXXegh7Zsw,reels ki rani 😁#shorts #funny,"Jun 5, 2024",48,0:00:00
2024-04-02,yCXXegh7Zsw,reels ki rani 😁#shorts #funny,"Jun 5, 2024",48,0:00:00
2024-04-03,yCXXegh7Zsw,reels ki rani 😁#shorts #funny,"Jun 5, 2024",48,0:00:00
2024-04-04,yCXXegh7Zsw,reels ki rani 😁#shorts #funny,"Jun 5, 2024",48,0:00:00
2024-04-05,yCXXegh7Zsw,reels ki rani 😁#shorts #funny,"Jun 5, 2024",48,0:00:00
2024-04-06,yCXXegh7Zsw,reels ki rani 😁#shorts #funny,"Jun 5, 2024",48,0:00:00
2024-04-07,yCXXegh7Zsw,reels ki rani 😁#shorts #funny,"Jun 5, 2024",48,0:00:00
2024-04-08,yCXXegh7Zsw,reels ki rani 😁#shorts #funny,"Jun 5, 2024",48,0:00:00
2024-04-09,yCXXegh7Zsw,reels ki rani 😁#shorts #funny,"Jun 5, 2024",48,0:00:00
2024-04-10,yCXXegh7Zsw,reels ki rani 😁#shorts #funny,"Jun 5, 2024",48,0:00:00
2024-04-11,yCXXegh7Zsw,reels ki rani 😁#shorts #funny,"Jun 5, 2024",48,0:00:00
2024-04-12,yCXXegh7Zsw,reels ki rani 😁#shorts #funny,"Jun 5, 2024",48,0:00:00
2024-04-13,yCXXegh7Zsw,reels ki rani 😁#shorts #funny,"Jun 5, 2024",48,0:00:00
2024-04-14,yCXXegh7Zsw,reels ki rani 😁#shorts #funny,"Jun 5, 2024",48,0:00:00
2024-04-15,yCXXegh7Zsw,reels ki rani 😁#shorts #funny,"Jun 5, 2024",48,0:00:00
2024-04-16,yCXXegh7Zsw,reels ki rani 😁#shorts #funny,"Jun 5, 2024",48,0:00:00
2024-04-17,yCXXegh7Zsw,reels ki rani 😁#shorts #funny,"Jun 5, 2024",48,0:00:00
2024-04-18,yCXXegh7Zsw,reels ki rani 😁#shorts #funny,"Jun 5, 2024",48,0:00:00
2024-04-19,yCXXegh7Zsw,reels ki rani 😁#shorts #funny,"Jun 5, 2024",48,0:00:00
2024-04-20,yCXXegh7Zsw,reels ki rani 😁#shorts #funny,"Jun 5, 2024",48,0:00:00
2024-04-21,yCXXegh7Zsw,reels ki rani 😁#shorts #funny,"Jun 5, 2024",48,0:00:00
2024-04-22,yCXXegh7Zsw,reels ki rani 😁#shorts #funny,"Jun 5, 2024",48,0:00:00
2024-04-23,yCXXegh7Zsw,reels ki rani 😁#shorts #funny,"Jun 5, 2024",48,0:00:00
2024-04-24,yCXXegh7Zsw,reels ki rani 😁#shorts #funny,"Jun 5, 2024",48,0:00:00
2024-04-25,yCXXegh7Zsw,reels ki rani 😁#shorts #funny,"Jun 5, 2024",48,0:00:00
2024-04-26,yCXXegh7Zsw,reels ki rani 😁#shorts #funny,"Jun 5, 2024",48,0:00:00
2024-04-27,yCXXegh7Zsw,reels ki rani 😁#shorts #funny,"Jun 5, 2024",48,0:00:00
2024-04-28,yCXXegh7Zsw,reels ki rani 😁#shorts #funny,"Jun 5, 2024",48,0:00:00
2024-04-29,yCXXegh7Zsw,reels ki rani 😁#shorts #funny,"Jun 5, 2024",48,0:00:00
2024-04-30,yCXXegh7Zsw,reels ki rani 😁#shorts #funny,"Jun 5, 2024",48,0:00:00
2024-05-01,yCXXegh7Zsw,reels ki rani 😁#shorts #funny,"Jun 5, 2024",48,0:00:00
2024-05-02,yCXXegh7Zsw,reels ki rani 😁#shorts #funny,"Jun 5, 2024",48,0:00:00
2024-05-03,yCXXegh7Zsw,reels ki rani 😁#shorts #funny,"Jun 5, 2024",48,0:00:00
2024-05-04,yCXXegh7Zsw,reels ki rani 😁#shorts #funny,"Jun 5, 2024",48,0:00:00
2024-05-05,yCXXegh7Zsw,reels ki rani 😁#shorts #funny,"Jun 5, 2024",48,0:00:00
2024-05-06,yCXXegh7Zsw,reels ki rani 😁#shorts #funny,"Jun 5, 2024",48,0:00:00
2024-05-07,yCXXegh7Zsw,reels ki rani 😁#shorts #funny,"Jun 5, 2024",48,0:00:00
2024-05-08,yCXXegh7Zsw,reels ki rani 😁#shorts #funny,"Jun 5, 2024",48,0:00:00
2024-05-09,yCXXegh7Zsw,reels ki rani 😁#shorts #funny,"Jun 5, 2024",48,0:00:00
2024-05-10,yCXXegh7Zsw,reels ki rani 😁#shorts #funny,"Jun 5, 2024",48,0:00:00
2024-05-11,yCXXegh7Zsw,reels ki rani 😁#shorts #funny,"Jun 5, 2024",48,0:00:00
2024-05-12,yCXXegh7Zsw,reels ki rani 😁#shorts #funny,"Jun 5, 2024",48,0:00:00
2024-05-13,yCXXegh7Zsw,reels ki rani 😁#shorts #funny,"Jun 5, 2024",48,0:00:00
2024-05-14,yCXXegh7Zsw,reels ki rani 😁#shorts #funny,"Jun 5, 2024",48,0:00:00
2024-05-15,yCXXegh7Zsw,reels ki rani 😁#shorts #funny,"Jun 5, 2024",48,0:00:00
2024-05-16,yCXXegh7Zsw,reels ki rani 😁#shorts #funny,"Jun 5, 2024",48,0:00:00
2024-05-17,yCXXegh7Zsw,reels ki rani 😁#shorts #funny,"Jun 5, 2024",48,0:00:00
2024-05-18,yCXXegh7Zsw,reels ki rani 😁#shorts #funny,"Jun 5, 2024",48,0:00:00
2024-05-19,yCXXegh7Zsw,reels ki rani 😁#shorts #funny,"Jun 5, 2024",48,0:00:00
2024-05-20,yCXXegh7Zsw,reels ki rani 😁#shorts #funny,"Jun 5, 2024",48,0:00:00
2024-05-21,yCXXegh7Zsw,reels ki rani 😁#shorts #funny,"Jun 5, 2024",48,0:00:00
2024-05-22,yCXXegh7Zsw,reels ki rani 😁#shorts #funny,"Jun 5, 2024",48,0:00:00
2024-05-23,yCXXegh7Zsw,reels ki rani 😁#shorts #funny,"Jun 5, 2024",48,0:00:00
2024-05-24,yCXXegh7Zsw,reels ki rani 😁#shorts #funny,"Jun 5, 2024",48,0:00:00
2024-05-25,yCXXegh7Zsw,reels ki rani 😁#shorts #funny,"Jun 5, 2024",48,0:00:00
2024-05-26,yCXXegh7Zsw,reels ki rani 😁#shorts #funny,"Jun 5, 2024",48,0:00:00
2024-05-27,yCXXegh7Zsw,reels ki rani 😁#shorts #funny,"Jun 5, 2024",48,0:00:00
2024-05-28,yCXXegh7Zsw,reels ki rani 😁#shorts #funny,"Jun 5, 2024",48,0:00:00
2024-05-29,yCXXegh7Zsw,reels ki rani 😁#shorts #funny,"Jun 5, 2024",48,0:00:00
2024-05-30,yCXXegh7Zsw,reels ki rani 😁#shorts #funny,"Jun 5, 2024",48,0:00:00
2024-05-31,yCXXegh7Zsw,reels ki rani 😁#shorts #funny,"Jun 5, 2024",48,0:00:00
2024-06-01,yCXXegh7Zsw,reels ki rani 😁#shorts #funny,"Jun 5, 2024",48,0:00:00
2024-06-02,yCXXegh7Zsw,reels ki rani 😁#shorts #funny,"Jun 5, 2024",48,0:00:00
2024-06-03,yCXXegh7Zsw,reels ki rani 😁#shorts #funny,"Jun 5, 2024",48,0:00:00
2024-06-04,yCXXegh7Zsw,reels ki rani 😁#shorts #funny,"Jun 5, 2024",48,0:00:00
2024-06-05,yCXXegh7Zsw,reels ki rani 😁#shorts #funny,"Jun 5, 2024",48,0:00:45
2024-06-06,yCXXegh7Zsw,reels ki rani 😁#shorts #funny,"Jun 5, 2024",48,0:00:00
2024-06-07,yCXXegh7Zsw,reels ki rani 😁#shorts #funny,"Jun 5, 2024",48,0:00:00
2024-06-08,yCXXegh7Zsw,reels ki rani 😁#shorts #funny,"Jun 5, 2024",48,0:00:00
2024-06-09,yCXXegh7Zsw,reels ki rani 😁#shorts #funny,"Jun 5, 2024",48,0:00:00
2024-06-10,yCXXegh7Zsw,reels ki rani 😁#shorts #funny,"Jun 5, 2024",48,0:00:00
2024-06-11,yCXXegh7Zsw,reels ki rani 😁#shorts #funny,"Jun 5, 2024",48,0:00:00
2024-06-12,yCXXegh7Zsw,reels ki rani 😁#shorts #funny,"Jun 5, 2024",48,0:00:00
2024-06-13,yCXXegh7Zsw,reels ki rani 😁#shorts #funny,"Jun 5, 2024",48,0:00:00
2024-06-14,yCXXegh7Zsw,reels ki rani 😁#shorts #funny,"Jun 5, 2024",48,0:00:00
2024-06-15,yCXXegh7Zsw,reels ki rani 😁#shorts #funny,"Jun 5, 2024",48,0:00:00
2024-06-16,yCXXegh7Zsw,reels ki rani 😁#shorts #funny,"Jun 5, 2024",48,0:00:00
2024-06-17,yCXXegh7Zsw,reels ki rani 😁#shorts #funny,"Jun 5, 2024",48,0:00:00
2024-06-18,yCXXegh7Zsw,reels ki rani 😁#shorts #funny,"Jun 5, 2024",48,0:00:00
2024-06-19,yCXXegh7Zsw,reels ki rani 😁#shorts #funny,"Jun 5, 2024",48,0:00:00
2024-06-20,yCXXegh7Zsw,reels ki rani 😁#shorts #funny,"Jun 5, 2024",48,0:00:00
2024-06-21,yCXXegh7Zsw,reels ki rani 😁#shorts #funny,"Jun 5, 2024",48,0:00:00
2024-06-22,yCXXegh7Zsw,reels ki rani 😁#shorts #funny,"Jun 5, 2024",48,0:00:00
2024-06-23,yCXXegh7Zsw,reels ki rani 😁#shorts #funny,"Jun 5, 2024",48,0:00:00
2024-06-24,yCXXegh7Zsw,reels ki rani 😁#shorts #funny,"Jun 5, 2024",48,0:00:00
2024-06-25,yCXXegh7Zsw,reels ki rani 😁#shorts #funny,"Jun 5, 2024",48,0:00:00
2024-06-26,yCXXegh7Zsw,reels ki rani 😁#shorts #funny,"Jun 5, 2024",48,0:00:00
2024-06-27,yCXXegh7Zsw,reels ki rani 😁#shorts #funny,"Jun 5, 2024",48,0:00:00
2024-06-28,yCXXegh7Zsw,reels ki rani 😁#shorts #funny,"Jun 5, 2024",48,0:00:00
2024-06-29,yCXXegh7Zsw,reels ki rani 😁#shorts #funny,"Jun 5, 2024",48,0:00:00
2024-06-30,yCXXegh7Zsw,reels ki rani 😁#shorts #funny,"Jun 5, 2024",48,0:00:00
2024-07-01,yCXXegh7Zsw,reels ki rani 😁#shorts #funny,"Jun 5, 2024",48,0:00:00
2024-07-02,yCXXegh7Zsw,reels ki rani 😁#shorts #funny,"Jun 5, 2024",48,0:00:00
2024-07-03,yCXXegh7Zsw,reels ki rani 😁#shorts #funny,"Jun 5, 2024",48,0:00:00
2024-07-04,yCXXegh7Zsw,reels ki rani 😁#shorts #funny,"Jun 5, 2024",48,0:00:00
2024-07-05,yCXXegh7Zsw,reels ki rani 😁#shorts #funny,"Jun 5, 2024",48,0:00:00
2024-07-06,yCXXegh7Zsw,reels ki rani 😁#shorts #funny,"Jun 5, 2024",48,0:00:00
2024-07-07,yCXXegh7Zsw,reels ki rani 😁#shorts #funny,"Jun 5, 2024",48,0:00:00
2024-07-08,yCXXegh7Zsw,reels ki rani 😁#shorts #funny,"Jun 5, 2024",48,0:00:00
2024-07-09,yCXXegh7Zsw,reels ki rani 😁#shorts #funny,"Jun 5, 2024",48,0:00:00
2024-07-10,yCXXegh7Zsw,reels ki rani 😁#shorts #funny,"Jun 5, 2024",48,0:00:00
2024-07-11,yCXXegh7Zsw,reels ki rani 😁#shorts #funny,"Jun 5, 2024",48,0:00:00
2024-07-12,yCXXegh7Zsw,reels ki rani 😁#shorts #funny,"Jun 5, 2024",48,0:00:00
2024-07-13,yCXXegh7Zsw,reels ki rani 😁#shorts #funny,"Jun 5, 2024",48,0:00:00
2024-07-14,yCXXegh7Zsw,reels ki rani 😁#shorts #funny,"Jun 5, 2024",48,0:00:00
2024-07-15,yCXXegh7Zsw,reels ki rani 😁#shorts #funny,"Jun 5, 2024",48,0:00:00
2024-07-16,yCXXegh7Zsw,reels ki rani 😁#shorts #funny,"Jun 5, 2024",48,0:00:00
2024-07-17,yCXXegh7Zsw,reels ki rani 😁#shorts #funny,"Jun 5, 2024",48,0:00:00
2024-07-18,yCXXegh7Zsw,reels ki rani 😁#shorts #funny,"Jun 5, 2024",48,0:00:00
2024-07-19,yCXXegh7Zsw,reels ki rani 😁#shorts #funny,"Jun 5, 2024",48,0:00:00
2024-07-20,yCXXegh7Zsw,reels ki rani 😁#shorts #funny,"Jun 5, 2024",48,0:00:00
2024-07-21,yCXXegh7Zsw,reels ki rani 😁#shorts #funny,"Jun 5, 2024",48,0:00:00
2024-07-22,yCXXegh7Zsw,reels ki rani 😁#shorts #funny,"Jun 5, 2024",48,0:00:00
2024-07-23,yCXXegh7Zsw,reels ki rani 😁#shorts #funny,"Jun 5, 2024",48,0:00:00
2024-07-24,yCXXegh7Zsw,reels ki rani 😁#shorts #funny,"Jun 5, 2024",48,0:00:00
2024-07-25,yCXXegh7Zsw,reels ki rani 😁#shorts #funny,"Jun 5, 2024",48,0:00:00
2024-07-26,yCXXegh7Zsw,reels ki rani 😁#shorts #funny,"Jun 5, 2024",48,0:00:00
2024-07-27,yCXXegh7Zsw,reels ki rani 😁#shorts #funny,"Jun 5, 2024",48,0:00:00
2024-07-28,yCXXegh7Zsw,reels ki rani 😁#shorts #funny,"Jun 5, 2024",48,0:00:00
2024-07-29,yCXXegh7Zsw,reels ki rani 😁#shorts #funny,"Jun 5, 2024",48,0:00:00
2024-07-30,yCXXegh7Zsw,reels ki rani 😁#shorts #funny,"Jun 5, 2024",48,0:00:00
2024-07-31,yCXXegh7Zsw,reels ki rani 😁#shorts #funny,"Jun 5, 2024",48,0:00:00
2024-08-01,yCXXegh7Zsw,reels ki rani 😁#shorts #funny,"Jun 5, 2024",48,0:00:00
2024-08-02,yCXXegh7Zsw,reels ki rani 😁#shorts #funny,"Jun 5, 2024",48,0:00:00
2024-08-03,yCXXegh7Zsw,reels ki rani 😁#shorts #funny,"Jun 5, 2024",48,0:00:00
2024-08-04,yCXXegh7Zsw,reels ki rani 😁#shorts #funny,"Jun 5, 2024",48,0:00:00
2024-08-05,yCXXegh7Zsw,reels ki rani 😁#shorts #funny,"Jun 5, 2024",48,0:00:00
2024-08-06,yCXXegh7Zsw,reels ki rani 😁#shorts #funny,"Jun 5, 2024",48,0:00:00
2024-08-07,yCXXegh7Zsw,reels ki rani 😁#shorts #funny,"Jun 5, 2024",48,0:00:00
2024-08-08,yCXXegh7Zsw,reels ki rani 😁#shorts #funny,"Jun 5, 2024",48,0:00:00
2024-08-09,yCXXegh7Zsw,reels ki rani 😁#shorts #funny,"Jun 5, 2024",48,0:00:00
2024-08-10,yCXXegh7Zsw,reels ki rani 😁#shorts #funny,"Jun 5, 2024",48,0:00:00
2024-08-11,yCXXegh7Zsw,reels ki rani 😁#shorts #funny,"Jun 5, 2024",48,0:00:00
2024-08-12,yCXXegh7Zsw,reels ki rani 😁#shorts #funny,"Jun 5, 2024",48,0:00:00
2024-08-13,yCXXegh7Zsw,reels ki rani 😁#shorts #funny,"Jun 5, 2024",48,0:00:00
2024-08-14,yCXXegh7Zsw,reels ki rani 😁#shorts #funny,"Jun 5, 2024",48,0:00:00
2024-08-15,yCXXegh7Zsw,reels ki rani 😁#shorts #funny,"Jun 5, 2024",48,0:00:00
2024-08-16,yCXXegh7Zsw,reels ki rani 😁#shorts #funny,"Jun 5, 2024",48,0:00:00
2024-08-17,yCXXegh7Zsw,reels ki rani 😁#shorts #funny,"Jun 5, 2024",48,0:00:00
2024-08-18,yCXXegh7Zsw,reels ki rani 😁#shorts #funny,"Jun 5, 2024",48,0:00:00
2024-08-19,yCXXegh7Zsw,reels ki rani 😁#shorts #funny,"Jun 5, 2024",48,0:00:00
2024-08-20,yCXXegh7Zsw,reels ki rani 😁#shorts #funny,"Jun 5, 2024",48,0:00:00
2024-08-21,yCXXegh7Zsw,reels ki rani 😁#shorts #funny,"Jun 5, 2024",48,0:00:00
2024-08-22,yCXXegh7Zsw,reels ki rani 😁#shorts #funny,"Jun 5, 2024",48,0:00:00
2024-08-23,yCXXegh7Zsw,reels ki rani 😁#shorts #funny,"Jun 5, 2024",48,0:00:00
2024-08-24,yCXXegh7Zsw,reels ki rani 😁#shorts #funny,"Jun 5, 2024",48,0:00:00
2024-08-25,yCXXegh7Zsw,reels ki rani 😁#shorts #funny,"Jun 5, 2024",48,0:00:00
2024-08-26,yCXXegh7Zsw,reels ki rani 😁#shorts #funny,"Jun 5, 2024",48,0:00:00
2024-08-27,yCXXegh7Zsw,reels ki rani 😁#shorts #funny,"Jun 5, 2024",48,0:00:00
2024-08-28,yCXXegh7Zsw,reels ki rani 😁#shorts #funny,"Jun 5, 2024",48,0:00:00
2024-08-29,yCXXegh7Zsw,reels ki rani 😁#shorts #funny,"Jun 5, 2024",48,0:00:00
2024-08-30,yCXXegh7Zsw,reels ki rani 😁#shorts #funny,"Jun 5, 2024",48,0:00:00
2024-08-31,yCXXegh7Zsw,reels ki rani 😁#shorts #funny,"Jun 5, 2024",48,0:00:00
2024-09-01,yCXXegh7Zsw,reels ki rani 😁#shorts #funny,"Jun 5, 2024",48,0:00:00
2024-09-02,yCXXegh7Zsw,reels ki rani 😁#shorts #funny,"Jun 5, 2024",48,0:00:00
2024-09-03,yCXXegh7Zsw,reels ki rani 😁#shorts #funny,"Jun 5, 2024",48,0:00:00
2024-09-04,yCXXegh7Zsw,reels ki rani 😁#shorts #funny,"Jun 5, 2024",48,0:00:00
2024-09-05,yCXXegh7Zsw,reels ki rani 😁#shorts #funny,"Jun 5, 2024",48,0:00:00
2024-09-06,yCXXegh7Zsw,reels ki rani 😁#shorts #funny,"Jun 5, 2024",48,0:00:00
2024-09-07,yCXXegh7Zsw,reels ki rani 😁#shorts #funny,"Jun 5, 2024",48,0:00:00
2024-09-08,yCXXegh7Zsw,reels ki rani 😁#shorts #funny,"Jun 5, 2024",48,0:00:00
2024-09-09,yCXXegh7Zsw,reels ki rani 😁#shorts #funny,"Jun 5, 2024",48,0:00:00
2024-09-10,yCXXegh7Zsw,reels ki rani 😁#shorts #funny,"Jun 5, 2024",48,0:00:00
2024-09-11,yCXXegh7Zsw,reels ki rani 😁#shorts #funny,"Jun 5, 2024",48,0:00:00
2024-09-12,yCXXegh7Zsw,reels ki rani 😁#shorts #funny,"Jun 5, 2024",48,0:00:00
2024-09-13,yCXXegh7Zsw,reels ki rani 😁#shorts #funny,"Jun 5, 2024",48,0:00:00
2024-09-14,yCXXegh7Zsw,reels ki rani 😁#shorts #funny,"Jun 5, 2024",48,0:00:00
2024-09-15,yCXXegh7Zsw,reels ki rani 😁#shorts #funny,"Jun 5, 2024",48,0:00:00
2024-09-16,yCXXegh7Zsw,reels ki rani 😁#shorts #funny,"Jun 5, 2024",48,0:00:00
2024-09-17,yCXXegh7Zsw,reels ki rani 😁#shorts #funny,"Jun 5, 2024",48,0:00:00
2024-09-18,yCXXegh7Zsw,reels ki rani 😁#shorts #funny,"Jun 5, 2024",48,0:00:00
2024-09-19,yCXXegh7Zsw,reels ki rani 😁#shorts #funny,"Jun 5, 2024",48,0:00:00
2024-09-20,yCXXegh7Zsw,reels ki rani 😁#shorts #funny,"Jun 5, 2024",48,0:00:00
2024-09-21,yCXXegh7Zsw,reels ki rani 😁#shorts #funny,"Jun 5, 2024",48,0:00:00
2024-09-22,yCXXegh7Zsw,reels ki rani 😁#shorts #funny,"Jun 5, 2024",48,0:00:00
2024-09-23,yCXXegh7Zsw,reels ki rani 😁#shorts #funny,"Jun 5, 2024",48,0:00:00
2024-09-24,yCXXegh7Zsw,reels ki rani 😁#shorts #funny,"Jun 5, 2024",48,0:00:00
2024-09-25,yCXXegh7Zsw,reels ki rani 😁#shorts #funny,"Jun 5, 2024",48,0:00:00
2024-09-26,yCXXegh7Zsw,reels ki rani 😁#shorts #funny,"Jun 5, 2024",48,0:00:00
2024-09-27,yCXXegh7Zsw,reels ki rani 😁#shorts #funny,"Jun 5, 2024",48,0:00:00
2024-09-28,yCXXegh7Zsw,reels ki rani 😁#shorts #funny,"Jun 5, 2024",48,0:00:00
2024-09-29,yCXXegh7Zsw,reels ki rani 😁#shorts #funny,"Jun 5, 2024",48,0:00:00
2024-09-30,yCXXegh7Zsw,reels ki rani 😁#shorts #funny,"Jun 5, 2024",48,0:00:00
2024-10-01,yCXXegh7Zsw,reels ki rani 😁#shorts #funny,"Jun 5, 2024",48,0:00:00
2024-10-02,yCXXegh7Zsw,reels ki rani 😁#shorts #funny,"Jun 5, 2024",48,0:00:00
2024-10-03,yCXXegh7Zsw,reels ki rani 😁#shorts #funny,"Jun 5, 2024",48,0:00:00
2024-10-04,yCXXegh7Zsw,reels ki rani 😁#shorts #funny,"Jun 5, 2024",48,0:00:00
2024-10-05,yCXXegh7Zsw,reels ki rani 😁#shorts #funny,"Jun 5, 2024",48,0:00:00
2024-10-06,yCXXegh7Zsw,reels ki rani 😁#shorts #funny,"Jun 5, 2024",48,0:00:00
2024-10-07,yCXXegh7Zsw,reels ki rani 😁#shorts #funny,"Jun 5, 2024",48,0:00:00
2024-10-08,yCXXegh7Zsw,reels ki rani 😁#shorts #funny,"Jun 5, 2024",48,0:00:00
2024-10-09,yCXXegh7Zsw,reels ki rani 😁#shorts #funny,"Jun 5, 2024",48,0:00:00
2024-10-10,yCXXegh7Zsw,reels ki rani 😁#shorts #funny,"Jun 5, 2024",48,0:00:00
2024-10-11,yCXXegh7Zsw,reels ki rani 😁#shorts #funny,"Jun 5, 2024",48,0:00:00
2024-10-12,yCXXegh7Zsw,reels ki rani 😁#shorts #funny,"Jun 5, 2024",48,0:00:00
2024-10-13,yCXXegh7Zsw,reels ki rani 😁#shorts #funny,"Jun 5, 2024",48,0:00:00
2024-10-14,yCXXegh7Zsw,reels ki rani 😁#shorts #funny,"Jun 5, 2024",48,0:00:00
2024-10-15,yCXXegh7Zsw,reels ki rani 😁#shorts #funny,"Jun 5, 2024",48,0:00:00
2024-10-16,yCXXegh7Zsw,reels ki rani 😁#shorts #funny,"Jun 5, 2024",48,0:00:00
2024-10-17,yCXXegh7Zsw,reels ki rani 😁#shorts #funny,"Jun 5, 2024",48,0:00:00
2024-10-18,yCXXegh7Zsw,reels ki rani 😁#shorts #funny,"Jun 5, 2024",48,0:00:00
2024-10-19,yCXXegh7Zsw,reels ki rani 😁#shorts #funny,"Jun 5, 2024",48,0:00:00
2024-10-20,yCXXegh7Zsw,reels ki rani 😁#shorts #funny,"Jun 5, 2024",48,0:00:00
2024-10-21,yCXXegh7Zsw,reels ki rani 😁#shorts #funny,"Jun 5, 2024",48,0:00:00
2024-10-22,yCXXegh7Zsw,reels ki rani 😁#shorts #funny,"Jun 5, 2024",48,0:00:00
2024-10-23,yCXXegh7Zsw,reels ki rani 😁#shorts #funny,"Jun 5, 2024",48,0:00:00
2024-10-24,yCXXegh7Zsw,reels ki rani 😁#shorts #funny,"Jun 5, 2024",48,0:00:00
2024-10-25,yCXXegh7Zsw,reels ki rani 😁#shorts #funny,"Jun 5, 2024",48,0:00:00
2024-10-26,yCXXegh7Zsw,reels ki rani 😁#shorts #funny,"Jun 5, 2024",48,0:00:00
2024-10-27,yCXXegh7Zsw,reels ki rani 😁#shorts #funny,"Jun 5, 2024",48,0:00:00
2024-10-28,yCXXegh7Zsw,reels ki rani 😁#shorts #funny,"Jun 5, 2024",48,0:00:00
2024-10-29,yCXXegh7Zsw,reels ki rani 😁#shorts #funny,"Jun 5, 2024",48,0:00:00
2024-10-30,yCXXegh7Zsw,reels ki rani 😁#shorts #funny,"Jun 5, 2024",48,0:00:00
2024-10-31,yCXXegh7Zsw,reels ki rani 😁#shorts #funny,"Jun 5, 2024",48,0:00:00
2024-11-01,yCXXegh7Zsw,reels ki rani 😁#shorts #funny,"Jun 5, 2024",48,0:00:00
2024-11-02,yCXXegh7Zsw,reels ki rani 😁#shorts #funny,"Jun 5, 2024",48,0:00:00
2024-11-03,yCXXegh7Zsw,reels ki rani 😁#shorts #funny,"Jun 5, 2024",48,0:00:00
2024-11-04,yCXXegh7Zsw,reels ki rani 😁#shorts #funny,"Jun 5, 2024",48,0:00:00
2024-11-05,yCXXegh7Zsw,reels ki rani 😁#shorts #funny,"Jun 5, 2024",48,0:00:00
2024-11-06,yCXXegh7Zsw,reels ki rani 😁#shorts #funny,"Jun 5, 2024",48,0:00:00
2024-11-07,yCXXegh7Zsw,reels ki rani 😁#shorts #funny,"Jun 5, 2024",48,0:00:00
2024-11-08,yCXXegh7Zsw,reels ki rani 😁#shorts #funny,"Jun 5, 2024",48,0:00:00
2024-11-09,yCXXegh7Zsw,reels ki rani 😁#shorts #funny,"Jun 5, 2024",48,0:00:00
2024-11-10,yCXXegh7Zsw,reels ki rani 😁#shorts #funny,"Jun 5, 2024",48,0:00:00
2024-11-11,yCXXegh7Zsw,reels ki rani 😁#shorts #funny,"Jun 5, 2024",48,0:00:00
2024-11-12,yCXXegh7Zsw,reels ki rani 😁#shorts #funny,"Jun 5, 2024",48,0:00:00
2024-11-13,yCXXegh7Zsw,reels ki rani 😁#shorts #funny,"Jun 5, 2024",48,0:00:00
2024-11-14,yCXXegh7Zsw,reels ki rani 😁#shorts #funny,"Jun 5, 2024",48,0:00:00
2024-11-15,yCXXegh7Zsw,reels ki rani 😁#shorts #funny,"Jun 5, 2024",48,0:00:00
2024-11-16,yCXXegh7Zsw,reels ki rani 😁#shorts #funny,"Jun 5, 2024",48,0:00:00
2024-11-17,yCXXegh7Zsw,reels ki rani 😁#shorts #funny,"Jun 5, 2024",48,0:00:00
2024-11-18,yCXXegh7Zsw,reels ki rani 😁#shorts #funny,"Jun 5, 2024",48,0:00:00
2024-11-19,yCXXegh7Zsw,reels ki rani 😁#shorts #funny,"Jun 5, 2024",48,0:00:00
2024-11-20,yCXXegh7Zsw,reels ki rani 😁#shorts #funny,"Jun 5, 2024",48,0:00:00
2024-11-21,yCXXegh7Zsw,reels ki rani 😁#shorts #funny,"Jun 5, 2024",48,0:00:00
2024-11-22,yCXXegh7Zsw,reels ki rani 😁#shorts #funny,"Jun 5, 2024",48,0:00:00
2024-11-23,yCXXegh7Zsw,reels ki rani 😁#shorts #funny,"Jun 5, 2024",48,0:00:00
2024-11-24,yCXXegh7Zsw,reels ki rani 😁#shorts #funny,"Jun 5, 2024",48,0:00:00
2024-11-25,yCXXegh7Zsw,reels ki rani 😁#shorts #funny,"Jun 5, 2024",48,0:00:00
2024-11-26,yCXXegh7Zsw,reels ki rani 😁#shorts #funny,"Jun 5, 2024",48,0:00:00
2024-11-27,yCXXegh7Zsw,reels ki rani 😁#shorts #funny,"Jun 5, 2024",48,0:00:00
2024-11-28,yCXXegh7Zsw,reels ki rani 😁#shorts #funny,"Jun 5, 2024",48,0:00:00
2024-11-29,yCXXegh7Zsw,reels ki rani 😁#shorts #funny,"Jun 5, 2024",48,0:00:00
2024-11-30,yCXXegh7Zsw,reels ki rani 😁#shorts #funny,"Jun 5, 2024",48,0:00:00
2024-12-01,yCXXegh7Zsw,reels ki rani 😁#shorts #funny,"Jun 5, 2024",48,0:00:00
2024-12-02,yCXXegh7Zsw,reels ki rani 😁#shorts #funny,"Jun 5, 2024",48,0:00:00
2024-12-03,yCXXegh7Zsw,reels ki rani 😁#shorts #funny,"Jun 5, 2024",48,0:00:00
2024-12-04,yCXXegh7Zsw,reels ki rani 😁#shorts #funny,"Jun 5, 2024",48,0:00:00
2024-12-05,yCXXegh7Zsw,reels ki rani 😁#shorts #funny,"Jun 5, 2024",48,0:00:00
2024-12-06,yCXXegh7Zsw,reels ki rani 😁#shorts #funny,"Jun 5, 2024",48,0:00:00
2024-12-07,yCXXegh7Zsw,reels ki rani 😁#shorts #funny,"Jun 5, 2024",48,0:00:00
2024-12-08,yCXXegh7Zsw,reels ki rani 😁#shorts #funny,"Jun 5, 2024",48,0:00:00
2024-12-09,yCXXegh7Zsw,reels ki rani 😁#shorts #funny,"Jun 5, 2024",48,0:00:00
2024-12-10,yCXXegh7Zsw,reels ki rani 😁#shorts #funny,"Jun 5, 2024",48,0:00:00
2024-12-11,yCXXegh7Zsw,reels ki rani 😁#shorts #funny,"Jun 5, 2024",48,0:00:00
2024-12-12,yCXXegh7Zsw,reels ki rani 😁#shorts #funny,"Jun 5, 2024",48,0:00:00
2024-12-13,yCXXegh7Zsw,reels ki rani 😁#shorts #funny,"Jun 5, 2024",48,0:00:00
2024-12-14,yCXXegh7Zsw,reels ki rani 😁#shorts #funny,"Jun 5, 2024",48,0:00:00
2024-12-15,yCXXegh7Zsw,reels ki rani 😁#shorts #funny,"Jun 5, 2024",48,0:00:00
2024-12-16,yCXXegh7Zsw,reels ki rani 😁#shorts #funny,"Jun 5, 2024",48,0:00:00
2024-12-17,yCXXegh7Zsw,reels ki rani 😁#shorts #funny,"Jun 5, 2024",48,0:00:00
2024-12-18,yCXXegh7Zsw,reels ki rani 😁#shorts #funny,"Jun 5, 2024",48,0:00:00
2024-12-19,yCXXegh7Zsw,reels ki rani 😁#shorts #funny,"Jun 5, 2024",48,0:00:00
2024-12-20,yCXXegh7Zsw,reels ki rani 😁#shorts #funny,"Jun 5, 2024",48,0:00:00
2024-12-21,yCXXegh7Zsw,reels ki rani 😁#shorts #funny,"Jun 5, 2024",48,0:00:00
2024-12-22,yCXXegh7Zsw,reels ki rani 😁#shorts #funny,"Jun 5, 2024",48,0:00:00
2024-12-23,yCXXegh7Zsw,reels ki rani 😁#shorts #funny,"Jun 5, 2024",48,0:00:00
2024-12-24,yCXXegh7Zsw,reels ki rani 😁#shorts #funny,"Jun 5, 2024",48,0:00:00
2024-12-25,yCXXegh7Zsw,reels ki rani 😁#shorts #funny,"Jun 5, 2024",48,0:00:00
2024-12-26,yCXXegh7Zsw,reels ki rani 😁#shorts #funny,"Jun 5, 2024",48,0:00:00
2024-12-27,yCXXegh7Zsw,reels ki rani 😁#shorts #funny,"Jun 5, 2024",48,0:00:00
2024-12-28,yCXXegh7Zsw,reels ki rani 😁#shorts #funny,"Jun 5, 2024",48,0:00:00
2024-12-29,yCXXegh7Zsw,reels ki rani 😁#shorts #funny,"Jun 5, 2024",48,0:00:00
2024-12-30,yCXXegh7Zsw,reels ki rani 😁#shorts #funny,"Jun 5, 2024",48,0:00:00
2024-12-31,yCXXegh7Zsw,reels ki rani 😁#shorts #funny,"Jun 5, 2024",48,0:00:00
2025-01-01,yCXXegh7Zsw,reels ki rani 😁#shorts #funny,"Jun 5, 2024",48,0:00:00
2025-01-02,yCXXegh7Zsw,reels ki rani 😁#shorts #funny,"Jun 5, 2024",48,0:00:00
2025-01-03,yCXXegh7Zsw,reels ki rani 😁#shorts #funny,"Jun 5, 2024",48,0:00:00
2025-01-04,yCXXegh7Zsw,reels ki rani 😁#shorts #funny,"Jun 5, 2024",48,0:00:00
2025-01-05,yCXXegh7Zsw,reels ki rani 😁#shorts #funny,"Jun 5, 2024",48,0:00:00
2025-01-06,yCXXegh7Zsw,reels ki rani 😁#shorts #funny,"Jun 5, 2024",48,0:00:00
2025-01-07,yCXXegh7Zsw,reels ki rani 😁#shorts #funny,"Jun 5, 2024",48,0:00:00
2025-01-08,yCXXegh7Zsw,reels ki rani 😁#shorts #funny,"Jun 5, 2024",48,0:00:00
2025-01-09,yCXXegh7Zsw,reels ki rani 😁#shorts #funny,"Jun 5, 2024",48,0:00:00
2025-01-10,yCXXegh7Zsw,reels ki rani 😁#shorts #funny,"Jun 5, 2024",48,0:00:00
2025-01-11,yCXXegh7Zsw,reels ki rani 😁#shorts #funny,"Jun 5, 2024",48,0:00:00
2025-01-12,yCXXegh7Zsw,reels ki rani 😁#shorts #funny,"Jun 5, 2024",48,0:00:00
2025-01-13,yCXXegh7Zsw,reels ki rani 😁#shorts #funny,"Jun 5, 2024",48,0:00:00
2025-01-14,yCXXegh7Zsw,reels ki rani 😁#shorts #funny,"Jun 5, 2024",48,0:00:00
2025-01-15,yCXXegh7Zsw,reels ki rani 😁#shorts #funny,"Jun 5, 2024",48,0:00:00
2025-01-16,yCXXegh7Zsw,reels ki rani 😁#shorts #funny,"Jun 5, 2024",48,0:00:00
2025-01-17,yCXXegh7Zsw,reels ki rani 😁#shorts #funny,"Jun 5, 2024",48,0:00:00
2025-01-18,yCXXegh7Zsw,reels ki rani 😁#shorts #funny,"Jun 5, 2024",48,0:00:00
2025-01-19,yCXXegh7Zsw,reels ki rani 😁#shorts #funny,"Jun 5, 2024",48,0:00:00
2025-01-20,yCXXegh7Zsw,reels ki rani 😁#shorts #funny,"Jun 5, 2024",48,0:00:00
2025-01-21,yCXXegh7Zsw,reels ki rani 😁#shorts #funny,"Jun 5, 2024",48,0:00:00
2025-01-22,yCXXegh7Zsw,reels ki rani 😁#shorts #funny,"Jun 5, 2024",48,0:00:00
2025-01-23,yCXXegh7Zsw,reels ki rani 😁#shorts #funny,"Jun 5, 2024",48,0:00:00
2025-01-24,yCXXegh7Zsw,reels ki rani 😁#shorts #funny,"Jun 5, 2024",48,0:00:00
2025-01-25,yCXXegh7Zsw,reels ki rani 😁#shorts #funny,"Jun 5, 2024",48,0:00:00
2025-01-26,yCXXegh7Zsw,reels ki rani 😁#shorts #funny,"Jun 5, 2024",48,0:00:00
2025-01-27,yCXXegh7Zsw,reels ki rani 😁#shorts #funny,"Jun 5, 2024",48,0:00:00
2025-01-28,yCXXegh7Zsw,reels ki rani 😁#shorts #funny,"Jun 5, 2024",48,0:00:00
2025-01-29,yCXXegh7Zsw,reels ki rani 😁#shorts #funny,"Jun 5, 2024",48,0:00:00
2025-01-30,yCXXegh7Zsw,reels ki rani 😁#shorts #funny,"Jun 5, 2024",48,0:00:00
2025-01-31,yCXXegh7Zsw,reels ki rani 😁#shorts #funny,"Jun 5, 2024",48,0:00:00
2025-02-01,yCXXegh7Zsw,reels ki rani 😁#shorts #funny,"Jun 5, 2024",48,0:00:00
2025-02-02,yCXXegh7Zsw,reels ki rani 😁#shorts #funny,"Jun 5, 2024",48,0:00:00
2025-02-03,yCXXegh7Zsw,reels ki rani 😁#shorts #funny,"Jun 5, 2024",48,0:00:00
2025-02-04,yCXXegh7Zsw,reels ki rani 😁#shorts #funny,"Jun 5, 2024",48,0:00:00
2025-02-05,yCXXegh7Zsw,reels ki rani 😁#shorts #funny,"Jun 5, 2024",48,0:00:00
2025-02-06,yCXXegh7Zsw,reels ki rani 😁#shorts #funny,"Jun 5, 2024",48,0:00:00
2025-02-07,yCXXegh7Zsw,reels ki rani 😁#shorts #funny,"Jun 5, 2024",48,0:00:00
2025-02-08,yCXXegh7Zsw,reels ki rani 😁#shorts #funny,"Jun 5, 2024",48,0:00:00
2025-02-09,yCXXegh7Zsw,reels ki rani 😁#shorts #funny,"Jun 5, 2024",48,0:00:00
2025-02-10,yCXXegh7Zsw,reels ki rani 😁#shorts #funny,"Jun 5, 2024",48,0:00:00
2025-02-11,yCXXegh7Zsw,reels ki rani 😁#shorts #funny,"Jun 5, 2024",48,0:00:00
2025-02-12,yCXXegh7Zsw,reels ki rani 😁#shorts #funny,"Jun 5, 2024",48,0:00:00
2025-02-13,yCXXegh7Zsw,reels ki rani 😁#shorts #funny,"Jun 5, 2024",48,0:00:00
2025-02-14,yCXXegh7Zsw,reels ki rani 😁#shorts #funny,"Jun 5, 2024",48,0:00:00
2025-02-15,yCXXegh7Zsw,reels ki rani 😁#shorts #funny,"Jun 5, 2024",48,0:00:00
2025-02-16,yCXXegh7Zsw,reels ki rani 😁#shorts #funny,"Jun 5, 2024",48,0:00:00
2025-02-17,yCXXegh7Zsw,reels ki rani 😁#shorts #funny,"Jun 5, 2024",48,0:00:00
2025-02-18,yCXXegh7Zsw,reels ki rani 😁#shorts #funny,"Jun 5, 2024",48,0:00:00
2025-02-19,yCXXegh7Zsw,reels ki rani 😁#shorts #funny,"Jun 5, 2024",48,0:00:00
2025-02-20,yCXXegh7Zsw,reels ki rani 😁#shorts #funny,"Jun 5, 2024",48,0:00:00
2025-02-21,yCXXegh7Zsw,reels ki rani 😁#shorts #funny,"Jun 5, 2024",48,0:00:00
2025-02-22,yCXXegh7Zsw,reels ki rani 😁#shorts #funny,"Jun 5, 2024",48,0:00:00
2025-02-23,yCXXegh7Zsw,reels ki rani 😁#shorts #funny,"Jun 5, 2024",48,0:00:00
2025-02-24,yCXXegh7Zsw,reels ki rani 😁#shorts #funny,"Jun 5, 2024",48,0:00:00
2025-02-25,yCXXegh7Zsw,reels ki rani 😁#shorts #funny,"Jun 5, 2024",48,0:00:00
2025-02-26,yCXXegh7Zsw,reels ki rani 😁#shorts #funny,"Jun 5, 2024",48,0:00:00
2025-02-27,yCXXegh7Zsw,reels ki rani 😁#shorts #funny,"Jun 5, 2024",48,0:00:00
2025-02-28,yCXXegh7Zsw,reels ki rani 😁#shorts #funny,"Jun 5, 2024",48,0:00:00
2025-03-01,yCXXegh7Zsw,reels ki rani 😁#shorts #funny,"Jun 5, 2024",48,0:00:00
2025-03-02,yCXXegh7Zsw,reels ki rani 😁#shorts #funny,"Jun 5, 2024",48,0:00:00
2025-03-03,yCXXegh7Zsw,reels ki rani 😁#shorts #funny,"Jun 5, 2024",48,0:00:00
2025-03-04,yCXXegh7Zsw,reels ki rani 😁#shorts #funny,"Jun 5, 2024",48,0:00:00
2025-03-05,yCXXegh7Zsw,reels ki rani 😁#shorts #funny,"Jun 5, 2024",48,0:00:00
2025-03-06,yCXXegh7Zsw,reels ki rani 😁#shorts #funny,"Jun 5, 2024",48,0:00:00
2025-03-07,yCXXegh7Zsw,reels ki rani 😁#shorts #funny,"Jun 5, 2024",48,0:00:00
2025-03-08,yCXXegh7Zsw,reels ki rani 😁#shorts #funny,"Jun 5, 2024",48,0:00:00
2025-03-09,yCXXegh7Zsw,reels ki rani 😁#shorts #funny,"Jun 5, 2024",48,0:00:00
2025-03-10,yCXXegh7Zsw,reels ki rani 😁#shorts #funny,"Jun 5, 2024",48,0:00:00
2025-03-11,yCXXegh7Zsw,reels ki rani 😁#shorts #funny,"Jun 5, 2024",48,0:00:00
2025-03-12,yCXXegh7Zsw,reels ki rani 😁#shorts #funny,"Jun 5, 2024",48,0:00:00
2025-03-13,yCXXegh7Zsw,reels ki rani 😁#shorts #funny,"Jun 5, 2024",48,0:00:00
2025-03-14,yCXXegh7Zsw,reels ki rani 😁#shorts #funny,"Jun 5, 2024",48,0:00:00
2025-03-15,yCXXegh7Zsw,reels ki rani 😁#shorts #funny,"Jun 5, 2024",48,0:00:00
2025-03-16,yCXXegh7Zsw,reels ki rani 😁#shorts #funny,"Jun 5, 2024",48,0:00:00
2025-03-17,yCXXegh7Zsw,reels ki rani 😁#shorts #funny,"Jun 5, 2024",48,0:00:00
2025-03-18,yCXXegh7Zsw,reels ki rani 😁#shorts #funny,"Jun 5, 2024",48,0:00:00
2025-03-19,yCXXegh7Zsw,reels ki rani 😁#shorts #funny,"Jun 5, 2024",48,0:00:00
2025-03-20,yCXXegh7Zsw,reels ki rani 😁#shorts #funny,"Jun 5, 2024",48,0:00:00
2025-03-21,yCXXegh7Zsw,reels ki rani 😁#shorts #funny,"Jun 5, 2024",48,0:00:00
2025-03-22,yCXXegh7Zsw,reels ki rani 😁#shorts #funny,"Jun 5, 2024",48,0:00:00
2025-03-23,yCXXegh7Zsw,reels ki rani 😁#shorts #funny,"Jun 5, 2024",48,0:00:00
2025-03-24,yCXXegh7Zsw,reels ki rani 😁#shorts #funny,"Jun 5, 2024",48,0:00:00
2025-03-25,yCXXegh7Zsw,reels ki rani 😁#shorts #funny,"Jun 5, 2024",48,0:00:00
2025-03-26,yCXXegh7Zsw,reels ki rani 😁#shorts #funny,"Jun 5, 2024",48,0:00:00
2025-03-27,yCXXegh7Zsw,reels ki rani 😁#shorts #funny,"Jun 5, 2024",48,0:00:00
2025-03-28,yCXXegh7Zsw,reels ki rani 😁#shorts #funny,"Jun 5, 2024",48,0:00:00
2025-03-29,yCXXegh7Zsw,reels ki rani 😁#shorts #funny,"Jun 5, 2024",48,0:00:00
2025-03-30,yCXXegh7Zsw,reels ki rani 😁#shorts #funny,"Jun 5, 2024",48,0:00:00
2025-03-31,yCXXegh7Zsw,reels ki rani 😁#shorts #funny,"Jun 5, 2024",48,0:00:00
2025-04-01,yCXXegh7Zsw,reels ki rani 😁#shorts #funny,"Jun 5, 2024",48,0:00:00
2025-04-02,yCXXegh7Zsw,reels ki rani 😁#shorts #funny,"Jun 5, 2024",48,0:00:00
2025-04-03,yCXXegh7Zsw,reels ki rani 😁#shorts #funny,"Jun 5, 2024",48,0:00:00
2025-04-04,yCXXegh7Zsw,reels ki rani 😁#shorts #funny,"Jun 5, 2024",48,0:00:00
2025-04-05,yCXXegh7Zsw,reels ki rani 😁#shorts #funny,"Jun 5, 2024",48,0:00:00
2025-04-06,yCXXegh7Zsw,reels ki rani 😁#shorts #funny,"Jun 5, 2024",48,0:00:00
2025-04-07,yCXXegh7Zsw,reels ki rani 😁#shorts #funny,"Jun 5, 2024",48,0:00:00
2025-04-08,yCXXegh7Zsw,reels ki rani 😁#shorts #funny,"Jun 5, 2024",48,0:00:00
2025-04-09,yCXXegh7Zsw,reels ki rani 😁#shorts #funny,"Jun 5, 2024",48,0:00:00
2025-04-10,yCXXegh7Zsw,reels ki rani 😁#shorts #funny,"Jun 5, 2024",48,0:00:00
2025-04-11,yCXXegh7Zsw,reels ki rani 😁#shorts #funny,"Jun 5, 2024",48,0:00:00
2025-04-12,yCXXegh7Zsw,reels ki rani 😁#shorts #funny,"Jun 5, 2024",48,0:00:00
2025-04-13,yCXXegh7Zsw,reels ki rani 😁#shorts #funny,"Jun 5, 2024",48,0:00:00
2025-04-14,yCXXegh7Zsw,reels ki rani 😁#shorts #funny,"Jun 5, 2024",48,0:00:00
2025-04-15,yCXXegh7Zsw,reels ki rani 😁#shorts #funny,"Jun 5, 2024",48,0:00:00
2025-04-16,yCXXegh7Zsw,reels ki rani 😁#shorts #funny,"Jun 5, 2024",48,0:00:00
2025-04-17,yCXXegh7Zsw,reels ki rani 😁#shorts #funny,"Jun 5, 2024",48,0:00:00
2025-04-18,yCXXegh7Zsw,reels ki rani 😁#shorts #funny,"Jun 5, 2024",48,0:00:00
2025-04-19,yCXXegh7Zsw,reels ki rani 😁#shorts #funny,"Jun 5, 2024",48,0:00:00
2025-04-20,yCXXegh7Zsw,reels ki rani 😁#shorts #funny,"Jun 5, 2024",48,0:00:00
2025-04-21,yCXXegh7Zsw,reels ki rani 😁#shorts #funny,"Jun 5, 2024",48,0:00:00
2025-04-22,yCXXegh7Zsw,reels ki rani 😁#shorts #funny,"Jun 5, 2024",48,0:00:00
2025-04-23,yCXXegh7Zsw,reels ki rani 😁#shorts #funny,"Jun 5, 2024",48,0:00:00
2025-04-24,yCXXegh7Zsw,reels ki rani 😁#shorts #funny,"Jun 5, 2024",48,0:00:00
2025-04-25,yCXXegh7Zsw,reels ki rani 😁#shorts #funny,"Jun 5, 2024",48,0:00:00
2025-04-26,yCXXegh7Zsw,reels ki rani 😁#shorts #funny,"Jun 5, 2024",48,0:00:00
2025-04-27,yCXXegh7Zsw,reels ki rani 😁#shorts #funny,"Jun 5, 2024",48,0:00:00
2025-04-28,yCXXegh7Zsw,reels ki rani 😁#shorts #funny,"Jun 5, 2024",48,0:00:00
2025-04-29,yCXXegh7Zsw,reels ki rani 😁#shorts #funny,"Jun 5, 2024",48,0:00:00
2025-04-30,yCXXegh7Zsw,reels ki rani 😁#shorts #funny,"Jun 5, 2024",48,0:00:00
2025-05-01,yCXXegh7Zsw,reels ki rani 😁#shorts #funny,"Jun 5, 2024",48,0:00:00
2025-05-02,yCXXegh7Zsw,reels ki rani 😁#shorts #funny,"Jun 5, 2024",48,0:00:00
2025-05-03,yCXXegh7Zsw,reels ki rani 😁#shorts #funny,"Jun 5, 2024",48,0:00:00
2025-05-04,yCXXegh7Zsw,reels ki rani 😁#shorts #funny,"Jun 5, 2024",48,0:00:00
2025-05-05,yCXXegh7Zsw,reels ki rani 😁#shorts #funny,"Jun 5, 2024",48,0:00:00
2025-05-06,yCXXegh7Zsw,reels ki rani 😁#shorts #funny,"Jun 5, 2024",48,0:00:00
2025-05-07,yCXXegh7Zsw,reels ki rani 😁#shorts #funny,"Jun 5, 2024",48,0:00:00
2025-05-08,yCXXegh7Zsw,reels ki rani 😁#shorts #funny,"Jun 5, 2024",48,0:00:00
2025-05-09,yCXXegh7Zsw,reels ki rani 😁#shorts #funny,"Jun 5, 2024",48,0:00:00
2025-05-10,yCXXegh7Zsw,reels ki rani 😁#shorts #funny,"Jun 5, 2024",48,0:00:00
2025-05-11,yCXXegh7Zsw,reels ki rani 😁#shorts #funny,"Jun 5, 2024",48,0:00:00
2025-05-12,yCXXegh7Zsw,reels ki rani 😁#shorts #funny,"Jun 5, 2024",48,0:00:00
2025-05-13,yCXXegh7Zsw,reels ki rani 😁#shorts #funny,"Jun 5, 2024",48,0:00:00
2025-05-14,yCXXegh7Zsw,reels ki rani 😁#shorts #funny,"Jun 5, 2024",48,0:00:00
2025-05-15,yCXXegh7Zsw,reels ki rani 😁#shorts #funny,"Jun 5, 2024",48,0:00:00
2025-05-16,yCXXegh7Zsw,reels ki rani 😁#shorts #funny,"Jun 5, 2024",48,0:00:00
2025-05-17,yCXXegh7Zsw,reels ki rani 😁#shorts #funny,"Jun 5, 2024",48,0:00:00
2025-05-18,yCXXegh7Zsw,reels ki rani 😁#shorts #funny,"Jun 5, 2024",48,0:00:00
2025-05-19,yCXXegh7Zsw,reels ki rani 😁#shorts #funny,"Jun 5, 2024",48,0:00:00
2025-05-20,yCXXegh7Zsw,reels ki rani 😁#shorts #funny,"Jun 5, 2024",48,0:00:00
2025-05-21,yCXXegh7Zsw,reels ki rani 😁#shorts #funny,"Jun 5, 2024",48,0:00:00
2025-05-22,yCXXegh7Zsw,reels ki rani 😁#shorts #funny,"Jun 5, 2024",48,0:00:00
2025-05-23,yCXXegh7Zsw,reels ki rani 😁#shorts #funny,"Jun 5, 2024",48,0:00:00
2025-05-24,yCXXegh7Zsw,reels ki rani 😁#shorts #funny,"Jun 5, 2024",48,0:00:00
2025-05-25,yCXXegh7Zsw,reels ki rani 😁#shorts #funny,"Jun 5, 2024",48,0:00:00
2025-05-26,yCXXegh7Zsw,reels ki rani 😁#shorts #funny,"Jun 5, 2024",48,0:00:00
2025-05-27,yCXXegh7Zsw,reels ki rani 😁#shorts #funny,"Jun 5, 2024",48,0:00:00
2025-05-28,yCXXegh7Zsw,reels ki rani 😁#shorts #funny,"Jun 5, 2024",48,0:00:00
2025-05-29,yCXXegh7Zsw,reels ki rani 😁#shorts #funny,"Jun 5, 2024",48,0:00:00
2025-05-30,yCXXegh7Zsw,reels ki rani 😁#shorts #funny,"Jun 5, 2024",48,0:00:00
2025-05-31,yCXXegh7Zsw,reels ki rani 😁#shorts #funny,"Jun 5, 2024",48,0:00:00
2025-06-01,yCXXegh7Zsw,reels ki rani 😁#shorts #funny,"Jun 5, 2024",48,0:00:00
2025-06-02,yCXXegh7Zsw,reels ki rani 😁#shorts #funny,"Jun 5, 2024",48,0:00:00
2025-06-03,yCXXegh7Zsw,reels ki rani 😁#shorts #funny,"Jun 5, 2024",48,0:00:00
2025-06-04,yCXXegh7Zsw,reels ki rani 😁#shorts #funny,"Jun 5, 2024",48,0:00:00
2025-06-05,yCXXegh7Zsw,reels ki rani 😁#shorts #funny,"Jun 5, 2024",48,0:00:00
2025-06-06,yCXXegh7Zsw,reels ki rani 😁#shorts #funny,"Jun 5, 2024",48,0:00:00
2025-06-07,yCXXegh7Zsw,reels ki rani 😁#shorts #funny,"Jun 5, 2024",48,0:00:00
2025-06-08,yCXXegh7Zsw,reels ki rani 😁#shorts #funny,"Jun 5, 2024",48,0:00:00
2025-06-09,yCXXegh7Zsw,reels ki rani 😁#shorts #funny,"Jun 5, 2024",48,0:00:00
2025-06-10,yCXXegh7Zsw,reels ki rani 😁#shorts #funny,"Jun 5, 2024",48,0:00:00
2025-06-11,yCXXegh7Zsw,reels ki rani 😁#shorts #funny,"Jun 5, 2024",48,0:00:00
2025-06-12,yCXXegh7Zsw,reels ki rani 😁#shorts #funny,"Jun 5, 2024",48,0:00:00
2025-06-13,yCXXegh7Zsw,reels ki rani 😁#shorts #funny,"Jun 5, 2024",48,0:00:00
2025-06-14,yCXXegh7Zsw,reels ki rani 😁#shorts #funny,"Jun 5, 2024",48,0:00:00
2025-06-15,yCXXegh7Zsw,reels ki rani 😁#shorts #funny,"Jun 5, 2024",48,0:00:00
2025-06-16,yCXXegh7Zsw,reels ki rani 😁#shorts #funny,"Jun 5, 2024",48,0:00:00
2025-06-17,yCXXegh7Zsw,reels ki rani 😁#shorts #funny,"Jun 5, 2024",48,0:00:00
2025-06-18,yCXXegh7Zsw,reels ki rani 😁#shorts #funny,"Jun 5, 2024",48,0:00:00
2025-06-19,yCXXegh7Zsw,reels ki rani 😁#shorts #funny,"Jun 5, 2024",48,0:00:00
2025-06-20,yCXXegh7Zsw,reels ki rani 😁#shorts #funny,"Jun 5, 2024",48,0:00:00
2025-06-21,yCXXegh7Zsw,reels ki rani 😁#shorts #funny,"Jun 5, 2024",48,0:00:00
2025-06-22,yCXXegh7Zsw,reels ki rani 😁#shorts #funny,"Jun 5, 2024",48,0:00:00
2025-06-23,yCXXegh7Zsw,reels ki rani 😁#shorts #funny,"Jun 5, 2024",48,0:00:00
2025-06-24,yCXXegh7Zsw,reels ki rani 😁#shorts #funny,"Jun 5, 2024",48,0:00:00
2025-06-25,yCXXegh7Zsw,reels ki rani 😁#shorts #funny,"Jun 5, 2024",48,0:00:00
2025-06-26,yCXXegh7Zsw,reels ki rani 😁#shorts #funny,"Jun 5, 2024",48,0:00:00
2025-06-27,yCXXegh7Zsw,reels ki rani 😁#shorts #funny,"Jun 5, 2024",48,0:00:00
2025-06-28,yCXXegh7Zsw,reels ki rani 😁#shorts #funny,"Jun 5, 2024",48,0:00:00
2025-06-29,yCXXegh7Zsw,reels ki rani 😁#shorts #funny,"Jun 5, 2024",48,0:00:00
2025-06-30,yCXXegh7Zsw,reels ki rani 😁#shorts #funny,"Jun 5, 2024",48,0:00:00
2025-07-01,yCXXegh7Zsw,reels ki rani 😁#shorts #funny,"Jun 5, 2024",48,0:00:00
2025-07-02,yCXXegh7Zsw,reels ki rani 😁#shorts #funny,"Jun 5, 2024",48,0:00:00
2025-07-03,yCXXegh7Zsw,reels ki rani 😁#shorts #funny,"Jun 5, 2024",48,0:00:00
2025-07-04,yCXXegh7Zsw,reels ki rani 😁#shorts #funny,"Jun 5, 2024",48,0:00:00
2025-07-05,yCXXegh7Zsw,reels ki rani 😁#shorts #funny,"Jun 5, 2024",48,0:00:00
2025-07-06,yCXXegh7Zsw,reels ki rani 😁#shorts #funny,"Jun 5, 2024",48,0:00:00
2025-07-07,yCXXegh7Zsw,reels ki rani 😁#shorts #funny,"Jun 5, 2024",48,0:00:00
2025-07-08,yCXXegh7Zsw,reels ki rani 😁#shorts #funny,"Jun 5, 2024",48,0:00:00
2025-07-09,yCXXegh7Zsw,reels ki rani 😁#shorts #funny,"Jun 5, 2024",48,0:00:00
2025-07-10,yCXXegh7Zsw,reels ki rani 😁#shorts #funny,"Jun 5, 2024",48,0:00:00
2025-07-11,yCXXegh7Zsw,reels ki rani 😁#shorts #funny,"Jun 5, 2024",48,0:00:00
2025-07-12,yCXXegh7Zsw,reels ki rani 😁#shorts #funny,"Jun 5, 2024",48,0:00:00
2025-07-13,yCXXegh7Zsw,reels ki rani 😁#shorts #funny,"Jun 5, 2024",48,0:00:00
2025-07-14,yCXXegh7Zsw,reels ki rani 😁#shorts #funny,"Jun 5, 2024",48,0:00:00
2025-07-15,yCXXegh7Zsw,reels ki rani 😁#shorts #funny,"Jun 5, 2024",48,0:00:00
2025-07-16,yCXXegh7Zsw,reels ki rani 😁#shorts #funny,"Jun 5, 2024",48,0:00:00
2025-07-17,yCXXegh7Zsw,reels ki rani 😁#shorts #funny,"Jun 5, 2024",48,0:00:00
2025-07-18,yCXXegh7Zsw,reels ki rani 😁#shorts #funny,"Jun 5, 2024",48,0:00:00
2025-07-19,yCXXegh7Zsw,reels ki rani 😁#shorts #funny,"Jun 5, 2024",48,0:00:00
2025-07-20,yCXXegh7Zsw,reels ki rani 😁#shorts #funny,"Jun 5, 2024",48,0:00:00
2025-07-21,yCXXegh7Zsw,reels ki rani 😁#shorts #funny,"Jun 5, 2024",48,0:00:00
2025-07-22,yCXXegh7Zsw,reels ki rani 😁#shorts #funny,"Jun 5, 2024",48,0:00:00
2025-07-23,yCXXegh7Zsw,reels ki rani 😁#shorts #funny,"Jun 5, 2024",48,0:00:00
2025-07-24,yCXXegh7Zsw,reels ki rani 😁#shorts #funny,"Jun 5, 2024",48,0:00:00
2025-07-25,yCXXegh7Zsw,reels ki rani 😁#shorts #funny,"Jun 5, 2024",48,0:00:00
2025-07-26,yCXXegh7Zsw,reels ki rani 😁#shorts #funny,"Jun 5, 2024",48,0:00:00
2025-07-27,yCXXegh7Zsw,reels ki rani 😁#shorts #funny,"Jun 5, 2024",48,0:00:00
2025-07-28,yCXXegh7Zsw,reels ki rani 😁#shorts #funny,"Jun 5, 2024",48,0:00:00
2025-07-29,yCXXegh7Zsw,reels ki rani 😁#shorts #funny,"Jun 5, 2024",48,0:00:00
2025-07-30,yCXXegh7Zsw,reels ki rani 😁#shorts #funny,"Jun 5, 2024",48,0:00:00
2025-07-31,yCXXegh7Zsw,reels ki rani 😁#shorts #funny,"Jun 5, 2024",48,0:00:00
2025-08-01,yCXXegh7Zsw,reels ki rani 😁#shorts #funny,"Jun 5, 2024",48,0:00:00
2025-08-02,yCXXegh7Zsw,reels ki rani 😁#shorts #funny,"Jun 5, 2024",48,0:00:00
2025-08-03,yCXXegh7Zsw,reels ki rani 😁#shorts #funny,"Jun 5, 2024",48,0:00:00
2025-08-04,yCXXegh7Zsw,reels ki rani 😁#shorts #funny,"Jun 5, 2024",48,0:00:00
2025-08-05,yCXXegh7Zsw,reels ki rani 😁#shorts #funny,"Jun 5, 2024",48,0:00:00
2025-08-06,yCXXegh7Zsw,reels ki rani 😁#shorts #funny,"Jun 5, 2024",48,0:00:00
2025-08-07,yCXXegh7Zsw,reels ki rani 😁#shorts #funny,"Jun 5, 2024",48,0:00:00
2025-08-08,yCXXegh7Zsw,reels ki rani 😁#shorts #funny,"Jun 5, 2024",48,0:00:00
2025-08-09,yCXXegh7Zsw,reels ki rani 😁#shorts #funny,"Jun 5, 2024",48,0:00:00
2025-08-10,yCXXegh7Zsw,reels ki rani 😁#shorts #funny,"Jun 5, 2024",48,0:00:00
2025-08-11,yCXXegh7Zsw,reels ki rani 😁#shorts #funny,"Jun 5, 2024",48,0:00:00
2025-08-12,yCXXegh7Zsw,reels ki rani 😁#shorts #funny,"Jun 5, 2024",48,0:00:00
2025-08-13,yCXXegh7Zsw,reels ki rani 😁#shorts #funny,"Jun 5, 2024",48,0:00:00
2025-08-14,yCXXegh7Zsw,reels ki rani 😁#shorts #funny,"Jun 5, 2024",48,0:00:00
2025-08-15,yCXXegh7Zsw,reels ki rani 😁#shorts #funny,"Jun 5, 2024",48,0:00:00
2025-08-16,yCXXegh7Zsw,reels ki rani 😁#shorts #funny,"Jun 5, 2024",48,0:00:00
2025-08-17,yCXXegh7Zsw,reels ki rani 😁#shorts #funny,"Jun 5, 2024",48,0:00:00
2025-08-18,yCXXegh7Zsw,reels ki rani 😁#shorts #funny,"Jun 5, 2024",48,0:00:00
2025-08-19,yCXXegh7Zsw,reels ki rani 😁#shorts #funny,"Jun 5, 2024",48,0:00:00
2025-08-20,yCXXegh7Zsw,reels ki rani 😁#shorts #funny,"Jun 5, 2024",48,0:00:00
2025-08-21,yCXXegh7Zsw,reels ki rani 😁#shorts #funny,"Jun 5, 2024",48,0:00:00
2025-08-22,yCXXegh7Zsw,reels ki rani 😁#shorts #funny,"Jun 5, 2024",48,0:00:00
2025-08-23,yCXXegh7Zsw,reels ki rani 😁#shorts #funny,"Jun 5, 2024",48,0:00:00
2025-08-24,yCXXegh7Zsw,reels ki rani 😁#shorts #funny,"Jun 5, 2024",48,0:00:00
2025-08-25,yCXXegh7Zsw,reels ki rani 😁#shorts #funny,"Jun 5, 2024",48,0:00:00
2025-08-26,yCXXegh7Zsw,reels ki rani 😁#shorts #funny,"Jun 5, 2024",48,0:00:00
2025-08-27,yCXXegh7Zsw,reels ki rani 😁#shorts #funny,"Jun 5, 2024",48,0:00:00
2025-08-28,yCXXegh7Zsw,reels ki rani 😁#shorts #funny,"Jun 5, 2024",48,0:00:00
2025-08-29,yCXXegh7Zsw,reels ki rani 😁#shorts #funny,"Jun 5, 2024",48,0:00:00
2025-08-30,yCXXegh7Zsw,reels ki rani 😁#shorts #funny,"Jun 5, 2024",48,0:00:00
2025-08-31,yCXXegh7Zsw,reels ki rani 😁#shorts #funny,"Jun 5, 2024",48,0:00:00
2025-09-01,yCXXegh7Zsw,reels ki rani 😁#shorts #funny,"Jun 5, 2024",48,0:00:00
2025-09-02,yCXXegh7Zsw,reels ki rani 😁#shorts #funny,"Jun 5, 2024",48,0:00:00
2025-09-03,yCXXegh7Zsw,reels ki rani 😁#shorts #funny,"Jun 5, 2024",48,0:00:00
2025-09-04,yCXXegh7Zsw,reels ki rani 😁#shorts #funny,"Jun 5, 2024",48,0:00:00
2025-09-05,yCXXegh7Zsw,reels ki rani 😁#shorts #funny,"Jun 5, 2024",48,0:00:00
2025-09-06,yCXXegh7Zsw,reels ki rani 😁#shorts #funny,"Jun 5, 2024",48,0:00:00
2025-09-07,yCXXegh7Zsw,reels ki rani 😁#shorts #funny,"Jun 5, 2024",48,0:00:00
2025-09-08,yCXXegh7Zsw,reels ki rani 😁#shorts #funny,"Jun 5, 2024",48,0:00:00
2025-09-09,yCXXegh7Zsw,reels ki rani 😁#shorts #funny,"Jun 5, 2024",48,0:00:00
2025-09-10,yCXXegh7Zsw,reels ki rani 😁#shorts #funny,"Jun 5, 2024",48,0:00:00
2025-09-11,yCXXegh7Zsw,reels ki rani 😁#shorts #funny,"Jun 5, 2024",48,0:00:00
2025-09-12,yCXXegh7Zsw,reels ki rani 😁#shorts #funny,"Jun 5, 2024",48,0:00:00
2025-09-13,yCXXegh7Zsw,reels ki rani 😁#shorts #funny,"Jun 5, 2024",48,0:00:00
2025-09-14,yCXXegh7Zsw,reels ki rani 😁#shorts #funny,"Jun 5, 2024",48,0:00:00
2025-09-15,yCXXegh7Zsw,reels ki rani 😁#shorts #funny,"Jun 5, 2024",48,0:00:00
2025-09-16,yCXXegh7Zsw,reels ki rani 😁#shorts #funny,"Jun 5, 2024",48,0:00:00
2025-09-17,yCXXegh7Zsw,reels ki rani 😁#shorts #funny,"Jun 5, 2024",48,0:00:00
2025-09-18,yCXXegh7Zsw,reels ki rani 😁#shorts #funny,"Jun 5, 2024",48,0:00:00
2025-09-19,yCXXegh7Zsw,reels ki rani 😁#shorts #funny,"Jun 5, 2024",48,0:00:00
2025-09-20,yCXXegh7Zsw,reels ki rani 😁#shorts #funny,"Jun 5, 2024",48,0:00:00
2025-09-21,yCXXegh7Zsw,reels ki rani 😁#shorts #funny,"Jun 5, 2024",48,0:00:00
2025-09-22,yCXXegh7Zsw,reels ki rani 😁#shorts #funny,"Jun 5, 2024",48,0:00:00
2025-09-23,yCXXegh7Zsw,reels ki rani 😁#shorts #funny,"Jun 5, 2024",48,0:00:00
2025-09-24,yCXXegh7Zsw,reels ki rani 😁#shorts #funny,"Jun 5, 2024",48,0:00:00
2025-09-25,yCXXegh7Zsw,reels ki rani 😁#shorts #funny,"Jun 5, 2024",48,0:00:00
2025-09-26,yCXXegh7Zsw,reels ki rani 😁#shorts #funny,"Jun 5, 2024",48,0:00:00
2025-09-27,yCXXegh7Zsw,reels ki rani 😁#shorts #funny,"Jun 5, 2024",48,0:00:00
2025-09-28,yCXXegh7Zsw,reels ki rani 😁#shorts #funny,"Jun 5, 2024",48,0:00:00
2025-09-29,yCXXegh7Zsw,reels ki rani 😁#shorts #funny,"Jun 5, 2024",48,0:00:00
2025-09-30,yCXXegh7Zsw,reels ki rani 😁#shorts #funny,"Jun 5, 2024",48,0:00:00
2025-10-01,yCXXegh7Zsw,reels ki rani 😁#shorts #funny,"Jun 5, 2024",48,0:00:00
2025-10-02,yCXXegh7Zsw,reels ki rani 😁#shorts #funny,"Jun 5, 2024",48,0:00:00
2025-10-03,yCXXegh7Zsw,reels ki rani 😁#shorts #funny,"Jun 5, 2024",48,0:00:00
2025-10-04,yCXXegh7Zsw,reels ki rani 😁#shorts #funny,"Jun 5, 2024",48,0:00:00
2025-10-05,yCXXegh7Zsw,reels ki rani 😁#shorts #funny,"Jun 5, 2024",48,0:00:00
2025-10-06,yCXXegh7Zsw,reels ki rani 😁#shorts #funny,"Jun 5, 2024",48,0:00:00
2025-10-07,yCXXegh7Zsw,reels ki rani 😁#shorts #funny,"Jun 5, 2024",48,0:00:00
2025-10-08,yCXXegh7Zsw,reels ki rani 😁#shorts #funny,"Jun 5, 2024",48,0:00:00
2025-10-09,yCXXegh7Zsw,reels ki rani 😁#shorts #funny,"Jun 5, 2024",48,0:00:00
2025-10-10,yCXXegh7Zsw,reels ki rani 😁#shorts #funny,"Jun 5, 2024",48,0:00:00
2025-10-11,yCXXegh7Zsw,reels ki rani 😁#shorts #funny,"Jun 5, 2024",48,0:00:00
2025-10-12,yCXXegh7Zsw,reels ki rani 😁#shorts #funny,"Jun 5, 2024",48,0:00:00
2025-10-13,yCXXegh7Zsw,reels ki rani 😁#shorts #funny,"Jun 5, 2024",48,0:00:00
2025-10-14,yCXXegh7Zsw,reels ki rani 😁#shorts #funny,"Jun 5, 2024",48,0:00:00
2025-10-15,yCXXegh7Zsw,reels ki rani 😁#shorts #funny,"Jun 5, 2024",48,0:00:00
2025-10-16,yCXXegh7Zsw,reels ki rani 😁#shorts #funny,"Jun 5, 2024",48,0:00:00
2025-10-17,yCXXegh7Zsw,reels ki rani 😁#shorts #funny,"Jun 5, 2024",48,0:00:00
2025-10-18,yCXXegh7Zsw,reels ki rani 😁#shorts #funny,"Jun 5, 2024",48,0:00:00
2025-10-19,yCXXegh7Zsw,reels ki rani 😁#shorts #funny,"Jun 5, 2024",48,0:00:00
2025-10-20,yCXXegh7Zsw,reels ki rani 😁#shorts #funny,"Jun 5, 2024",48,0:00:00
2025-10-21,yCXXegh7Zsw,reels ki rani 😁#shorts #funny,"Jun 5, 2024",48,0:00:00
2025-10-22,yCXXegh7Zsw,reels ki rani 😁#shorts #funny,"Jun 5, 2024",48,0:00:00
2025-10-23,yCXXegh7Zsw,reels ki rani 😁#shorts #funny,"Jun 5, 2024",48,0:00:00
2025-10-24,yCXXegh7Zsw,reels ki rani 😁#shorts #funny,"Jun 5, 2024",48,0:00:00
2025-10-25,yCXXegh7Zsw,reels ki rani 😁#shorts #funny,"Jun 5, 2024",48,0:00:00
2025-10-26,yCXXegh7Zsw,reels ki rani 😁#shorts #funny,"Jun 5, 2024",48,0:00:00
2025-10-27,yCXXegh7Zsw,reels ki rani 😁#shorts #funny,"Jun 5, 2024",48,0:00:00
2025-10-28,yCXXegh7Zsw,reels ki rani 😁#shorts #funny,"Jun 5, 2024",48,0:00:00
2025-10-29,yCXXegh7Zsw,reels ki rani 😁#shorts #funny,"Jun 5, 2024",48,0:00:00
2025-10-30,yCXXegh7Zsw,reels ki rani 😁#shorts #funny,"Jun 5, 2024",48,0:00:00
2025-10-31,yCXXegh7Zsw,reels ki rani 😁#shorts #funny,"Jun 5, 2024",48,0:00:00
2025-11-01,yCXXegh7Zsw,reels ki rani 😁#shorts #funny,"Jun 5, 2024",48,0:00:00
2025-11-02,yCXXegh7Zsw,reels ki rani 😁#shorts #funny,"Jun 5, 2024",48,0:00:00
2025-11-03,yCXXegh7Zsw,reels ki rani 😁#shorts #funny,"Jun 5, 2024",48,0:00:00
2025-11-04,yCXXegh7Zsw,reels ki rani 😁#shorts #funny,"Jun 5, 2024",48,0:00:00
2025-11-05,yCXXegh7Zsw,reels ki rani 😁#shorts #funny,"Jun 5, 2024",48,0:00:00
2025-11-06,yCXXegh7Zsw,reels ki rani 😁#shorts #funny,"Jun 5, 2024",48,0:00:00
2025-11-07,yCXXegh7Zsw,reels ki rani 😁#shorts #funny,"Jun 5, 2024",48,0:00:00
2025-11-08,yCXXegh7Zsw,reels ki rani 😁#shorts #funny,"Jun 5, 2024",48,0:00:00
2025-11-09,yCXXegh7Zsw,reels ki rani 😁#shorts #funny,"Jun 5, 2024",48,0:00:00
2025-11-10,yCXXegh7Zsw,reels ki rani 😁#shorts #funny,"Jun 5, 2024",48,0:00:00
2025-11-11,yCXXegh7Zsw,reels ki rani 😁#shorts #funny,"Jun 5, 2024",48,0:00:00
2025-11-12,yCXXegh7Zsw,reels ki rani 😁#shorts #funny,"Jun 5, 2024",48,0:00:00
2025-11-13,yCXXegh7Zsw,reels ki rani 😁#shorts #funny,"Jun 5, 2024",48,0:00:00
2025-11-14,yCXXegh7Zsw,reels ki rani 😁#shorts #funny,"Jun 5, 2024",48,0:00:00
2025-11-15,yCXXegh7Zsw,reels ki rani 😁#shorts #funny,"Jun 5, 2024",48,0:00:00
2025-11-16,yCXXegh7Zsw,reels ki rani 😁#shorts #funny,"Jun 5, 2024",48,0:00:00
2025-11-17,yCXXegh7Zsw,reels ki rani 😁#shorts #funny,"Jun 5, 2024",48,0:00:00
2025-11-18,yCXXegh7Zsw,reels ki rani 😁#shorts #funny,"Jun 5, 2024",48,0:00:00
2025-11-19,yCXXegh7Zsw,reels ki rani 😁#shorts #funny,"Jun 5, 2024",48,0:00:00
2025-11-20,yCXXegh7Zsw,reels ki rani 😁#shorts #funny,"Jun 5, 2024",48,0:00:00
2025-11-21,yCXXegh7Zsw,reels ki rani 😁#shorts #funny,"Jun 5, 2024",48,0:00:00
2025-11-22,yCXXegh7Zsw,reels ki rani 😁#shorts #funny,"Jun 5, 2024",48,0:00:00
2025-11-23,yCXXegh7Zsw,reels ki rani 😁#shorts #funny,"Jun 5, 2024",48,0:00:00
2025-11-24,yCXXegh7Zsw,reels ki rani 😁#shorts #funny,"Jun 5, 2024",48,0:00:00
2025-11-25,yCXXegh7Zsw,reels ki rani 😁#shorts #funny,"Jun 5, 2024",48,0:00:00
2025-11-26,yCXXegh7Zsw,reels ki rani 😁#shorts #funny,"Jun 5, 2024",48,0:00:00
2025-11-27,yCXXegh7Zsw,reels ki rani 😁#shorts #funny,"Jun 5, 2024",48,0:00:00
2025-11-28,yCXXegh7Zsw,reels ki rani 😁#shorts #funny,"Jun 5, 2024",48,0:00:00
2025-11-29,yCXXegh7Zsw,reels ki rani 😁#shorts #funny,"Jun 5, 2024",48,0:00:00
2025-11-30,yCXXegh7Zsw,reels ki rani 😁#shorts #funny,"Jun 5, 2024",48,0:00:00
2025-12-01,yCXXegh7Zsw,reels ki rani 😁#shorts #funny,"Jun 5, 2024",48,0:00:00
2025-12-02,yCXXegh7Zsw,reels ki rani 😁#shorts #funny,"Jun 5, 2024",48,0:00:00
2025-12-03,yCXXegh7Zsw,reels ki rani 😁#shorts #funny,"Jun 5, 2024",48,0:00:00
2025-12-04,yCXXegh7Zsw,reels ki rani 😁#shorts #funny,"Jun 5, 2024",48,0:00:00
2025-12-05,yCXXegh7Zsw,reels ki rani 😁#shorts #funny,"Jun 5, 2024",48,0:00:00
2025-12-06,yCXXegh7Zsw,reels ki rani 😁#shorts #funny,"Jun 5, 2024",48,0:00:00
2025-12-07,yCXXegh7Zsw,reels ki rani 😁#shorts #funny,"Jun 5, 2024",48,0:00:00
2025-12-08,yCXXegh7Zsw,reels ki rani 😁#shorts #funny,"Jun 5, 2024",48,0:00:00
2025-12-09,yCXXegh7Zsw,reels ki rani 😁#shorts #funny,"Jun 5, 2024",48,0:00:00
2025-12-10,yCXXegh7Zsw,reels ki rani 😁#shorts #funny,"Jun 5, 2024",48,0:00:00
2025-12-11,yCXXegh7Zsw,reels ki rani 😁#shorts #funny,"Jun 5, 2024",48,0:00:00
2025-12-12,yCXXegh7Zsw,reels ki rani 😁#shorts #funny,"Jun 5, 2024",48,0:00:00
2025-12-13,yCXXegh7Zsw,reels ki rani 😁#shorts #funny,"Jun 5, 2024",48,0:00:00
2025-12-14,yCXXegh7Zsw,reels ki rani 😁#shorts #funny,"Jun 5, 2024",48,0:00:00
2025-12-15,yCXXegh7Zsw,reels ki rani 😁#shorts #funny,"Jun 5, 2024",48,0:00:00
2025-12-16,yCXXegh7Zsw,reels ki rani 😁#shorts #funny,"Jun 5, 2024",48,0:00:00
2025-12-17,yCXXegh7Zsw,reels ki rani 😁#shorts #funny,"Jun 5, 2024",48,0:00:00
2025-12-18,yCXXegh7Zsw,reels ki rani 😁#shorts #funny,"Jun 5, 2024",48,0:00:00
2025-12-19,yCXXegh7Zsw,reels ki rani 😁#shorts #funny,"Jun 5, 2024",48,0:00:00
2025-12-20,yCXXegh7Zsw,reels ki rani 😁#shorts #funny,"Jun 5, 2024",48,0:00:00
2025-12-21,yCXXegh7Zsw,reels ki rani 😁#shorts #funny,"Jun 5, 2024",48,0:00:00
2025-12-22,yCXXegh7Zsw,reels ki rani 😁#shorts #funny,"Jun 5, 2024",48,0:00:00
2025-12-23,yCXXegh7Zsw,reels ki rani 😁#shorts #funny,"Jun 5, 2024",48,0:00:00
2025-12-24,yCXXegh7Zsw,reels ki rani 😁#shorts #funny,"Jun 5, 2024",48,0:00:00
2025-12-25,yCXXegh7Zsw,reels ki rani 😁#shorts #funny,"Jun 5, 2024",48,0:00:00
2025-12-26,yCXXegh7Zsw,reels ki rani 😁#shorts #funny,"Jun 5, 2024",48,0:00:00
2025-12-27,yCXXegh7Zsw,reels ki rani 😁#shorts #funny,"Jun 5, 2024",48,0:00:00
2025-12-28,yCXXegh7Zsw,reels ki rani 😁#shorts #funny,"Jun 5, 2024",48,0:00:00
2025-12-29,yCXXegh7Zsw,reels ki rani 😁#shorts #funny,"Jun 5, 2024",48,0:00:00
2025-12-30,yCXXegh7Zsw,reels ki rani 😁#shorts #funny,"Jun 5, 2024",48,0:00:00
2025-12-31,yCXXegh7Zsw,reels ki rani 😁#shorts #funny,"Jun 5, 2024",48,0:00:00
2026-01-01,yCXXegh7Zsw,reels ki rani 😁#shorts #funny,"Jun 5, 2024",48,0:00:00
2026-01-02,yCXXegh7Zsw,reels ki rani 😁#shorts #funny,"Jun 5, 2024",48,0:00:00
2026-01-03,yCXXegh7Zsw,reels ki rani 😁#shorts #funny,"Jun 5, 2024",48,0:00:00
2026-01-04,yCXXegh7Zsw,reels ki rani 😁#shorts #funny,"Jun 5, 2024",48,0:00:00
2026-01-05,yCXXegh7Zsw,reels ki rani 😁#shorts #funny,"Jun 5, 2024",48,0:00:00
2026-01-06,yCXXegh7Zsw,reels ki rani 😁#shorts #funny,"Jun 5, 2024",48,0:00:00
2026-01-07,yCXXegh7Zsw,reels ki rani 😁#shorts #funny,"Jun 5, 2024",48,0:00:00
2026-01-08,yCXXegh7Zsw,reels ki rani 😁#shorts #funny,"Jun 5, 2024",48,0:00:00
2026-01-09,yCXXegh7Zsw,reels ki rani 😁#shorts #funny,"Jun 5, 2024",48,0:00:00
2026-01-10,yCXXegh7Zsw,reels ki rani 😁#shorts #funny,"Jun 5, 2024",48,0:00:00
2026-01-11,yCXXegh7Zsw,reels ki rani 😁#shorts #funny,"Jun 5, 2024",48,0:00:00
2026-01-12,yCXXegh7Zsw,reels ki rani 😁#shorts #funny,"Jun 5, 2024",48,0:00:00
2026-01-13,yCXXegh7Zsw,reels ki rani 😁#shorts #funny,"Jun 5, 2024",48,0:00:00
2026-01-14,yCXXegh7Zsw,reels ki rani 😁#shorts #funny,"Jun 5, 2024",48,0:00:00
2026-01-15,yCXXegh7Zsw,reels ki rani 😁#shorts #funny,"Jun 5, 2024",48,0:00:00
2026-01-16,yCXXegh7Zsw,reels ki rani 😁#shorts #funny,"Jun 5, 2024",48,0:00:00
2026-01-17,yCXXegh7Zsw,reels ki rani 😁#shorts #funny,"Jun 5, 2024",48,0:00:00
2026-01-18,yCXXegh7Zsw,reels ki rani 😁#shorts #funny,"Jun 5, 2024",48,0:00:00
2026-01-19,yCXXegh7Zsw,reels ki rani 😁#shorts #funny,"Jun 5, 2024",48,0:00:00
2026-01-20,yCXXegh7Zsw,reels ki rani 😁#shorts #funny,"Jun 5, 2024",48,0:00:00
2026-01-21,yCXXegh7Zsw,reels ki rani 😁#shorts #funny,"Jun 5, 2024",48,0:00:00
2026-01-22,yCXXegh7Zsw,reels ki rani 😁#shorts #funny,"Jun 5, 2024",48,0:00:00
2026-01-23,yCXXegh7Zsw,reels ki rani 😁#shorts #funny,"Jun 5, 2024",48,0:00:00
2026-01-24,yCXXegh7Zsw,reels ki rani 😁#shorts #funny,"Jun 5, 2024",48,0:00:00
2026-01-25,yCXXegh7Zsw,reels ki rani 😁#shorts #funny,"Jun 5, 2024",48,0:00:00
2026-01-26,yCXXegh7Zsw,reels ki rani 😁#shorts #funny,"Jun 5, 2024",48,0:00:00
2026-01-27,yCXXegh7Zsw,reels ki rani 😁#shorts #funny,"Jun 5, 2024",48,0:00:00
2026-01-28,yCXXegh7Zsw,reels ki rani 😁#shorts #funny,"Jun 5, 2024",48,0:00:00
2026-01-29,yCXXegh7Zsw,reels ki rani 😁#shorts #funny,"Jun 5, 2024",48,0:00:00
2026-01-30,yCXXegh7Zsw,reels ki rani 😁#shorts #funny,"Jun 5, 2024",48,0:00:00
2026-01-31,yCXXegh7Zsw,reels ki rani 😁#shorts #funny,"Jun 5, 2024",48,0:00:00
2026-02-01,yCXXegh7Zsw,reels ki rani 😁#shorts #funny,"Jun 5, 2024",48,0:00:00
2026-02-02,yCXXegh7Zsw,reels ki rani 😁#shorts #funny,"Jun 5, 2024",48,0:00:00
2026-02-03,yCXXegh7Zsw,reels ki rani 😁#shorts #funny,"Jun 5, 2024",48,0:00:00
2026-02-04,yCXXegh7Zsw,reels ki rani 😁#shorts #funny,"Jun 5, 2024",48,0:00:00
2026-02-05,yCXXegh7Zsw,reels ki rani 😁#shorts #funny,"Jun 5, 2024",48,0:00:00
2026-02-06,yCXXegh7Zsw,reels ki rani 😁#shorts #funny,"Jun 5, 2024",48,0:00:00
2026-02-07,yCXXegh7Zsw,reels ki rani 😁#shorts #funny,"Jun 5, 2024",48,0:00:00
2026-02-08,yCXXegh7Zsw,reels ki rani 😁#shorts #funny,"Jun 5, 2024",48,0:00:00
2026-02-09,yCXXegh7Zsw,reels ki rani 😁#shorts #funny,"Jun 5, 2024",48,0:00:00
2026-02-10,yCXXegh7Zsw,reels ki rani 😁#shorts #funny,"Jun 5, 2024",48,0:00:00
2026-02-11,yCXXegh7Zsw,reels ki rani 😁#shorts #funny,"Jun 5, 2024",48,0:00:00
2026-02-12,yCXXegh7Zsw,reels ki rani 😁#shorts #funny,"Jun 5, 2024",48,0:00:00
2026-02-13,yCXXegh7Zsw,reels ki rani 😁#shorts #funny,"Jun 5, 2024",48,0:00:00
2026-02-14,yCXXegh7Zsw,reels ki rani 😁#shorts #funny,"Jun 5, 2024",48,0:00:00
2026-02-15,yCXXegh7Zsw,reels ki rani 😁#shorts #funny,"Jun 5, 2024",48,0:00:00
2026-02-16,yCXXegh7Zsw,reels ki rani 😁#shorts #funny,"Jun 5, 2024",48,0:00:00
2026-02-17,yCXXegh7Zsw,reels ki rani 😁#shorts #funny,"Jun 5, 2024",48,0:00:00
2026-02-18,yCXXegh7Zsw,reels ki rani 😁#shorts #funny,"Jun 5, 2024",48,0:00:00
2026-02-19,yCXXegh7Zsw,reels ki rani 😁#shorts #funny,"Jun 5, 2024",48,0:00:00
2026-02-20,yCXXegh7Zsw,reels ki rani 😁#shorts #funny,"Jun 5, 2024",48,0:00:00
2026-02-21,yCXXegh7Zsw,reels ki rani 😁#shorts #funny,"Jun 5, 2024",48,0:00:00
2026-02-22,yCXXegh7Zsw,reels ki rani 😁#shorts #funny,"Jun 5, 2024",48,0:00:00
2026-02-23,yCXXegh7Zsw,reels ki rani 😁#shorts #funny,"Jun 5, 2024",48,0:00:00
2026-02-24,yCXXegh7Zsw,reels ki rani 😁#shorts #funny,"Jun 5, 2024",48,0:00:00
2026-02-25,yCXXegh7Zsw,reels ki rani 😁#shorts #funny,"Jun 5, 2024",48,0:00:00
2026-02-26,yCXXegh7Zsw,reels ki rani 😁#shorts #funny,"Jun 5, 2024",48,0:00:00
2026-02-27,yCXXegh7Zsw,reels ki rani 😁#shorts #funny,"Jun 5, 2024",48,0:00:00
2026-02-28,yCXXegh7Zsw,reels ki rani 😁#shorts #funny,"Jun 5, 2024",48,0:00:00
2026-03-01,yCXXegh7Zsw,reels ki rani 😁#shorts #funny,"Jun 5, 2024",48,0:00:00
2026-03-02,yCXXegh7Zsw,reels ki rani 😁#shorts #funny,"Jun 5, 2024",48,0:00:00
2026-03-03,yCXXegh7Zsw,reels ki rani 😁#shorts #funny,"Jun 5, 2024",48,0:00:00
2026-03-04,yCXXegh7Zsw,reels ki rani 😁#shorts #funny,"Jun 5, 2024",48,0:00:00
2026-03-05,yCXXegh7Zsw,reels ki rani 😁#shorts #funny,"Jun 5, 2024",48,0:00:00
2026-03-06,yCXXegh7Zsw,reels ki rani 😁#shorts #funny,"Jun 5, 2024",48,0:00:00
2026-03-07,yCXXegh7Zsw,reels ki rani 😁#shorts #funny,"Jun 5, 2024",48,0:00:00
2026-03-08,yCXXegh7Zsw,reels ki rani 😁#shorts #funny,"Jun 5, 2024",48,0:00:00
2026-03-09,yCXXegh7Zsw,reels ki rani 😁#shorts #funny,"Jun 5, 2024",48,0:00:00
2026-03-10,yCXXegh7Zsw,reels ki rani 😁#shorts #funny,"Jun 5, 2024",48,0:00:00
2026-03-11,yCXXegh7Zsw,reels ki rani 😁#shorts #funny,"Jun 5, 2024",48,0:00:00
2026-03-12,yCXXegh7Zsw,reels ki rani 😁#shorts #funny,"Jun 5, 2024",48,0:00:00
2026-03-13,yCXXegh7Zsw,reels ki rani 😁#shorts #funny,"Jun 5, 2024",48,0:00:00
2026-03-14,yCXXegh7Zsw,reels ki rani 😁#shorts #funny,"Jun 5, 2024",48,0:00:00
2026-03-15,yCXXegh7Zsw,reels ki rani 😁#shorts #funny,"Jun 5, 2024",48,0:00:00
2026-03-16,yCXXegh7Zsw,reels ki rani 😁#shorts #funny,"Jun 5, 2024",48,0:00:00
2026-03-17,yCXXegh7Zsw,reels ki rani 😁#shorts #funny,"Jun 5, 2024",48,0:00:00
2026-03-18,yCXXegh7Zsw,reels ki rani 😁#shorts #funny,"Jun 5, 2024",48,0:00:00
2026-03-19,yCXXegh7Zsw,reels ki rani 😁#shorts #funny,"Jun 5, 2024",48,0:00:00
2026-03-20,yCXXegh7Zsw,reels ki rani 😁#shorts #funny,"Jun 5, 2024",48,0:00:00
2026-03-21,yCXXegh7Zsw,reels ki rani 😁#shorts #funny,"Jun 5, 2024",48,0:00:00
2026-03-22,yCXXegh7Zsw,reels ki rani 😁#shorts #funny,"Jun 5, 2024",48,0:00:00
2026-03-23,yCXXegh7Zsw,reels ki rani 😁#shorts #funny,"Jun 5, 2024",48,0:00:00
2026-03-24,yCXXegh7Zsw,reels ki rani 😁#shorts #funny,"Jun 5, 2024",48,0:00:00
2026-03-25,yCXXegh7Zsw,reels ki rani 😁#shorts #funny,"Jun 5, 2024",48,0:00:00
2026-03-26,yCXXegh7Zsw,reels ki rani 😁#shorts #funny,"Jun 5, 2024",48,0:00:00
2026-03-27,yCXXegh7Zsw,reels ki rani 😁#shorts #funny,"Jun 5, 2024",48,0:00:00
2026-03-28,yCXXegh7Zsw,reels ki rani 😁#shorts #funny,"Jun 5, 2024",48,0:00:00
2026-03-29,yCXXegh7Zsw,reels ki rani 😁#shorts #funny,"Jun 5, 2024",48,0:00:00
2026-03-30,yCXXegh7Zsw,reels ki rani 😁#shorts #funny,"Jun 5, 2024",48,0:00:00
2026-03-31,yCXXegh7Zsw,reels ki rani 😁#shorts #funny,"Jun 5, 2024",48,0:00:00
2026-04-01,yCXXegh7Zsw,reels ki rani 😁#shorts #funny,"Jun 5, 2024",48,0:00:00
2026-04-02,yCXXegh7Zsw,reels ki rani 😁#shorts #funny,"Jun 5, 2024",48,0:00:00
2026-04-03,yCXXegh7Zsw,reels ki rani 😁#shorts #funny,"Jun 5, 2024",48,0:00:00
2026-04-04,yCXXegh7Zsw,reels ki rani 😁#shorts #funny,"Jun 5, 2024",48,0:00:00
2026-04-05,yCXXegh7Zsw,reels ki rani 😁#shorts #funny,"Jun 5, 2024",48,0:00:00
2026-04-06,yCXXegh7Zsw,reels ki rani 😁#shorts #funny,"Jun 5, 2024",48,0:00:00
2026-04-07,yCXXegh7Zsw,reels ki rani 😁#shorts #funny,"Jun 5, 2024",48,0:00:00
2026-04-08,yCXXegh7Zsw,reels ki rani 😁#shorts #funny,"Jun 5, 2024",48,0:00:00
2026-04-09,yCXXegh7Zsw,reels ki rani 😁#shorts #funny,"Jun 5, 2024",48,0:00:00
2026-04-10,yCXXegh7Zsw,reels ki rani 😁#shorts #funny,"Jun 5, 2024",48,0:00:00
2026-04-11,yCXXegh7Zsw,reels ki rani 😁#shorts #funny,"Jun 5, 2024",48,0:00:00
2026-04-12,yCXXegh7Zsw,reels ki rani 😁#shorts #funny,"Jun 5, 2024",48,0:00:00
2026-04-13,yCXXegh7Zsw,reels ki rani 😁#shorts #funny,"Jun 5, 2024",48,0:00:00
2026-04-14,yCXXegh7Zsw,reels ki rani 😁#shorts #funny,"Jun 5, 2024",48,0:00:00
2026-04-15,yCXXegh7Zsw,reels ki rani 😁#shorts #funny,"Jun 5, 2024",48,0:00:00
2026-04-16,yCXXegh7Zsw,reels ki rani 😁#shorts #funny,"Jun 5, 2024",48,0:00:00
2026-04-17,yCXXegh7Zsw,reels ki rani 😁#shorts #funny,"Jun 5, 2024",48,0:00:00
2026-04-18,yCXXegh7Zsw,reels ki rani 😁#shorts #funny,"Jun 5, 2024",48,0:00:00
2026-04-19,yCXXegh7Zsw,reels ki rani 😁#shorts #funny,"Jun 5, 2024",48,0:00:00
2026-04-20,yCXXegh7Zsw,reels ki rani 😁#shorts #funny,"Jun 5, 2024",48,0:00:00
2026-04-21,yCXXegh7Zsw,reels ki rani 😁#shorts #funny,"Jun 5, 2024",48,0:00:00
2026-04-22,yCXXegh7Zsw,reels ki rani 😁#shorts #funny,"Jun 5, 2024",48,0:00:00
2026-04-23,yCXXegh7Zsw,reels ki rani 😁#shorts #funny,"Jun 5, 2024",48,0:00:00
2026-04-24,yCXXegh7Zsw,reels ki rani 😁#shorts #funny,"Jun 5, 2024",48,0:00:00
2026-04-25,yCXXegh7Zsw,reels ki rani 😁#shorts #funny,"Jun 5, 2024",48,0:00:00
2026-04-26,yCXXegh7Zsw,reels ki rani 😁#shorts #funny,"Jun 5, 2024",48,0:00:00
2026-04-27,yCXXegh7Zsw,reels ki rani 😁#shorts #funny,"Jun 5, 2024",48,0:00:00
2026-04-28,yCXXegh7Zsw,reels ki rani 😁#shorts #funny,"Jun 5, 2024",48,0:00:00
2026-04-29,yCXXegh7Zsw,reels ki rani 😁#shorts #funny,"Jun 5, 2024",48,0:00:00
2026-04-30,yCXXegh7Zsw,reels ki rani 😁#shorts #funny,"Jun 5, 2024",48,0:00:00
2026-05-01,yCXXegh7Zsw,reels ki rani 😁#shorts #funny,"Jun 5, 2024",48,0:00:00
2026-05-02,yCXXegh7Zsw,reels ki rani 😁#shorts #funny,"Jun 5, 2024",48,0:00:00
2026-05-03,yCXXegh7Zsw,reels ki rani 😁#shorts #funny,"Jun 5, 2024",48,0:00:00
2026-05-04,yCXXegh7Zsw,reels ki rani 😁#shorts #funny,"Jun 5, 2024",48,0:00:00
2026-05-05,yCXXegh7Zsw,reels ki rani 😁#shorts #funny,"Jun 5, 2024",48,0:00:00
2026-05-06,yCXXegh7Zsw,reels ki rani 😁#shorts #funny,"Jun 5, 2024",48,0:00:00
2026-05-07,yCXXegh7Zsw,reels ki rani 😁#shorts #funny,"Jun 5, 2024",48,0:00:00
2026-05-08,yCXXegh7Zsw,reels ki rani 😁#shorts #funny,"Jun 5, 2024",48,0:00:00
2026-05-09,yCXXegh7Zsw,reels ki rani 😁#shorts #funny,"Jun 5, 2024",48,0:00:00
2026-05-10,yCXXegh7Zsw,reels ki rani 😁#shorts #funny,"Jun 5, 2024",48,0:00:00
2026-05-11,yCXXegh7Zsw,reels ki rani 😁#shorts #funny,"Jun 5, 2024",48,0:00:00
2026-05-12,yCXXegh7Zsw,reels ki rani 😁#shorts #funny,"Jun 5, 2024",48,0:00:00
2026-05-13,yCXXegh7Zsw,reels ki rani 😁#shorts #funny,"Jun 5, 2024",48,0:00:00
2026-05-14,yCXXegh7Zsw,reels ki rani 😁#shorts #funny,"Jun 5, 2024",48,0:00:00
2026-05-15,yCXXegh7Zsw,reels ki rani 😁#shorts #funny,"Jun 5, 2024",48,0:00:00
2026-05-16,yCXXegh7Zsw,reels ki rani 😁#shorts #funny,"Jun 5, 2024",48,0:00:00
2026-05-17,yCXXegh7Zsw,reels ki rani 😁#shorts #funny,"Jun 5, 2024",48,0:00:00
2026-05-18,yCXXegh7Zsw,reels ki rani 😁#shorts #funny,"Jun 5, 2024",48,0:00:00
2026-05-19,yCXXegh7Zsw,reels ki rani 😁#shorts #funny,"Jun 5, 2024",48,0:00:00
2026-05-20,yCXXegh7Zsw,reels ki rani 😁#shorts #funny,"Jun 5, 2024",48,0:00:00
2026-05-21,yCXXegh7Zsw,reels ki rani 😁#shorts #funny,"Jun 5, 2024",48,0:00:00
2026-05-22,yCXXegh7Zsw,reels ki rani 😁#shorts #funny,"Jun 5, 2024",48,0:00:00
2026-05-23,yCXXegh7Zsw,reels ki rani 😁#shorts #funny,"Jun 5, 2024",48,0:00:00
2026-05-24,yCXXegh7Zsw,reels ki rani 😁#shorts #funny,"Jun 5, 2024",48,0:00:00
2026-05-25,yCXXegh7Zsw,reels ki rani 😁#shorts #funny,"Jun 5, 2024",48,0:00:00
2026-05-26,yCXXegh7Zsw,reels ki rani 😁#shorts #funny,"Jun 5, 2024",48,0:00:00
2026-05-27,yCXXegh7Zsw,reels ki rani 😁#shorts #funny,"Jun 5, 2024",48,0:00:00
2026-05-28,yCXXegh7Zsw,reels ki rani 😁#shorts #funny,"Jun 5, 2024",48,0:00:00
2026-05-29,yCXXegh7Zsw,reels ki rani 😁#shorts #funny,"Jun 5, 2024",48,0:00:00
2026-05-30,yCXXegh7Zsw,reels ki rani 😁#shorts #funny,"Jun 5, 2024",48,0:00:00
2026-05-31,yCXXegh7Zsw,reels ki rani 😁#shorts #funny,"Jun 5, 2024",48,0:00:00
2026-06-01,yCXXegh7Zsw,reels ki rani 😁#shorts #funny,"Jun 5, 2024",48,0:00:00
2026-06-02,yCXXegh7Zsw,reels ki rani 😁#shorts #funny,"Jun 5, 2024",48,0:00:00
2026-06-03,yCXXegh7Zsw,reels ki rani 😁#shorts #funny,"Jun 5, 2024",48,0:00:00
2026-06-04,yCXXegh7Zsw,reels ki rani 😁#shorts #funny,"Jun 5, 2024",48,0:00:00
2026-06-05,yCXXegh7Zsw,reels ki rani 😁#shorts #funny,"Jun 5, 2024",48,0:00:00
2026-06-06,yCXXegh7Zsw,reels ki rani 😁#shorts #funny,"Jun 5, 2024",48,0:00:00
2026-06-07,yCXXegh7Zsw,reels ki rani 😁#shorts #funny,"Jun 5, 2024",48,0:00:00
2026-06-08,yCXXegh7Zsw,reels ki rani 😁#shorts #funny,"Jun 5, 2024",48,0:00:00
2026-06-09,yCXXegh7Zsw,reels ki rani 😁#shorts #funny,"Jun 5, 2024",48,0:00:00
2026-06-10,yCXXegh7Zsw,reels ki rani 😁#shorts #funny,"Jun 5, 2024",48,0:00:00
2026-06-11,yCXXegh7Zsw,reels ki rani 😁#shorts #funny,"Jun 5, 2024",48,0:00:00
2026-06-12,yCXXegh7Zsw,reels ki rani 😁#shorts #funny,"Jun 5, 2024",48,0:00:00
2026-06-13,yCXXegh7Zsw,reels ki rani 😁#shorts #funny,"Jun 5, 2024",48,0:00:00
2026-06-14,yCXXegh7Zsw,reels ki rani 😁#shorts #funny,"Jun 5, 2024",48,0:00:00
2026-06-15,yCXXegh7Zsw,reels ki rani 😁#shorts #funny,"Jun 5, 2024",48,0:00:00
2026-06-16,yCXXegh7Zsw,reels ki rani 😁#shorts #funny,"Jun 5, 2024",48,0:00:00
2026-06-17,yCXXegh7Zsw,reels ki rani 😁#shorts #funny,"Jun 5, 2024",48,0:00:00
2026-06-18,yCXXegh7Zsw,reels ki rani 😁#shorts #funny,"Jun 5, 2024",48,0:00:00
2026-06-19,yCXXegh7Zsw,reels ki rani 😁#shorts #funny,"Jun 5, 2024",48,0:00:00
2026-06-20,yCXXegh7Zsw,reels ki rani 😁#shorts #funny,"Jun 5, 2024",48,0:00:00
2026-06-21,yCXXegh7Zsw,reels ki rani 😁#shorts #funny,"Jun 5, 2024",48,0:00:00
2026-06-22,yCXXegh7Zsw,reels ki rani 😁#shorts #funny,"Jun 5, 2024",48,0:00:00
2026-06-23,yCXXegh7Zsw,reels ki rani 😁#shorts #funny,"Jun 5, 2024",48,0:00:00
2026-06-24,yCXXegh7Zsw,reels ki rani 😁#shorts #funny,"Jun 5, 2024",48,0:00:00
